player,madden,field,from,to
Ja'Marr Chase,Ja'Marr Chase,speed,99,96
Ja'Marr Chase,Ja'Marr Chase,power,98,93
Ja'Marr Chase,Ja'Marr Chase,agility,95,92
Ja'Marr Chase,Ja'Marr Chase,burst,99,95
Ja'Marr Chase,Ja'Marr Chase,intelligence,85,90
Ja'Marr Chase,Ja'Marr Chase,tackle,0,5
Ja'Marr Chase,Ja'Marr Chase,manCover,0,5
Ja'Marr Chase,Ja'Marr Chase,zoneCover,0,5
Ja'Marr Chase,Ja'Marr Chase,catching,96,98
Ja'Marr Chase,Ja'Marr Chase,routeRun,95,97
Puka Nacua,Puka Nacua,speed,95,93
Puka Nacua,Puka Nacua,power,94,89
Puka Nacua,Puka Nacua,agility,90,92
Puka Nacua,Puka Nacua,burst,94,92
Puka Nacua,Puka Nacua,intelligence,78,83
Puka Nacua,Puka Nacua,tackle,0,5
Puka Nacua,Puka Nacua,manCover,0,5
Puka Nacua,Puka Nacua,zoneCover,0,5
Puka Nacua,Puka Nacua,routeRun,97,95
Bijan Robinson,Bijan Robinson,speed,98,93
Bijan Robinson,Bijan Robinson,power,90,85
Bijan Robinson,Bijan Robinson,agility,99,94
Bijan Robinson,Bijan Robinson,burst,99,94
Bijan Robinson,Bijan Robinson,intelligence,93,89
Bijan Robinson,Bijan Robinson,tackle,0,5
Bijan Robinson,Bijan Robinson,manCover,0,5
Bijan Robinson,Bijan Robinson,zoneCover,0,5
Bijan Robinson,Bijan Robinson,catching,92,87
Bijan Robinson,Bijan Robinson,routeRun,95,90
Lamar Jackson,Lamar Jackson,speed,99,95
Lamar Jackson,Lamar Jackson,power,82,77
Lamar Jackson,Lamar Jackson,agility,98,93
Lamar Jackson,Lamar Jackson,burst,99,94
Lamar Jackson,Lamar Jackson,intelligence,87,92
Lamar Jackson,Lamar Jackson,tackle,0,5
Lamar Jackson,Lamar Jackson,manCover,0,5
Lamar Jackson,Lamar Jackson,zoneCover,0,5
Lamar Jackson,Lamar Jackson,catching,0,5
Lamar Jackson,Lamar Jackson,routeRun,0,5
Dexter Lawrence,Dexter Lawrence II,power,98,97
Dexter Lawrence,Dexter Lawrence II,agility,81,76
Dexter Lawrence,Dexter Lawrence II,burst,91,86
Dexter Lawrence,Dexter Lawrence II,intelligence,81,86
Dexter Lawrence,Dexter Lawrence II,tackle,82,87
Dexter Lawrence,Dexter Lawrence II,manCover,0,5
Dexter Lawrence,Dexter Lawrence II,zoneCover,0,5
Dexter Lawrence,Dexter Lawrence II,catching,0,5
Dexter Lawrence,Dexter Lawrence II,routeRun,0,5
Derwin James,Derwin James Jr,speed,92,90
Derwin James,Derwin James Jr,power,93,88
Derwin James,Derwin James Jr,agility,88,87
Derwin James,Derwin James Jr,burst,88,91
Derwin James,Derwin James Jr,intelligence,88,93
Derwin James,Derwin James Jr,tackle,95,90
Derwin James,Derwin James Jr,manCover,94,89
Derwin James,Derwin James Jr,zoneCover,94,89
Derwin James,Derwin James Jr,catching,0,5
Derwin James,Derwin James Jr,routeRun,0,5
Derek Stingley Jr.,Derek Stingley Jr,speed,96,93
Derek Stingley Jr.,Derek Stingley Jr,power,93,88
Derek Stingley Jr.,Derek Stingley Jr,agility,90,94
Derek Stingley Jr.,Derek Stingley Jr,burst,97,93
Derek Stingley Jr.,Derek Stingley Jr,intelligence,90,95
Derek Stingley Jr.,Derek Stingley Jr,tackle,78,73
Derek Stingley Jr.,Derek Stingley Jr,manCover,96,91
Derek Stingley Jr.,Derek Stingley Jr,zoneCover,97,93
Derek Stingley Jr.,Derek Stingley Jr,catching,0,5
Derek Stingley Jr.,Derek Stingley Jr,routeRun,0,5
Jordan Mailata,Jordan Mailata,speed,83,78
Jordan Mailata,Jordan Mailata,power,90,95
Jordan Mailata,Jordan Mailata,agility,98,93
Jordan Mailata,Jordan Mailata,burst,86,81
Jordan Mailata,Jordan Mailata,intelligence,88,93
Jordan Mailata,Jordan Mailata,tackle,0,5
Jordan Mailata,Jordan Mailata,manCover,0,5
Jordan Mailata,Jordan Mailata,zoneCover,0,5
Jordan Mailata,Jordan Mailata,catching,0,5
Jordan Mailata,Jordan Mailata,routeRun,0,5
Sauce Gardner,Sauce Gardner,speed,93,92
Sauce Gardner,Sauce Gardner,power,87,82
Sauce Gardner,Sauce Gardner,agility,96,91
Sauce Gardner,Sauce Gardner,burst,93,94
Sauce Gardner,Sauce Gardner,intelligence,84,86
Sauce Gardner,Sauce Gardner,tackle,87,82
Sauce Gardner,Sauce Gardner,manCover,98,93
Sauce Gardner,Sauce Gardner,zoneCover,97,92
Sauce Gardner,Sauce Gardner,catching,0,5
Sauce Gardner,Sauce Gardner,routeRun,0,5
Dion Dawkins,Dion Dawkins,speed,87,82
Dion Dawkins,Dion Dawkins,power,88,92
Dion Dawkins,Dion Dawkins,agility,82,78
Dion Dawkins,Dion Dawkins,burst,88,83
Dion Dawkins,Dion Dawkins,intelligence,85,90
Dion Dawkins,Dion Dawkins,tackle,0,5
Dion Dawkins,Dion Dawkins,manCover,0,5
Dion Dawkins,Dion Dawkins,zoneCover,0,5
Dion Dawkins,Dion Dawkins,catching,0,5
Dion Dawkins,Dion Dawkins,routeRun,0,5
Tee Higgins,Tee Higgins,speed,82,87
Tee Higgins,Tee Higgins,power,84,79
Tee Higgins,Tee Higgins,agility,78,83
Tee Higgins,Tee Higgins,burst,89,87
Tee Higgins,Tee Higgins,intelligence,93,94
Tee Higgins,Tee Higgins,tackle,0,5
Tee Higgins,Tee Higgins,manCover,0,5
Tee Higgins,Tee Higgins,zoneCover,0,5
Tee Higgins,Tee Higgins,catching,95,96
Tee Higgins,Tee Higgins,routeRun,89,84
Kamari Lassiter,Kamari Lassiter,speed,88,92
Kamari Lassiter,Kamari Lassiter,power,81,76
Kamari Lassiter,Kamari Lassiter,agility,84,89
Kamari Lassiter,Kamari Lassiter,burst,87,90
Kamari Lassiter,Kamari Lassiter,intelligence,87,91
Kamari Lassiter,Kamari Lassiter,tackle,82,77
Kamari Lassiter,Kamari Lassiter,manCover,89,84
Kamari Lassiter,Kamari Lassiter,zoneCover,91,88
Kamari Lassiter,Kamari Lassiter,catching,0,5
Kamari Lassiter,Kamari Lassiter,routeRun,0,5
Sam Cosmi,Sam Cosmi,speed,84,79
Sam Cosmi,Sam Cosmi,power,85,87
Sam Cosmi,Sam Cosmi,agility,84,79
Sam Cosmi,Sam Cosmi,burst,84,80
Sam Cosmi,Sam Cosmi,intelligence,93,88
Sam Cosmi,Sam Cosmi,tackle,0,5
Sam Cosmi,Sam Cosmi,manCover,0,5
Sam Cosmi,Sam Cosmi,zoneCover,0,5
Sam Cosmi,Sam Cosmi,catching,0,5
Sam Cosmi,Sam Cosmi,routeRun,0,5
Ronnie Stanley,Ronnie Stanley,speed,77,72
Ronnie Stanley,Ronnie Stanley,power,85,90
Ronnie Stanley,Ronnie Stanley,agility,94,89
Ronnie Stanley,Ronnie Stanley,burst,95,90
Ronnie Stanley,Ronnie Stanley,intelligence,81,86
Ronnie Stanley,Ronnie Stanley,tackle,0,5
Ronnie Stanley,Ronnie Stanley,manCover,0,5
Ronnie Stanley,Ronnie Stanley,zoneCover,0,5
Ronnie Stanley,Ronnie Stanley,catching,0,5
Ronnie Stanley,Ronnie Stanley,routeRun,0,5
Malik Nabers,Malik Nabers,speed,92,96
Malik Nabers,Malik Nabers,power,93,88
Malik Nabers,Malik Nabers,burst,93,92
Malik Nabers,Malik Nabers,intelligence,85,81
Malik Nabers,Malik Nabers,tackle,0,5
Malik Nabers,Malik Nabers,manCover,0,5
Malik Nabers,Malik Nabers,zoneCover,0,5
Malik Nabers,Malik Nabers,catching,80,85
Malik Nabers,Malik Nabers,routeRun,93,88
Marlon Humphrey,Marlon Humphrey,speed,88,91
Marlon Humphrey,Marlon Humphrey,power,89,84
Marlon Humphrey,Marlon Humphrey,agility,86,85
Marlon Humphrey,Marlon Humphrey,burst,82,87
Marlon Humphrey,Marlon Humphrey,intelligence,90,88
Marlon Humphrey,Marlon Humphrey,tackle,93,88
Marlon Humphrey,Marlon Humphrey,catching,0,5
Marlon Humphrey,Marlon Humphrey,routeRun,0,5
Alex Singleton,Alex Singleton,speed,93,88
Alex Singleton,Alex Singleton,power,88,83
Alex Singleton,Alex Singleton,agility,89,84
Alex Singleton,Alex Singleton,burst,89,85
Alex Singleton,Alex Singleton,intelligence,88,93
Alex Singleton,Alex Singleton,tackle,89,93
Alex Singleton,Alex Singleton,manCover,83,78
Alex Singleton,Alex Singleton,zoneCover,81,76
Alex Singleton,Alex Singleton,catching,0,5
Alex Singleton,Alex Singleton,routeRun,0,5
Robert Spillane,Robert Spillane,speed,78,83
Robert Spillane,Robert Spillane,power,85,80
Robert Spillane,Robert Spillane,agility,81,77
Robert Spillane,Robert Spillane,burst,88,85
Robert Spillane,Robert Spillane,intelligence,90,94
Robert Spillane,Robert Spillane,tackle,90,88
Robert Spillane,Robert Spillane,manCover,79,74
Robert Spillane,Robert Spillane,zoneCover,90,85
Robert Spillane,Robert Spillane,catching,0,5
Robert Spillane,Robert Spillane,routeRun,0,5
Tyler Warren,Tyler Warren,speed,87,84
Tyler Warren,Tyler Warren,power,83,80
Tyler Warren,Tyler Warren,agility,92,87
Tyler Warren,Tyler Warren,burst,82,87
Tyler Warren,Tyler Warren,intelligence,91,86
Tyler Warren,Tyler Warren,tackle,0,5
Tyler Warren,Tyler Warren,manCover,0,5
Tyler Warren,Tyler Warren,zoneCover,0,5
Tyler Warren,Tyler Warren,routeRun,88,83
Ladd McConkey,Ladd McConkey,speed,90,92
Ladd McConkey,Ladd McConkey,power,85,80
Ladd McConkey,Ladd McConkey,agility,80,85
Ladd McConkey,Ladd McConkey,burst,92,94
Ladd McConkey,Ladd McConkey,intelligence,80,85
Ladd McConkey,Ladd McConkey,tackle,0,5
Ladd McConkey,Ladd McConkey,manCover,0,5
Ladd McConkey,Ladd McConkey,zoneCover,0,5
Ladd McConkey,Ladd McConkey,catching,90,89
Ladd McConkey,Ladd McConkey,routeRun,90,85
Zach Charbonnet,Zach Charbonnet,speed,80,85
Zach Charbonnet,Zach Charbonnet,power,93,88
Zach Charbonnet,Zach Charbonnet,agility,83,82
Zach Charbonnet,Zach Charbonnet,burst,93,89
Zach Charbonnet,Zach Charbonnet,intelligence,78,83
Zach Charbonnet,Zach Charbonnet,tackle,0,5
Zach Charbonnet,Zach Charbonnet,manCover,0,5
Zach Charbonnet,Zach Charbonnet,zoneCover,0,5
Zach Charbonnet,Zach Charbonnet,catching,85,80
Zach Charbonnet,Zach Charbonnet,routeRun,82,77
Nate Wiggins,Nate Wiggins,speed,88,93
Nate Wiggins,Nate Wiggins,power,81,76
Nate Wiggins,Nate Wiggins,agility,93,92
Nate Wiggins,Nate Wiggins,burst,85,90
Nate Wiggins,Nate Wiggins,intelligence,95,90
Nate Wiggins,Nate Wiggins,tackle,80,75
Nate Wiggins,Nate Wiggins,manCover,93,88
Nate Wiggins,Nate Wiggins,zoneCover,83,78
Nate Wiggins,Nate Wiggins,catching,0,5
Nate Wiggins,Nate Wiggins,routeRun,0,5
Mike McGlinchey,Mike McGlinchey,speed,79,74
Mike McGlinchey,Mike McGlinchey,agility,80,75
Mike McGlinchey,Mike McGlinchey,burst,80,75
Mike McGlinchey,Mike McGlinchey,intelligence,84,89
Mike McGlinchey,Mike McGlinchey,tackle,0,5
Mike McGlinchey,Mike McGlinchey,manCover,0,5
Mike McGlinchey,Mike McGlinchey,zoneCover,0,5
Mike McGlinchey,Mike McGlinchey,catching,0,5
Mike McGlinchey,Mike McGlinchey,routeRun,0,5
Braden Smith,Braden Smith,speed,77,72
Braden Smith,Braden Smith,power,83,88
Braden Smith,Braden Smith,agility,89,84
Braden Smith,Braden Smith,burst,94,89
Braden Smith,Braden Smith,intelligence,86,91
Braden Smith,Braden Smith,tackle,0,5
Braden Smith,Braden Smith,manCover,0,5
Braden Smith,Braden Smith,zoneCover,0,5
Braden Smith,Braden Smith,catching,0,5
Braden Smith,Braden Smith,routeRun,0,5
Jermaine Eluemunor,Jermaine Eluemunor,speed,90,85
Jermaine Eluemunor,Jermaine Eluemunor,power,83,88
Jermaine Eluemunor,Jermaine Eluemunor,agility,75,70
Jermaine Eluemunor,Jermaine Eluemunor,burst,87,82
Jermaine Eluemunor,Jermaine Eluemunor,intelligence,85,82
Jermaine Eluemunor,Jermaine Eluemunor,tackle,0,5
Jermaine Eluemunor,Jermaine Eluemunor,manCover,0,5
Jermaine Eluemunor,Jermaine Eluemunor,zoneCover,0,5
Jermaine Eluemunor,Jermaine Eluemunor,catching,0,5
Jermaine Eluemunor,Jermaine Eluemunor,routeRun,0,5
DeShon Elliott,DeShon Elliott,power,86,81
DeShon Elliott,DeShon Elliott,agility,85,80
DeShon Elliott,DeShon Elliott,burst,84,87
DeShon Elliott,DeShon Elliott,intelligence,77,82
DeShon Elliott,DeShon Elliott,tackle,82,84
DeShon Elliott,DeShon Elliott,manCover,93,88
DeShon Elliott,DeShon Elliott,catching,0,5
DeShon Elliott,DeShon Elliott,routeRun,0,5
Rashid Shaheed,Rashid Shaheed,speed,99,95
Rashid Shaheed,Rashid Shaheed,power,76,71
Rashid Shaheed,Rashid Shaheed,agility,87,90
Rashid Shaheed,Rashid Shaheed,burst,99,95
Rashid Shaheed,Rashid Shaheed,intelligence,80,75
Rashid Shaheed,Rashid Shaheed,tackle,0,5
Rashid Shaheed,Rashid Shaheed,manCover,0,5
Rashid Shaheed,Rashid Shaheed,zoneCover,0,5
Rashid Shaheed,Rashid Shaheed,catching,73,78
Rashid Shaheed,Rashid Shaheed,routeRun,74,79
Malaki Starks,Malaki Starks,speed,86,89
Malaki Starks,Malaki Starks,power,72,67
Malaki Starks,Malaki Starks,agility,83,88
Malaki Starks,Malaki Starks,burst,90,91
Malaki Starks,Malaki Starks,intelligence,92,87
Malaki Starks,Malaki Starks,tackle,74,76
Malaki Starks,Malaki Starks,manCover,83,78
Malaki Starks,Malaki Starks,zoneCover,88,83
Malaki Starks,Malaki Starks,catching,0,5
Malaki Starks,Malaki Starks,routeRun,0,5
Wil Lutz,Wil Lutz,speed,84,79
Wil Lutz,Wil Lutz,power,77,72
Wil Lutz,Wil Lutz,agility,93,88
Wil Lutz,Wil Lutz,burst,82,77
Wil Lutz,Wil Lutz,intelligence,86,81
Wil Lutz,Wil Lutz,tackle,0,5
Wil Lutz,Wil Lutz,manCover,0,5
Wil Lutz,Wil Lutz,zoneCover,0,5
Wil Lutz,Wil Lutz,catching,0,5
Wil Lutz,Wil Lutz,routeRun,0,5
Blake Corum,Blake Corum,speed,83,88
Blake Corum,Blake Corum,power,76,75
Blake Corum,Blake Corum,agility,81,86
Blake Corum,Blake Corum,burst,84,89
Blake Corum,Blake Corum,intelligence,86,81
Blake Corum,Blake Corum,tackle,0,5
Blake Corum,Blake Corum,manCover,0,5
Blake Corum,Blake Corum,zoneCover,0,5
Blake Corum,Blake Corum,catching,75,70
Blake Corum,Blake Corum,routeRun,81,76
Coleman Shelton,Coleman Shelton,speed,78,73
Coleman Shelton,Coleman Shelton,power,92,87
Coleman Shelton,Coleman Shelton,agility,74,69
Coleman Shelton,Coleman Shelton,burst,86,81
Coleman Shelton,Coleman Shelton,intelligence,86,88
Coleman Shelton,Coleman Shelton,tackle,0,5
Coleman Shelton,Coleman Shelton,manCover,0,5
Coleman Shelton,Coleman Shelton,zoneCover,0,5
Coleman Shelton,Coleman Shelton,catching,0,5
Coleman Shelton,Coleman Shelton,routeRun,0,5
Kayvon Thibodeaux,Kayvon Thibodeaux,speed,82,87
Kayvon Thibodeaux,Kayvon Thibodeaux,power,88,83
Kayvon Thibodeaux,Kayvon Thibodeaux,agility,75,80
Kayvon Thibodeaux,Kayvon Thibodeaux,burst,95,90
Kayvon Thibodeaux,Kayvon Thibodeaux,intelligence,87,82
Kayvon Thibodeaux,Kayvon Thibodeaux,tackle,75,80
Kayvon Thibodeaux,Kayvon Thibodeaux,manCover,0,5
Kayvon Thibodeaux,Kayvon Thibodeaux,zoneCover,0,5
Kayvon Thibodeaux,Kayvon Thibodeaux,catching,0,5
Kayvon Thibodeaux,Kayvon Thibodeaux,routeRun,0,5
Coby Bryant,Coby Bryant,speed,88,90
Coby Bryant,Coby Bryant,power,89,84
Coby Bryant,Coby Bryant,agility,75,80
Coby Bryant,Coby Bryant,burst,86,90
Coby Bryant,Coby Bryant,tackle,80,75
Coby Bryant,Coby Bryant,manCover,80,75
Coby Bryant,Coby Bryant,zoneCover,75,79
Coby Bryant,Coby Bryant,catching,0,5
Coby Bryant,Coby Bryant,routeRun,0,5
Anton Harrison,Anton Harrison,speed,90,85
Anton Harrison,Anton Harrison,power,79,82
Anton Harrison,Anton Harrison,agility,96,91
Anton Harrison,Anton Harrison,burst,90,85
Anton Harrison,Anton Harrison,intelligence,76,81
Anton Harrison,Anton Harrison,tackle,0,5
Anton Harrison,Anton Harrison,manCover,0,5
Anton Harrison,Anton Harrison,zoneCover,0,5
Anton Harrison,Anton Harrison,catching,0,5
Anton Harrison,Anton Harrison,routeRun,0,5
Dawson Knox,Dawson Knox,speed,80,85
Dawson Knox,Dawson Knox,power,92,87
Dawson Knox,Dawson Knox,agility,74,79
Dawson Knox,Dawson Knox,burst,77,82
Dawson Knox,Dawson Knox,intelligence,71,76
Dawson Knox,Dawson Knox,tackle,0,5
Dawson Knox,Dawson Knox,manCover,0,5
Dawson Knox,Dawson Knox,zoneCover,0,5
Dawson Knox,Dawson Knox,catching,81,83
Dawson Knox,Dawson Knox,routeRun,78,73
Garrett Bradbury,Garrett Bradbury,speed,83,78
Garrett Bradbury,Garrett Bradbury,power,88,90
Garrett Bradbury,Garrett Bradbury,agility,73,68
Garrett Bradbury,Garrett Bradbury,burst,77,80
Garrett Bradbury,Garrett Bradbury,intelligence,79,81
Garrett Bradbury,Garrett Bradbury,tackle,0,5
Garrett Bradbury,Garrett Bradbury,manCover,0,5
Garrett Bradbury,Garrett Bradbury,zoneCover,0,5
Garrett Bradbury,Garrett Bradbury,catching,0,5
Garrett Bradbury,Garrett Bradbury,routeRun,0,5
Ivan Pace Jr.,Ivan Pace Jr,speed,93,88
Ivan Pace Jr.,Ivan Pace Jr,power,83,78
Ivan Pace Jr.,Ivan Pace Jr,agility,85,80
Ivan Pace Jr.,Ivan Pace Jr,burst,69,74
Ivan Pace Jr.,Ivan Pace Jr,intelligence,74,75
Ivan Pace Jr.,Ivan Pace Jr,tackle,74,79
Ivan Pace Jr.,Ivan Pace Jr,manCover,80,75
Ivan Pace Jr.,Ivan Pace Jr,zoneCover,79,74
Ivan Pace Jr.,Ivan Pace Jr,catching,0,5
Ivan Pace Jr.,Ivan Pace Jr,routeRun,0,5
Cam Jurgens,Cam Jurgens,speed,79,74
Cam Jurgens,Cam Jurgens,power,86,83
Cam Jurgens,Cam Jurgens,agility,90,85
Cam Jurgens,Cam Jurgens,burst,81,78
Cam Jurgens,Cam Jurgens,intelligence,85,87
Cam Jurgens,Cam Jurgens,tackle,0,5
Cam Jurgens,Cam Jurgens,manCover,0,5
Cam Jurgens,Cam Jurgens,zoneCover,0,5
Cam Jurgens,Cam Jurgens,catching,0,5
Cam Jurgens,Cam Jurgens,routeRun,0,5
Kingsley Suamataia,Kingsley Suamataia,speed,73,71
Kingsley Suamataia,Kingsley Suamataia,power,85,89
Kingsley Suamataia,Kingsley Suamataia,agility,73,68
Kingsley Suamataia,Kingsley Suamataia,burst,71,76
Kingsley Suamataia,Kingsley Suamataia,intelligence,77,72
Kingsley Suamataia,Kingsley Suamataia,tackle,0,5
Kingsley Suamataia,Kingsley Suamataia,manCover,0,5
Kingsley Suamataia,Kingsley Suamataia,zoneCover,0,5
Kingsley Suamataia,Kingsley Suamataia,catching,0,5
Kingsley Suamataia,Kingsley Suamataia,routeRun,0,5
Malcolm Koonce,Malcolm Koonce,power,90,85
Malcolm Koonce,Malcolm Koonce,agility,72,77
Malcolm Koonce,Malcolm Koonce,burst,86,87
Malcolm Koonce,Malcolm Koonce,intelligence,89,84
Malcolm Koonce,Malcolm Koonce,tackle,86,81
Malcolm Koonce,Malcolm Koonce,manCover,0,5
Malcolm Koonce,Malcolm Koonce,zoneCover,0,5
Malcolm Koonce,Malcolm Koonce,catching,0,5
Malcolm Koonce,Malcolm Koonce,routeRun,0,5
Joey Slye,Joey Slye,speed,79,74
Joey Slye,Joey Slye,power,84,79
Joey Slye,Joey Slye,agility,79,74
Joey Slye,Joey Slye,burst,80,75
Joey Slye,Joey Slye,intelligence,90,85
Joey Slye,Joey Slye,tackle,0,5
Joey Slye,Joey Slye,manCover,0,5
Joey Slye,Joey Slye,zoneCover,0,5
Joey Slye,Joey Slye,catching,0,5
Joey Slye,Joey Slye,routeRun,0,5
Kei'Trel Clark,Kei'Trel Clark,speed,89,92
Kei'Trel Clark,Kei'Trel Clark,power,71,66
Kei'Trel Clark,Kei'Trel Clark,agility,81,86
Kei'Trel Clark,Kei'Trel Clark,burst,89,94
Kei'Trel Clark,Kei'Trel Clark,intelligence,75,74
Kei'Trel Clark,Kei'Trel Clark,tackle,85,80
Kei'Trel Clark,Kei'Trel Clark,manCover,77,75
Kei'Trel Clark,Kei'Trel Clark,zoneCover,75,70
Kei'Trel Clark,Kei'Trel Clark,catching,0,5
Kei'Trel Clark,Kei'Trel Clark,routeRun,0,5
Tavius Robinson,Tavius Robinson,speed,78,83
Tavius Robinson,Tavius Robinson,power,87,82
Tavius Robinson,Tavius Robinson,agility,77,72
Tavius Robinson,Tavius Robinson,burst,71,76
Tavius Robinson,Tavius Robinson,intelligence,89,84
Tavius Robinson,Tavius Robinson,tackle,72,77
Tavius Robinson,Tavius Robinson,manCover,0,5
Tavius Robinson,Tavius Robinson,zoneCover,0,5
Tavius Robinson,Tavius Robinson,catching,0,5
Tavius Robinson,Tavius Robinson,routeRun,0,5
Azareye'h Thomas,Azareye'h Thomas,speed,76,81
Azareye'h Thomas,Azareye'h Thomas,power,76,71
Azareye'h Thomas,Azareye'h Thomas,agility,77,82
Azareye'h Thomas,Azareye'h Thomas,burst,77,82
Azareye'h Thomas,Azareye'h Thomas,intelligence,90,85
Azareye'h Thomas,Azareye'h Thomas,tackle,87,82
Azareye'h Thomas,Azareye'h Thomas,manCover,82,77
Azareye'h Thomas,Azareye'h Thomas,zoneCover,88,83
Azareye'h Thomas,Azareye'h Thomas,catching,0,5
Azareye'h Thomas,Azareye'h Thomas,routeRun,0,5
Jack Bech,Jack Bech,speed,81,86
Jack Bech,Jack Bech,power,76,71
Jack Bech,Jack Bech,agility,86,89
Jack Bech,Jack Bech,burst,82,87
Jack Bech,Jack Bech,intelligence,76,72
Jack Bech,Jack Bech,tackle,0,5
Jack Bech,Jack Bech,manCover,0,5
Jack Bech,Jack Bech,zoneCover,0,5
Jack Bech,Jack Bech,catching,88,83
Jack Bech,Jack Bech,routeRun,74,75
Jaylen Wright,Jaylen Wright,speed,78,83
Jaylen Wright,Jaylen Wright,power,90,85
Jaylen Wright,Jaylen Wright,agility,89,84
Jaylen Wright,Jaylen Wright,burst,67,72
Jaylen Wright,Jaylen Wright,intelligence,78,73
Jaylen Wright,Jaylen Wright,tackle,0,5
Jaylen Wright,Jaylen Wright,manCover,0,5
Jaylen Wright,Jaylen Wright,zoneCover,0,5
Jaylen Wright,Jaylen Wright,catching,75,70
Jaylen Wright,Jaylen Wright,routeRun,85,80
MarShawn Lloyd,MarShawn Lloyd,speed,89,90
MarShawn Lloyd,MarShawn Lloyd,agility,84,88
MarShawn Lloyd,MarShawn Lloyd,burst,84,89
MarShawn Lloyd,MarShawn Lloyd,intelligence,83,78
MarShawn Lloyd,MarShawn Lloyd,tackle,0,5
MarShawn Lloyd,MarShawn Lloyd,manCover,0,5
MarShawn Lloyd,MarShawn Lloyd,zoneCover,0,5
MarShawn Lloyd,MarShawn Lloyd,catching,87,82
MarShawn Lloyd,MarShawn Lloyd,routeRun,77,72
Foster Moreau,Foster Moreau,speed,76,81
Foster Moreau,Foster Moreau,power,78,76
Foster Moreau,Foster Moreau,agility,77,80
Foster Moreau,Foster Moreau,burst,73,78
Foster Moreau,Foster Moreau,intelligence,86,81
Foster Moreau,Foster Moreau,tackle,0,5
Foster Moreau,Foster Moreau,manCover,0,5
Foster Moreau,Foster Moreau,zoneCover,0,5
Foster Moreau,Foster Moreau,routeRun,77,72
Devontez Walker,Devontez Walker,speed,92,94
Devontez Walker,Devontez Walker,power,92,87
Devontez Walker,Devontez Walker,agility,88,87
Devontez Walker,Devontez Walker,burst,92,93
Devontez Walker,Devontez Walker,intelligence,65,60
Devontez Walker,Devontez Walker,tackle,0,5
Devontez Walker,Devontez Walker,manCover,0,5
Devontez Walker,Devontez Walker,zoneCover,0,5
Devontez Walker,Devontez Walker,catching,72,77
Devontez Walker,Devontez Walker,routeRun,71,74
Jack Sanborn,Jack Sanborn,speed,76,80
Jack Sanborn,Jack Sanborn,power,81,76
Jack Sanborn,Jack Sanborn,agility,84,79
Jack Sanborn,Jack Sanborn,burst,78,83
Jack Sanborn,Jack Sanborn,intelligence,81,78
Jack Sanborn,Jack Sanborn,tackle,85,80
Jack Sanborn,Jack Sanborn,manCover,75,70
Jack Sanborn,Jack Sanborn,zoneCover,72,67
Jack Sanborn,Jack Sanborn,catching,0,5
Jack Sanborn,Jack Sanborn,routeRun,0,5
Tahj Brooks,Tahj Brooks,speed,81,86
Tahj Brooks,Tahj Brooks,power,79,74
Tahj Brooks,Tahj Brooks,agility,81,86
Tahj Brooks,Tahj Brooks,burst,71,76
Tahj Brooks,Tahj Brooks,intelligence,73,68
Tahj Brooks,Tahj Brooks,tackle,0,5
Tahj Brooks,Tahj Brooks,manCover,0,5
Tahj Brooks,Tahj Brooks,zoneCover,0,5
Tahj Brooks,Tahj Brooks,catching,83,78
Tahj Brooks,Tahj Brooks,routeRun,78,73
J.J. McCarthy,J.J. McCarthy,speed,77,82
J.J. McCarthy,J.J. McCarthy,power,77,72
J.J. McCarthy,J.J. McCarthy,agility,80,85
J.J. McCarthy,J.J. McCarthy,burst,85,88
J.J. McCarthy,J.J. McCarthy,intelligence,86,81
J.J. McCarthy,J.J. McCarthy,tackle,0,5
J.J. McCarthy,J.J. McCarthy,manCover,0,5
J.J. McCarthy,J.J. McCarthy,zoneCover,0,5
J.J. McCarthy,J.J. McCarthy,catching,0,5
J.J. McCarthy,J.J. McCarthy,routeRun,0,5
Tai Felton,Tai Felton,speed,74,79
Tai Felton,Tai Felton,power,76,71
Tai Felton,Tai Felton,agility,75,80
Tai Felton,Tai Felton,burst,83,88
Tai Felton,Tai Felton,intelligence,89,84
Tai Felton,Tai Felton,tackle,0,5
Tai Felton,Tai Felton,manCover,0,5
Tai Felton,Tai Felton,zoneCover,0,5
Tai Felton,Tai Felton,catching,83,81
Tai Felton,Tai Felton,routeRun,86,81
Elijah Arroyo,Elijah Arroyo,speed,88,87
Elijah Arroyo,Elijah Arroyo,power,76,77
Elijah Arroyo,Elijah Arroyo,agility,77,80
Elijah Arroyo,Elijah Arroyo,burst,88,89
Elijah Arroyo,Elijah Arroyo,intelligence,80,75
Elijah Arroyo,Elijah Arroyo,tackle,0,5
Elijah Arroyo,Elijah Arroyo,manCover,0,5
Elijah Arroyo,Elijah Arroyo,zoneCover,0,5
Elijah Arroyo,Elijah Arroyo,routeRun,71,66
Lathan Ransom,Lathan Ransom,speed,84,86
Lathan Ransom,Lathan Ransom,power,79,74
Lathan Ransom,Lathan Ransom,burst,79,84
Lathan Ransom,Lathan Ransom,intelligence,74,70
Lathan Ransom,Lathan Ransom,tackle,93,88
Lathan Ransom,Lathan Ransom,manCover,74,69
Lathan Ransom,Lathan Ransom,zoneCover,78,73
Lathan Ransom,Lathan Ransom,catching,0,5
Lathan Ransom,Lathan Ransom,routeRun,0,5
Blake Fisher,Blake Fisher,speed,92,87
Blake Fisher,Blake Fisher,power,88,83
Blake Fisher,Blake Fisher,agility,92,87
Blake Fisher,Blake Fisher,burst,80,75
Blake Fisher,Blake Fisher,intelligence,71,66
Blake Fisher,Blake Fisher,tackle,0,5
Blake Fisher,Blake Fisher,manCover,0,5
Blake Fisher,Blake Fisher,zoneCover,0,5
Blake Fisher,Blake Fisher,catching,0,5
Blake Fisher,Blake Fisher,routeRun,0,5
Ian Thomas,Ian Thomas,speed,76,81
Ian Thomas,Ian Thomas,power,79,74
Ian Thomas,Ian Thomas,agility,73,76
Ian Thomas,Ian Thomas,burst,84,87
Ian Thomas,Ian Thomas,intelligence,75,70
Ian Thomas,Ian Thomas,tackle,0,5
Ian Thomas,Ian Thomas,manCover,0,5
Ian Thomas,Ian Thomas,zoneCover,0,5
Ian Thomas,Ian Thomas,catching,76,79
Ian Thomas,Ian Thomas,routeRun,82,77
Tyler Huntley,Tyler Huntley,speed,80,85
Tyler Huntley,Tyler Huntley,power,74,69
Tyler Huntley,Tyler Huntley,agility,80,85
Tyler Huntley,Tyler Huntley,burst,84,89
Tyler Huntley,Tyler Huntley,intelligence,90,85
Tyler Huntley,Tyler Huntley,tackle,0,5
Tyler Huntley,Tyler Huntley,manCover,0,5
Tyler Huntley,Tyler Huntley,zoneCover,0,5
Tyler Huntley,Tyler Huntley,catching,0,5
Tyler Huntley,Tyler Huntley,routeRun,0,5
Carson Vinson,Carson Vinson,speed,79,74
Carson Vinson,Carson Vinson,power,75,80
Carson Vinson,Carson Vinson,agility,74,69
Carson Vinson,Carson Vinson,burst,71,70
Carson Vinson,Carson Vinson,intelligence,78,73
Carson Vinson,Carson Vinson,tackle,0,5
Carson Vinson,Carson Vinson,manCover,0,5
Carson Vinson,Carson Vinson,zoneCover,0,5
Carson Vinson,Carson Vinson,catching,0,5
Carson Vinson,Carson Vinson,routeRun,0,5
Justin Skule,Justin Skule,speed,75,70
Justin Skule,Justin Skule,power,71,76
Justin Skule,Justin Skule,agility,78,73
Justin Skule,Justin Skule,burst,83,78
Justin Skule,Justin Skule,intelligence,90,85
Justin Skule,Justin Skule,tackle,0,5
Justin Skule,Justin Skule,manCover,0,5
Justin Skule,Justin Skule,zoneCover,0,5
Justin Skule,Justin Skule,catching,0,5
Justin Skule,Justin Skule,routeRun,0,5
JL Skinner,JL Skinner,speed,77,82
JL Skinner,JL Skinner,power,82,77
JL Skinner,JL Skinner,agility,84,87
JL Skinner,JL Skinner,burst,80,85
JL Skinner,JL Skinner,intelligence,80,75
JL Skinner,JL Skinner,tackle,66,67
JL Skinner,JL Skinner,manCover,84,79
JL Skinner,JL Skinner,zoneCover,81,76
JL Skinner,JL Skinner,catching,0,5
JL Skinner,JL Skinner,routeRun,0,5
Tyler Lacy,Tyler Lacy,speed,86,81
Tyler Lacy,Tyler Lacy,power,83,86
Tyler Lacy,Tyler Lacy,agility,74,69
Tyler Lacy,Tyler Lacy,burst,69,74
Tyler Lacy,Tyler Lacy,intelligence,83,78
Tyler Lacy,Tyler Lacy,tackle,79,81
Tyler Lacy,Tyler Lacy,manCover,0,5
Tyler Lacy,Tyler Lacy,zoneCover,0,5
Tyler Lacy,Tyler Lacy,catching,0,5
Tyler Lacy,Tyler Lacy,routeRun,0,5
Austin Brinkman,Austin Brinkman,speed,84,79
Austin Brinkman,Austin Brinkman,power,91,86
Austin Brinkman,Austin Brinkman,agility,90,85
Austin Brinkman,Austin Brinkman,burst,78,76
Austin Brinkman,Austin Brinkman,intelligence,67,62
Austin Brinkman,Austin Brinkman,tackle,0,5
Austin Brinkman,Austin Brinkman,manCover,0,5
Austin Brinkman,Austin Brinkman,zoneCover,0,5
Austin Brinkman,Austin Brinkman,catching,0,5
Austin Brinkman,Austin Brinkman,routeRun,0,5
Danny Striggow,Danny Striggow,speed,81,78
Danny Striggow,Danny Striggow,power,73,75
Danny Striggow,Danny Striggow,agility,82,81
Danny Striggow,Danny Striggow,burst,79,80
Danny Striggow,Danny Striggow,intelligence,67,63
Danny Striggow,Danny Striggow,tackle,71,75
Danny Striggow,Danny Striggow,manCover,0,5
Danny Striggow,Danny Striggow,zoneCover,0,5
Danny Striggow,Danny Striggow,catching,0,5
Danny Striggow,Danny Striggow,routeRun,0,5
Ko Kieft,Ko Kieft,speed,70,72
Ko Kieft,Ko Kieft,power,73,75
Ko Kieft,Ko Kieft,agility,74,79
Ko Kieft,Ko Kieft,burst,81,76
Ko Kieft,Ko Kieft,intelligence,77,72
Ko Kieft,Ko Kieft,tackle,0,5
Ko Kieft,Ko Kieft,manCover,0,5
Ko Kieft,Ko Kieft,zoneCover,0,5
Ko Kieft,Ko Kieft,catching,85,80
Ko Kieft,Ko Kieft,routeRun,76,71
Trey Lance,Trey Lance,speed,75,80
Trey Lance,Trey Lance,agility,65,70
Trey Lance,Trey Lance,burst,81,86
Trey Lance,Trey Lance,intelligence,71,66
Trey Lance,Trey Lance,tackle,0,5
Trey Lance,Trey Lance,manCover,0,5
Trey Lance,Trey Lance,zoneCover,0,5
Trey Lance,Trey Lance,catching,0,5
Trey Lance,Trey Lance,routeRun,0,5
Carson Bruener,Carson Bruener,speed,85,86
Carson Bruener,Carson Bruener,power,78,73
Carson Bruener,Carson Bruener,agility,80,81
Carson Bruener,Carson Bruener,burst,78,83
Carson Bruener,Carson Bruener,intelligence,79,74
Carson Bruener,Carson Bruener,tackle,68,73
Carson Bruener,Carson Bruener,manCover,76,71
Carson Bruener,Carson Bruener,zoneCover,78,73
Carson Bruener,Carson Bruener,catching,0,5
Carson Bruener,Carson Bruener,routeRun,0,5
Kameron Johnson,Kameron Johnson,speed,68,73
Kameron Johnson,Kameron Johnson,power,78,73
Kameron Johnson,Kameron Johnson,agility,80,82
Kameron Johnson,Kameron Johnson,burst,74,79
Kameron Johnson,Kameron Johnson,intelligence,77,72
Kameron Johnson,Kameron Johnson,tackle,0,5
Kameron Johnson,Kameron Johnson,manCover,0,5
Kameron Johnson,Kameron Johnson,zoneCover,0,5
Kameron Johnson,Kameron Johnson,catching,79,77
Kameron Johnson,Kameron Johnson,routeRun,82,77
Keleki Latu,Keleki Latu,speed,89,84
Keleki Latu,Keleki Latu,power,72,67
Keleki Latu,Keleki Latu,agility,74,79
Keleki Latu,Keleki Latu,burst,75,80
Keleki Latu,Keleki Latu,intelligence,71,66
Keleki Latu,Keleki Latu,tackle,0,5
Keleki Latu,Keleki Latu,manCover,0,5
Keleki Latu,Keleki Latu,zoneCover,0,5
Keleki Latu,Keleki Latu,catching,78,75
Keleki Latu,Keleki Latu,routeRun,71,66
Jaxon Smith-Njigba,Jaxon Smith-Njigba,rating,98,99
Jaxon Smith-Njigba,Jaxon Smith-Njigba,speed,96,93
Jaxon Smith-Njigba,Jaxon Smith-Njigba,power,82,77
Jaxon Smith-Njigba,Jaxon Smith-Njigba,agility,97,96
Jaxon Smith-Njigba,Jaxon Smith-Njigba,burst,92,95
Jaxon Smith-Njigba,Jaxon Smith-Njigba,intelligence,97,98
Jaxon Smith-Njigba,Jaxon Smith-Njigba,tackle,0,5
Jaxon Smith-Njigba,Jaxon Smith-Njigba,manCover,0,5
Jaxon Smith-Njigba,Jaxon Smith-Njigba,zoneCover,0,5
Jaxon Smith-Njigba,Jaxon Smith-Njigba,catching,99,97
Jaxon Smith-Njigba,Jaxon Smith-Njigba,routeRun,99,98
Maxx Crosby,Maxx Crosby,rating,98,97
Maxx Crosby,Maxx Crosby,speed,96,91
Maxx Crosby,Maxx Crosby,power,91,89
Maxx Crosby,Maxx Crosby,agility,81,86
Maxx Crosby,Maxx Crosby,burst,98,93
Maxx Crosby,Maxx Crosby,intelligence,93,98
Maxx Crosby,Maxx Crosby,tackle,97,95
Maxx Crosby,Maxx Crosby,manCover,0,5
Maxx Crosby,Maxx Crosby,zoneCover,0,5
Maxx Crosby,Maxx Crosby,catching,0,5
Maxx Crosby,Maxx Crosby,routeRun,0,5
Jonathan Taylor,Jonathan Taylor,rating,95,96
Jonathan Taylor,Jonathan Taylor,speed,99,94
Jonathan Taylor,Jonathan Taylor,power,99,94
Jonathan Taylor,Jonathan Taylor,agility,94,89
Jonathan Taylor,Jonathan Taylor,burst,97,93
Jonathan Taylor,Jonathan Taylor,intelligence,92,96
Jonathan Taylor,Jonathan Taylor,tackle,0,5
Jonathan Taylor,Jonathan Taylor,manCover,0,5
Jonathan Taylor,Jonathan Taylor,zoneCover,0,5
Jonathan Taylor,Jonathan Taylor,catching,82,77
Jonathan Taylor,Jonathan Taylor,routeRun,85,80
Trent Williams,Trent Williams,rating,95,96
Trent Williams,Trent Williams,speed,96,91
Trent Williams,Trent Williams,power,98,95
Trent Williams,Trent Williams,agility,94,89
Trent Williams,Trent Williams,burst,96,91
Trent Williams,Trent Williams,intelligence,85,90
Trent Williams,Trent Williams,tackle,0,5
Trent Williams,Trent Williams,manCover,0,5
Trent Williams,Trent Williams,zoneCover,0,5
Trent Williams,Trent Williams,catching,0,5
Trent Williams,Trent Williams,routeRun,0,5
Quinn Meinerz,Quinn Meinerz,rating,94,95
Quinn Meinerz,Quinn Meinerz,speed,93,88
Quinn Meinerz,Quinn Meinerz,power,98,95
Quinn Meinerz,Quinn Meinerz,agility,84,79
Quinn Meinerz,Quinn Meinerz,burst,94,89
Quinn Meinerz,Quinn Meinerz,intelligence,81,86
Quinn Meinerz,Quinn Meinerz,tackle,0,5
Quinn Meinerz,Quinn Meinerz,manCover,0,5
Quinn Meinerz,Quinn Meinerz,zoneCover,0,5
Quinn Meinerz,Quinn Meinerz,catching,0,5
Quinn Meinerz,Quinn Meinerz,routeRun,0,5
Cameron Heyward,Cam Heyward,rating,94,95
Cameron Heyward,Cam Heyward,speed,92,87
Cameron Heyward,Cam Heyward,power,99,94
Cameron Heyward,Cam Heyward,agility,96,91
Cameron Heyward,Cam Heyward,burst,84,79
Cameron Heyward,Cam Heyward,intelligence,98,96
Cameron Heyward,Cam Heyward,tackle,88,93
Cameron Heyward,Cam Heyward,manCover,0,5
Cameron Heyward,Cam Heyward,zoneCover,0,5
Cameron Heyward,Cam Heyward,catching,0,5
Cameron Heyward,Cam Heyward,routeRun,0,5
Tristan Wirfs,Tristan Wirfs,rating,94,95
Tristan Wirfs,Tristan Wirfs,speed,88,83
Tristan Wirfs,Tristan Wirfs,power,91,94
Tristan Wirfs,Tristan Wirfs,agility,89,84
Tristan Wirfs,Tristan Wirfs,burst,87,82
Tristan Wirfs,Tristan Wirfs,intelligence,83,88
Tristan Wirfs,Tristan Wirfs,tackle,0,5
Tristan Wirfs,Tristan Wirfs,manCover,0,5
Tristan Wirfs,Tristan Wirfs,zoneCover,0,5
Tristan Wirfs,Tristan Wirfs,catching,0,5
Tristan Wirfs,Tristan Wirfs,routeRun,0,5
Kyle Hamilton,Kyle Hamilton,rating,95,94
Kyle Hamilton,Kyle Hamilton,speed,90,88
Kyle Hamilton,Kyle Hamilton,power,97,92
Kyle Hamilton,Kyle Hamilton,agility,96,91
Kyle Hamilton,Kyle Hamilton,burst,97,92
Kyle Hamilton,Kyle Hamilton,intelligence,93,94
Kyle Hamilton,Kyle Hamilton,tackle,96,91
Kyle Hamilton,Kyle Hamilton,manCover,84,87
Kyle Hamilton,Kyle Hamilton,zoneCover,85,84
Kyle Hamilton,Kyle Hamilton,catching,0,5
Kyle Hamilton,Kyle Hamilton,routeRun,0,5
Chris Lindstrom,Chris Lindstrom,rating,92,93
Chris Lindstrom,Chris Lindstrom,speed,81,76
Chris Lindstrom,Chris Lindstrom,power,90,92
Chris Lindstrom,Chris Lindstrom,agility,84,79
Chris Lindstrom,Chris Lindstrom,burst,93,88
Chris Lindstrom,Chris Lindstrom,intelligence,88,93
Chris Lindstrom,Chris Lindstrom,tackle,0,5
Chris Lindstrom,Chris Lindstrom,manCover,0,5
Chris Lindstrom,Chris Lindstrom,zoneCover,0,5
Chris Lindstrom,Chris Lindstrom,catching,0,5
Chris Lindstrom,Chris Lindstrom,routeRun,0,5
Nico Collins,Nico Collins,rating,89,90
Nico Collins,Nico Collins,speed,86,91
Nico Collins,Nico Collins,power,95,90
Nico Collins,Nico Collins,agility,82,87
Nico Collins,Nico Collins,intelligence,96,92
Nico Collins,Nico Collins,tackle,0,5
Nico Collins,Nico Collins,manCover,0,5
Nico Collins,Nico Collins,zoneCover,0,5
Nico Collins,Nico Collins,catching,88,93
Nico Collins,Nico Collins,routeRun,87,89
Christian Darrisaw,Christian Darrisaw,rating,91,90
Christian Darrisaw,Christian Darrisaw,speed,84,79
Christian Darrisaw,Christian Darrisaw,power,94,92
Christian Darrisaw,Christian Darrisaw,agility,87,82
Christian Darrisaw,Christian Darrisaw,burst,89,84
Christian Darrisaw,Christian Darrisaw,intelligence,89,93
Christian Darrisaw,Christian Darrisaw,tackle,0,5
Christian Darrisaw,Christian Darrisaw,manCover,0,5
Christian Darrisaw,Christian Darrisaw,zoneCover,0,5
Christian Darrisaw,Christian Darrisaw,catching,0,5
Christian Darrisaw,Christian Darrisaw,routeRun,0,5
Josh Hines-Allen,Josh Hines-Allen,rating,90,89
Josh Hines-Allen,Josh Hines-Allen,speed,88,87
Josh Hines-Allen,Josh Hines-Allen,power,90,85
Josh Hines-Allen,Josh Hines-Allen,agility,86,84
Josh Hines-Allen,Josh Hines-Allen,burst,86,87
Josh Hines-Allen,Josh Hines-Allen,intelligence,87,92
Josh Hines-Allen,Josh Hines-Allen,manCover,0,5
Josh Hines-Allen,Josh Hines-Allen,zoneCover,0,5
Josh Hines-Allen,Josh Hines-Allen,catching,0,5
Josh Hines-Allen,Josh Hines-Allen,routeRun,0,5
Darnell Wright,Darnell Wright,rating,89,88
Darnell Wright,Darnell Wright,speed,83,78
Darnell Wright,Darnell Wright,power,92,96
Darnell Wright,Darnell Wright,agility,86,81
Darnell Wright,Darnell Wright,burst,84,79
Darnell Wright,Darnell Wright,intelligence,85,90
Darnell Wright,Darnell Wright,tackle,0,5
Darnell Wright,Darnell Wright,manCover,0,5
Darnell Wright,Darnell Wright,zoneCover,0,5
Darnell Wright,Darnell Wright,catching,0,5
Darnell Wright,Darnell Wright,routeRun,0,5
Talanoa Hufanga,Talanoa Hufanga,rating,89,88
Talanoa Hufanga,Talanoa Hufanga,speed,93,89
Talanoa Hufanga,Talanoa Hufanga,power,97,92
Talanoa Hufanga,Talanoa Hufanga,burst,97,92
Talanoa Hufanga,Talanoa Hufanga,intelligence,89,91
Talanoa Hufanga,Talanoa Hufanga,tackle,93,88
Talanoa Hufanga,Talanoa Hufanga,manCover,92,87
Talanoa Hufanga,Talanoa Hufanga,zoneCover,89,84
Talanoa Hufanga,Talanoa Hufanga,catching,0,5
Talanoa Hufanga,Talanoa Hufanga,routeRun,0,5
Chris Olave,Chris Olave,rating,89,88
Chris Olave,Chris Olave,speed,94,93
Chris Olave,Chris Olave,power,79,74
Chris Olave,Chris Olave,agility,81,86
Chris Olave,Chris Olave,burst,93,94
Chris Olave,Chris Olave,intelligence,76,81
Chris Olave,Chris Olave,tackle,0,5
Chris Olave,Chris Olave,manCover,0,5
Chris Olave,Chris Olave,zoneCover,0,5
Chris Olave,Chris Olave,catching,97,95
Chris Olave,Chris Olave,routeRun,92,87
Breece Hall,Breece Hall,rating,86,87
Breece Hall,Breece Hall,power,90,85
Breece Hall,Breece Hall,agility,95,90
Breece Hall,Breece Hall,burst,98,93
Breece Hall,Breece Hall,intelligence,82,87
Breece Hall,Breece Hall,tackle,0,5
Breece Hall,Breece Hall,manCover,0,5
Breece Hall,Breece Hall,zoneCover,0,5
Breece Hall,Breece Hall,catching,84,79
Breece Hall,Breece Hall,routeRun,84,79
Sam Darnold,Sam Darnold,rating,86,87
Sam Darnold,Sam Darnold,speed,87,82
Sam Darnold,Sam Darnold,power,85,80
Sam Darnold,Sam Darnold,agility,81,80
Sam Darnold,Sam Darnold,burst,82,81
Sam Darnold,Sam Darnold,intelligence,95,90
Sam Darnold,Sam Darnold,tackle,0,5
Sam Darnold,Sam Darnold,manCover,0,5
Sam Darnold,Sam Darnold,zoneCover,0,5
Sam Darnold,Sam Darnold,catching,0,5
Sam Darnold,Sam Darnold,routeRun,0,5
Brock Purdy,Brock Purdy,rating,86,87
Brock Purdy,Brock Purdy,speed,85,80
Brock Purdy,Brock Purdy,power,88,83
Brock Purdy,Brock Purdy,agility,89,84
Brock Purdy,Brock Purdy,burst,83,88
Brock Purdy,Brock Purdy,intelligence,93,91
Brock Purdy,Brock Purdy,tackle,0,5
Brock Purdy,Brock Purdy,manCover,0,5
Brock Purdy,Brock Purdy,zoneCover,0,5
Brock Purdy,Brock Purdy,catching,0,5
Brock Purdy,Brock Purdy,routeRun,0,5
Devin Bush,Devin Bush,rating,87,86
Devin Bush,Devin Bush,speed,95,90
Devin Bush,Devin Bush,power,83,78
Devin Bush,Devin Bush,agility,93,88
Devin Bush,Devin Bush,burst,98,93
Devin Bush,Devin Bush,intelligence,87,92
Devin Bush,Devin Bush,tackle,79,84
Devin Bush,Devin Bush,manCover,81,76
Devin Bush,Devin Bush,zoneCover,88,83
Devin Bush,Devin Bush,catching,0,5
Devin Bush,Devin Bush,routeRun,0,5
Garrett Wilson,Garrett Wilson,rating,87,86
Garrett Wilson,Garrett Wilson,speed,90,92
Garrett Wilson,Garrett Wilson,power,87,82
Garrett Wilson,Garrett Wilson,agility,92,93
Garrett Wilson,Garrett Wilson,burst,92,93
Garrett Wilson,Garrett Wilson,intelligence,85,86
Garrett Wilson,Garrett Wilson,tackle,0,5
Garrett Wilson,Garrett Wilson,manCover,0,5
Garrett Wilson,Garrett Wilson,zoneCover,0,5
Garrett Wilson,Garrett Wilson,catching,89,88
Garrett Wilson,Garrett Wilson,routeRun,87,85
Jaylen Waddle,Jaylen Waddle,rating,84,85
Jaylen Waddle,Jaylen Waddle,power,76,71
Jaylen Waddle,Jaylen Waddle,agility,79,84
Jaylen Waddle,Jaylen Waddle,burst,98,96
Jaylen Waddle,Jaylen Waddle,intelligence,86,89
Jaylen Waddle,Jaylen Waddle,tackle,0,5
Jaylen Waddle,Jaylen Waddle,manCover,0,5
Jaylen Waddle,Jaylen Waddle,zoneCover,0,5
Jaylen Waddle,Jaylen Waddle,catching,80,85
Jaylen Waddle,Jaylen Waddle,routeRun,90,85
Jordan Addison,Jordan Addison,rating,85,84
Jordan Addison,Jordan Addison,speed,85,90
Jordan Addison,Jordan Addison,power,81,76
Jordan Addison,Jordan Addison,agility,78,83
Jordan Addison,Jordan Addison,burst,89,92
Jordan Addison,Jordan Addison,intelligence,89,88
Jordan Addison,Jordan Addison,tackle,0,5
Jordan Addison,Jordan Addison,manCover,0,5
Jordan Addison,Jordan Addison,zoneCover,0,5
Jordan Addison,Jordan Addison,catching,94,89
Ernest Jones,Ernest Jones IV,rating,85,84
Ernest Jones,Ernest Jones IV,speed,88,87
Ernest Jones,Ernest Jones IV,power,90,85
Ernest Jones,Ernest Jones IV,agility,80,75
Ernest Jones,Ernest Jones IV,burst,84,87
Ernest Jones,Ernest Jones IV,intelligence,84,85
Ernest Jones,Ernest Jones IV,tackle,88,93
Ernest Jones,Ernest Jones IV,manCover,85,80
Ernest Jones,Ernest Jones IV,zoneCover,93,88
Ernest Jones,Ernest Jones IV,catching,0,5
Ernest Jones,Ernest Jones IV,routeRun,0,5
Luke Goedeke,Luke Goedeke,rating,83,84
Luke Goedeke,Luke Goedeke,speed,80,75
Luke Goedeke,Luke Goedeke,power,89,88
Luke Goedeke,Luke Goedeke,agility,86,81
Luke Goedeke,Luke Goedeke,burst,86,81
Luke Goedeke,Luke Goedeke,tackle,0,5
Luke Goedeke,Luke Goedeke,manCover,0,5
Luke Goedeke,Luke Goedeke,zoneCover,0,5
Luke Goedeke,Luke Goedeke,catching,0,5
Luke Goedeke,Luke Goedeke,routeRun,0,5
Khalil Shakir,Khalil Shakir,rating,84,83
Khalil Shakir,Khalil Shakir,speed,92,90
Khalil Shakir,Khalil Shakir,power,88,83
Khalil Shakir,Khalil Shakir,agility,89,85
Khalil Shakir,Khalil Shakir,burst,94,93
Khalil Shakir,Khalil Shakir,intelligence,86,91
Khalil Shakir,Khalil Shakir,tackle,0,5
Khalil Shakir,Khalil Shakir,manCover,0,5
Khalil Shakir,Khalil Shakir,zoneCover,0,5
Khalil Shakir,Khalil Shakir,catching,85,90
Khalil Shakir,Khalil Shakir,routeRun,84,82
Colston Loveland,Colston Loveland,rating,84,83
Colston Loveland,Colston Loveland,speed,78,83
Colston Loveland,Colston Loveland,power,92,87
Colston Loveland,Colston Loveland,agility,80,82
Colston Loveland,Colston Loveland,burst,85,90
Colston Loveland,Colston Loveland,intelligence,95,90
Colston Loveland,Colston Loveland,tackle,0,5
Colston Loveland,Colston Loveland,manCover,0,5
Colston Loveland,Colston Loveland,zoneCover,0,5
Colston Loveland,Colston Loveland,catching,82,87
Colston Loveland,Colston Loveland,routeRun,79,74
David Montgomery,David Montgomery,rating,84,83
David Montgomery,David Montgomery,speed,84,87
David Montgomery,David Montgomery,power,95,90
David Montgomery,David Montgomery,agility,75,80
David Montgomery,David Montgomery,burst,84,88
David Montgomery,David Montgomery,intelligence,84,89
David Montgomery,David Montgomery,tackle,0,5
David Montgomery,David Montgomery,manCover,0,5
David Montgomery,David Montgomery,zoneCover,0,5
David Montgomery,David Montgomery,catching,78,74
David Montgomery,David Montgomery,routeRun,83,78
Rome Odunze,Rome Odunze,rating,81,82
Rome Odunze,Rome Odunze,speed,94,91
Rome Odunze,Rome Odunze,power,84,79
Rome Odunze,Rome Odunze,agility,76,81
Rome Odunze,Rome Odunze,burst,84,89
Rome Odunze,Rome Odunze,intelligence,89,87
Rome Odunze,Rome Odunze,tackle,0,5
Rome Odunze,Rome Odunze,manCover,0,5
Rome Odunze,Rome Odunze,zoneCover,0,5
Rome Odunze,Rome Odunze,catching,85,84
Rome Odunze,Rome Odunze,routeRun,87,84
Rico Dowdle,Rico Dowdle,rating,81,82
Rico Dowdle,Rico Dowdle,speed,85,89
Rico Dowdle,Rico Dowdle,power,85,80
Rico Dowdle,Rico Dowdle,agility,87,86
Rico Dowdle,Rico Dowdle,burst,87,90
Rico Dowdle,Rico Dowdle,intelligence,86,81
Rico Dowdle,Rico Dowdle,tackle,0,5
Rico Dowdle,Rico Dowdle,manCover,0,5
Rico Dowdle,Rico Dowdle,zoneCover,0,5
Rico Dowdle,Rico Dowdle,catching,89,84
Rico Dowdle,Rico Dowdle,routeRun,82,77
Chris Godwin Jr.,Chris Godwin Jr,rating,83,82
Chris Godwin Jr.,Chris Godwin Jr,speed,85,88
Chris Godwin Jr.,Chris Godwin Jr,power,86,81
Chris Godwin Jr.,Chris Godwin Jr,agility,85,84
Chris Godwin Jr.,Chris Godwin Jr,burst,83,88
Chris Godwin Jr.,Chris Godwin Jr,intelligence,92,87
Chris Godwin Jr.,Chris Godwin Jr,tackle,0,5
Chris Godwin Jr.,Chris Godwin Jr,manCover,0,5
Chris Godwin Jr.,Chris Godwin Jr,zoneCover,0,5
Chris Godwin Jr.,Chris Godwin Jr,catching,89,93
Chris Godwin Jr.,Chris Godwin Jr,routeRun,90,85
Robert Hunt,Robert Hunt,rating,80,81
Robert Hunt,Robert Hunt,speed,85,80
Robert Hunt,Robert Hunt,power,84,89
Robert Hunt,Robert Hunt,agility,85,80
Robert Hunt,Robert Hunt,burst,91,86
Robert Hunt,Robert Hunt,intelligence,78,83
Robert Hunt,Robert Hunt,tackle,0,5
Robert Hunt,Robert Hunt,manCover,0,5
Robert Hunt,Robert Hunt,zoneCover,0,5
Robert Hunt,Robert Hunt,catching,0,5
Robert Hunt,Robert Hunt,routeRun,0,5
Cobie Durant,Cobie Durant,rating,80,81
Cobie Durant,Cobie Durant,speed,84,89
Cobie Durant,Cobie Durant,power,68,63
Cobie Durant,Cobie Durant,agility,77,82
Cobie Durant,Cobie Durant,burst,89,93
Cobie Durant,Cobie Durant,intelligence,77,82
Cobie Durant,Cobie Durant,tackle,92,87
Cobie Durant,Cobie Durant,manCover,89,84
Cobie Durant,Cobie Durant,zoneCover,79,84
Cobie Durant,Cobie Durant,catching,0,5
Cobie Durant,Cobie Durant,routeRun,0,5
Ka'imi Fairbairn,Ka'imi Fairbairn,rating,80,81
Ka'imi Fairbairn,Ka'imi Fairbairn,speed,94,89
Ka'imi Fairbairn,Ka'imi Fairbairn,power,80,75
Ka'imi Fairbairn,Ka'imi Fairbairn,agility,95,90
Ka'imi Fairbairn,Ka'imi Fairbairn,burst,93,88
Ka'imi Fairbairn,Ka'imi Fairbairn,intelligence,88,83
Ka'imi Fairbairn,Ka'imi Fairbairn,tackle,0,5
Ka'imi Fairbairn,Ka'imi Fairbairn,manCover,0,5
Ka'imi Fairbairn,Ka'imi Fairbairn,zoneCover,0,5
Ka'imi Fairbairn,Ka'imi Fairbairn,catching,0,5
Ka'imi Fairbairn,Ka'imi Fairbairn,routeRun,0,5
Sheldon Rankins,Sheldon Rankins,rating,80,81
Sheldon Rankins,Sheldon Rankins,speed,84,79
Sheldon Rankins,Sheldon Rankins,power,93,88
Sheldon Rankins,Sheldon Rankins,agility,76,71
Sheldon Rankins,Sheldon Rankins,burst,80,75
Sheldon Rankins,Sheldon Rankins,intelligence,86,91
Sheldon Rankins,Sheldon Rankins,tackle,77,82
Sheldon Rankins,Sheldon Rankins,manCover,0,5
Sheldon Rankins,Sheldon Rankins,zoneCover,0,5
Sheldon Rankins,Sheldon Rankins,catching,0,5
Sheldon Rankins,Sheldon Rankins,routeRun,0,5
Laiatu Latu,Laiatu Latu,rating,82,81
Laiatu Latu,Laiatu Latu,speed,89,84
Laiatu Latu,Laiatu Latu,power,84,79
Laiatu Latu,Laiatu Latu,agility,91,86
Laiatu Latu,Laiatu Latu,burst,82,87
Laiatu Latu,Laiatu Latu,intelligence,79,84
Laiatu Latu,Laiatu Latu,tackle,91,86
Laiatu Latu,Laiatu Latu,manCover,0,5
Laiatu Latu,Laiatu Latu,zoneCover,0,5
Laiatu Latu,Laiatu Latu,catching,0,5
Laiatu Latu,Laiatu Latu,routeRun,0,5
George Karlaftis,George Karlaftis,rating,80,81
George Karlaftis,George Karlaftis,speed,90,85
George Karlaftis,George Karlaftis,power,84,85
George Karlaftis,George Karlaftis,agility,88,83
George Karlaftis,George Karlaftis,burst,84,85
George Karlaftis,George Karlaftis,intelligence,76,81
George Karlaftis,George Karlaftis,tackle,75,80
George Karlaftis,George Karlaftis,manCover,0,5
George Karlaftis,George Karlaftis,zoneCover,0,5
George Karlaftis,George Karlaftis,catching,0,5
George Karlaftis,George Karlaftis,routeRun,0,5
Blake Cashman,Blake Cashman,rating,80,81
Blake Cashman,Blake Cashman,speed,92,87
Blake Cashman,Blake Cashman,power,77,72
Blake Cashman,Blake Cashman,agility,78,83
Blake Cashman,Blake Cashman,burst,83,88
Blake Cashman,Blake Cashman,intelligence,86,81
Blake Cashman,Blake Cashman,tackle,94,89
Blake Cashman,Blake Cashman,manCover,95,90
Blake Cashman,Blake Cashman,zoneCover,93,88
Blake Cashman,Blake Cashman,catching,0,5
Blake Cashman,Blake Cashman,routeRun,0,5
Will Campbell,Will Campbell,rating,82,81
Will Campbell,Will Campbell,speed,89,84
Will Campbell,Will Campbell,power,91,87
Will Campbell,Will Campbell,agility,80,75
Will Campbell,Will Campbell,burst,74,78
Will Campbell,Will Campbell,intelligence,86,87
Will Campbell,Will Campbell,tackle,0,5
Will Campbell,Will Campbell,manCover,0,5
Will Campbell,Will Campbell,zoneCover,0,5
Will Campbell,Will Campbell,catching,0,5
Will Campbell,Will Campbell,routeRun,0,5
John Simpson,John Simpson,rating,79,80
John Simpson,John Simpson,speed,80,75
John Simpson,John Simpson,power,93,92
John Simpson,John Simpson,agility,80,75
John Simpson,John Simpson,burst,75,70
John Simpson,John Simpson,intelligence,80,85
John Simpson,John Simpson,tackle,0,5
John Simpson,John Simpson,manCover,0,5
John Simpson,John Simpson,zoneCover,0,5
John Simpson,John Simpson,catching,0,5
John Simpson,John Simpson,routeRun,0,5
Harold Fannin Jr.,Harold Fannin Jr,rating,79,80
Harold Fannin Jr.,Harold Fannin Jr,power,90,85
Harold Fannin Jr.,Harold Fannin Jr,agility,87,82
Harold Fannin Jr.,Harold Fannin Jr,burst,87,85
Harold Fannin Jr.,Harold Fannin Jr,intelligence,90,85
Harold Fannin Jr.,Harold Fannin Jr,tackle,0,5
Harold Fannin Jr.,Harold Fannin Jr,manCover,0,5
Harold Fannin Jr.,Harold Fannin Jr,zoneCover,0,5
Harold Fannin Jr.,Harold Fannin Jr,catching,81,85
Harold Fannin Jr.,Harold Fannin Jr,routeRun,75,70
Josh Downs,Josh Downs,rating,79,80
Josh Downs,Josh Downs,speed,84,89
Josh Downs,Josh Downs,power,91,86
Josh Downs,Josh Downs,agility,84,89
Josh Downs,Josh Downs,burst,77,82
Josh Downs,Josh Downs,intelligence,79,82
Josh Downs,Josh Downs,tackle,0,5
Josh Downs,Josh Downs,manCover,0,5
Josh Downs,Josh Downs,zoneCover,0,5
Josh Downs,Josh Downs,catching,85,90
Josh Downs,Josh Downs,routeRun,90,85
Jordan Mason,Jordan Mason,rating,79,80
Jordan Mason,Jordan Mason,speed,84,89
Jordan Mason,Jordan Mason,power,92,87
Jordan Mason,Jordan Mason,agility,81,77
Jordan Mason,Jordan Mason,burst,78,83
Jordan Mason,Jordan Mason,intelligence,86,81
Jordan Mason,Jordan Mason,tackle,0,5
Jordan Mason,Jordan Mason,manCover,0,5
Jordan Mason,Jordan Mason,zoneCover,0,5
Jordan Mason,Jordan Mason,catching,84,79
Jordan Mason,Jordan Mason,routeRun,93,88
Jalon Walker,Jalon Walker,rating,80,79
Jalon Walker,Jalon Walker,speed,79,84
Jalon Walker,Jalon Walker,power,78,80
Jalon Walker,Jalon Walker,agility,93,88
Jalon Walker,Jalon Walker,intelligence,75,73
Jalon Walker,Jalon Walker,tackle,88,84
Jalon Walker,Jalon Walker,manCover,0,5
Jalon Walker,Jalon Walker,zoneCover,0,5
Jalon Walker,Jalon Walker,catching,0,5
Jalon Walker,Jalon Walker,routeRun,0,5
Kyle Monangai,Kyle Monangai,rating,80,79
Kyle Monangai,Kyle Monangai,speed,72,77
Kyle Monangai,Kyle Monangai,power,95,90
Kyle Monangai,Kyle Monangai,agility,80,81
Kyle Monangai,Kyle Monangai,burst,90,88
Kyle Monangai,Kyle Monangai,intelligence,92,87
Kyle Monangai,Kyle Monangai,tackle,0,5
Kyle Monangai,Kyle Monangai,manCover,0,5
Kyle Monangai,Kyle Monangai,zoneCover,0,5
Kyle Monangai,Kyle Monangai,catching,80,75
Kyle Monangai,Kyle Monangai,routeRun,76,71
Alvin Kamara,Alvin Kamara,rating,80,79
Alvin Kamara,Alvin Kamara,speed,82,87
Alvin Kamara,Alvin Kamara,agility,82,86
Alvin Kamara,Alvin Kamara,burst,86,91
Alvin Kamara,Alvin Kamara,intelligence,95,90
Alvin Kamara,Alvin Kamara,tackle,0,5
Alvin Kamara,Alvin Kamara,manCover,0,5
Alvin Kamara,Alvin Kamara,zoneCover,0,5
Alvin Kamara,Alvin Kamara,catching,88,83
Alvin Kamara,Alvin Kamara,routeRun,86,81
Braden Mann,Braden Mann,rating,78,79
Braden Mann,Braden Mann,speed,75,77
Braden Mann,Braden Mann,power,79,74
Braden Mann,Braden Mann,agility,85,80
Braden Mann,Braden Mann,burst,87,82
Braden Mann,Braden Mann,intelligence,85,80
Braden Mann,Braden Mann,tackle,0,5
Braden Mann,Braden Mann,manCover,0,5
Braden Mann,Braden Mann,zoneCover,0,5
Braden Mann,Braden Mann,catching,0,5
Braden Mann,Braden Mann,routeRun,0,5
Tyler Loop,Tyler Loop,rating,79,78
Tyler Loop,Tyler Loop,speed,73,74
Tyler Loop,Tyler Loop,power,83,78
Tyler Loop,Tyler Loop,agility,86,81
Tyler Loop,Tyler Loop,burst,77,75
Tyler Loop,Tyler Loop,intelligence,71,66
Tyler Loop,Tyler Loop,tackle,0,5
Tyler Loop,Tyler Loop,manCover,0,5
Tyler Loop,Tyler Loop,zoneCover,0,5
Tyler Loop,Tyler Loop,catching,0,5
Tyler Loop,Tyler Loop,routeRun,0,5
Roger Rosengarten,Roger Rosengarten,rating,77,78
Roger Rosengarten,Roger Rosengarten,speed,88,83
Roger Rosengarten,Roger Rosengarten,power,81,82
Roger Rosengarten,Roger Rosengarten,agility,83,78
Roger Rosengarten,Roger Rosengarten,burst,84,79
Roger Rosengarten,Roger Rosengarten,tackle,0,5
Roger Rosengarten,Roger Rosengarten,manCover,0,5
Roger Rosengarten,Roger Rosengarten,zoneCover,0,5
Roger Rosengarten,Roger Rosengarten,catching,0,5
Roger Rosengarten,Roger Rosengarten,routeRun,0,5
Malik Hooker,Malik Hooker,rating,79,78
Malik Hooker,Malik Hooker,speed,78,83
Malik Hooker,Malik Hooker,power,86,81
Malik Hooker,Malik Hooker,agility,82,85
Malik Hooker,Malik Hooker,burst,86,88
Malik Hooker,Malik Hooker,intelligence,82,83
Malik Hooker,Malik Hooker,tackle,85,80
Malik Hooker,Malik Hooker,manCover,87,82
Malik Hooker,Malik Hooker,zoneCover,88,83
Malik Hooker,Malik Hooker,catching,0,5
Malik Hooker,Malik Hooker,routeRun,0,5
Tre Tucker,Tre Tucker,rating,79,78
Tre Tucker,Tre Tucker,speed,80,85
Tre Tucker,Tre Tucker,power,84,79
Tre Tucker,Tre Tucker,agility,86,85
Tre Tucker,Tre Tucker,burst,91,93
Tre Tucker,Tre Tucker,intelligence,84,82
Tre Tucker,Tre Tucker,tackle,0,5
Tre Tucker,Tre Tucker,manCover,0,5
Tre Tucker,Tre Tucker,zoneCover,0,5
Tre Tucker,Tre Tucker,catching,84,87
Tre Tucker,Tre Tucker,routeRun,90,85
Dontayvion Wicks,Dontayvion Wicks,rating,79,78
Dontayvion Wicks,Dontayvion Wicks,speed,77,82
Dontayvion Wicks,Dontayvion Wicks,power,95,90
Dontayvion Wicks,Dontayvion Wicks,agility,92,87
Dontayvion Wicks,Dontayvion Wicks,burst,84,88
Dontayvion Wicks,Dontayvion Wicks,intelligence,85,81
Dontayvion Wicks,Dontayvion Wicks,tackle,0,5
Dontayvion Wicks,Dontayvion Wicks,manCover,0,5
Dontayvion Wicks,Dontayvion Wicks,zoneCover,0,5
Dontayvion Wicks,Dontayvion Wicks,routeRun,83,81
Marvin Harrison Jr.,Marvin Harrison Jr,rating,76,77
Marvin Harrison Jr.,Marvin Harrison Jr,speed,82,87
Marvin Harrison Jr.,Marvin Harrison Jr,power,77,72
Marvin Harrison Jr.,Marvin Harrison Jr,agility,84,89
Marvin Harrison Jr.,Marvin Harrison Jr,burst,77,82
Marvin Harrison Jr.,Marvin Harrison Jr,intelligence,90,85
Marvin Harrison Jr.,Marvin Harrison Jr,tackle,0,5
Marvin Harrison Jr.,Marvin Harrison Jr,manCover,0,5
Marvin Harrison Jr.,Marvin Harrison Jr,zoneCover,0,5
Marvin Harrison Jr.,Marvin Harrison Jr,catching,92,87
Marvin Harrison Jr.,Marvin Harrison Jr,routeRun,77,81
Keisean Nixon,Keisean Nixon,rating,76,77
Keisean Nixon,Keisean Nixon,speed,90,92
Keisean Nixon,Keisean Nixon,power,83,78
Keisean Nixon,Keisean Nixon,agility,85,80
Keisean Nixon,Keisean Nixon,burst,77,82
Keisean Nixon,Keisean Nixon,intelligence,74,79
Keisean Nixon,Keisean Nixon,tackle,86,81
Keisean Nixon,Keisean Nixon,manCover,78,74
Keisean Nixon,Keisean Nixon,zoneCover,80,77
Keisean Nixon,Keisean Nixon,catching,0,5
Keisean Nixon,Keisean Nixon,routeRun,0,5
Brenton Strange,Brenton Strange,rating,76,77
Brenton Strange,Brenton Strange,speed,86,83
Brenton Strange,Brenton Strange,power,79,77
Brenton Strange,Brenton Strange,agility,89,84
Brenton Strange,Brenton Strange,burst,78,83
Brenton Strange,Brenton Strange,intelligence,81,76
Brenton Strange,Brenton Strange,tackle,0,5
Brenton Strange,Brenton Strange,manCover,0,5
Brenton Strange,Brenton Strange,zoneCover,0,5
Brenton Strange,Brenton Strange,catching,87,85
Brenton Strange,Brenton Strange,routeRun,72,67
Walker Little,Walker Little,rating,78,77
Walker Little,Walker Little,speed,82,77
Walker Little,Walker Little,power,83,86
Walker Little,Walker Little,agility,79,74
Walker Little,Walker Little,burst,86,81
Walker Little,Walker Little,tackle,0,5
Walker Little,Walker Little,manCover,0,5
Walker Little,Walker Little,zoneCover,0,5
Walker Little,Walker Little,catching,0,5
Walker Little,Walker Little,routeRun,0,5
Mykel Williams,Mykel Williams,rating,76,77
Mykel Williams,Mykel Williams,speed,89,84
Mykel Williams,Mykel Williams,power,84,86
Mykel Williams,Mykel Williams,agility,93,88
Mykel Williams,Mykel Williams,burst,76,81
Mykel Williams,Mykel Williams,intelligence,80,76
Mykel Williams,Mykel Williams,tackle,82,81
Mykel Williams,Mykel Williams,manCover,0,5
Mykel Williams,Mykel Williams,zoneCover,0,5
Mykel Williams,Mykel Williams,catching,0,5
Mykel Williams,Mykel Williams,routeRun,0,5
Ryan Fitzgerald,Ryan Fitzgerald,rating,77,76
Ryan Fitzgerald,Ryan Fitzgerald,speed,86,81
Ryan Fitzgerald,Ryan Fitzgerald,power,82,77
Ryan Fitzgerald,Ryan Fitzgerald,agility,80,75
Ryan Fitzgerald,Ryan Fitzgerald,burst,75,71
Ryan Fitzgerald,Ryan Fitzgerald,intelligence,75,70
Ryan Fitzgerald,Ryan Fitzgerald,tackle,0,5
Ryan Fitzgerald,Ryan Fitzgerald,manCover,0,5
Ryan Fitzgerald,Ryan Fitzgerald,zoneCover,0,5
Ryan Fitzgerald,Ryan Fitzgerald,catching,0,5
Ryan Fitzgerald,Ryan Fitzgerald,routeRun,0,5
Tyleik Williams,Tyleik Williams,rating,75,76
Tyleik Williams,Tyleik Williams,speed,79,75
Tyleik Williams,Tyleik Williams,power,84,89
Tyleik Williams,Tyleik Williams,agility,81,76
Tyleik Williams,Tyleik Williams,burst,84,79
Tyleik Williams,Tyleik Williams,intelligence,90,85
Tyleik Williams,Tyleik Williams,tackle,73,78
Tyleik Williams,Tyleik Williams,manCover,0,5
Tyleik Williams,Tyleik Williams,zoneCover,0,5
Tyleik Williams,Tyleik Williams,catching,0,5
Tyleik Williams,Tyleik Williams,routeRun,0,5
Isiah Pacheco,Isiah Pacheco,rating,77,76
Isiah Pacheco,Isiah Pacheco,speed,80,85
Isiah Pacheco,Isiah Pacheco,power,86,81
Isiah Pacheco,Isiah Pacheco,agility,87,85
Isiah Pacheco,Isiah Pacheco,burst,79,84
Isiah Pacheco,Isiah Pacheco,intelligence,95,90
Isiah Pacheco,Isiah Pacheco,tackle,0,5
Isiah Pacheco,Isiah Pacheco,manCover,0,5
Isiah Pacheco,Isiah Pacheco,zoneCover,0,5
Isiah Pacheco,Isiah Pacheco,catching,90,85
Isiah Pacheco,Isiah Pacheco,routeRun,87,82
Chamarri Conner,Chamarri Conner,rating,75,76
Chamarri Conner,Chamarri Conner,speed,69,74
Chamarri Conner,Chamarri Conner,power,73,68
Chamarri Conner,Chamarri Conner,agility,83,86
Chamarri Conner,Chamarri Conner,burst,84,89
Chamarri Conner,Chamarri Conner,intelligence,80,78
Chamarri Conner,Chamarri Conner,tackle,85,80
Chamarri Conner,Chamarri Conner,manCover,92,87
Chamarri Conner,Chamarri Conner,zoneCover,82,77
Chamarri Conner,Chamarri Conner,catching,0,5
Chamarri Conner,Chamarri Conner,routeRun,0,5
Kendre Miller,Kendre Miller,rating,77,76
Kendre Miller,Kendre Miller,speed,80,85
Kendre Miller,Kendre Miller,power,83,78
Kendre Miller,Kendre Miller,agility,90,85
Kendre Miller,Kendre Miller,burst,86,90
Kendre Miller,Kendre Miller,intelligence,81,79
Kendre Miller,Kendre Miller,tackle,0,5
Kendre Miller,Kendre Miller,manCover,0,5
Kendre Miller,Kendre Miller,zoneCover,0,5
Kendre Miller,Kendre Miller,catching,84,79
Kendre Miller,Kendre Miller,routeRun,77,72
Taliese Fuaga,Taliese Fuaga,rating,75,76
Taliese Fuaga,Taliese Fuaga,speed,77,72
Taliese Fuaga,Taliese Fuaga,power,84,89
Taliese Fuaga,Taliese Fuaga,agility,88,83
Taliese Fuaga,Taliese Fuaga,burst,90,85
Taliese Fuaga,Taliese Fuaga,tackle,0,5
Taliese Fuaga,Taliese Fuaga,manCover,0,5
Taliese Fuaga,Taliese Fuaga,zoneCover,0,5
Taliese Fuaga,Taliese Fuaga,catching,0,5
Taliese Fuaga,Taliese Fuaga,routeRun,0,5
Dane Belton,Dane Belton,rating,75,76
Dane Belton,Dane Belton,speed,87,91
Dane Belton,Dane Belton,power,76,71
Dane Belton,Dane Belton,agility,78,83
Dane Belton,Dane Belton,burst,85,90
Dane Belton,Dane Belton,intelligence,69,74
Dane Belton,Dane Belton,tackle,87,82
Dane Belton,Dane Belton,manCover,76,71
Dane Belton,Dane Belton,zoneCover,90,85
Dane Belton,Dane Belton,catching,0,5
Dane Belton,Dane Belton,routeRun,0,5
Riley Dixon,Riley Dixon,rating,75,76
Riley Dixon,Riley Dixon,speed,77,76
Riley Dixon,Riley Dixon,power,79,74
Riley Dixon,Riley Dixon,agility,81,76
Riley Dixon,Riley Dixon,burst,99,94
Riley Dixon,Riley Dixon,intelligence,83,78
Riley Dixon,Riley Dixon,tackle,0,5
Riley Dixon,Riley Dixon,manCover,0,5
Riley Dixon,Riley Dixon,zoneCover,0,5
Riley Dixon,Riley Dixon,catching,0,5
Riley Dixon,Riley Dixon,routeRun,0,5
Keon Coleman,Keon Coleman,rating,74,75
Keon Coleman,Keon Coleman,speed,80,85
Keon Coleman,Keon Coleman,power,94,89
Keon Coleman,Keon Coleman,agility,77,82
Keon Coleman,Keon Coleman,burst,84,88
Keon Coleman,Keon Coleman,intelligence,79,74
Keon Coleman,Keon Coleman,tackle,0,5
Keon Coleman,Keon Coleman,manCover,0,5
Keon Coleman,Keon Coleman,zoneCover,0,5
Keon Coleman,Keon Coleman,catching,83,84
Keon Coleman,Keon Coleman,routeRun,77,76
Jahdae Barron,Jahdae Barron,rating,74,75
Jahdae Barron,Jahdae Barron,speed,70,75
Jahdae Barron,Jahdae Barron,power,77,72
Jahdae Barron,Jahdae Barron,agility,90,88
Jahdae Barron,Jahdae Barron,burst,86,91
Jahdae Barron,Jahdae Barron,intelligence,84,79
Jahdae Barron,Jahdae Barron,tackle,87,82
Jahdae Barron,Jahdae Barron,manCover,84,79
Jahdae Barron,Jahdae Barron,zoneCover,67,72
Jahdae Barron,Jahdae Barron,catching,0,5
Jahdae Barron,Jahdae Barron,routeRun,0,5
Matt Araiza,Matt Araiza,rating,76,75
Matt Araiza,Matt Araiza,speed,84,82
Matt Araiza,Matt Araiza,power,87,82
Matt Araiza,Matt Araiza,agility,96,91
Matt Araiza,Matt Araiza,burst,94,89
Matt Araiza,Matt Araiza,intelligence,89,84
Matt Araiza,Matt Araiza,tackle,0,5
Matt Araiza,Matt Araiza,manCover,0,5
Matt Araiza,Matt Araiza,zoneCover,0,5
Matt Araiza,Matt Araiza,catching,0,5
Matt Araiza,Matt Araiza,routeRun,0,5
Tory Horton,Tory Horton,rating,74,75
Tory Horton,Tory Horton,speed,73,78
Tory Horton,Tory Horton,power,76,71
Tory Horton,Tory Horton,agility,82,87
Tory Horton,Tory Horton,burst,81,86
Tory Horton,Tory Horton,intelligence,94,89
Tory Horton,Tory Horton,tackle,0,5
Tory Horton,Tory Horton,manCover,0,5
Tory Horton,Tory Horton,zoneCover,0,5
Tory Horton,Tory Horton,catching,86,85
Tory Horton,Tory Horton,routeRun,80,76
Tershawn Wharton,Tershawn Wharton,rating,73,74
Tershawn Wharton,Tershawn Wharton,speed,80,78
Tershawn Wharton,Tershawn Wharton,power,74,79
Tershawn Wharton,Tershawn Wharton,agility,82,77
Tershawn Wharton,Tershawn Wharton,burst,87,82
Tershawn Wharton,Tershawn Wharton,intelligence,75,77
Tershawn Wharton,Tershawn Wharton,tackle,74,79
Tershawn Wharton,Tershawn Wharton,manCover,0,5
Tershawn Wharton,Tershawn Wharton,zoneCover,0,5
Tershawn Wharton,Tershawn Wharton,catching,0,5
Tershawn Wharton,Tershawn Wharton,routeRun,0,5
Malcolm Rodriguez,Malcolm Rodriguez,rating,75,74
Malcolm Rodriguez,Malcolm Rodriguez,speed,85,86
Malcolm Rodriguez,Malcolm Rodriguez,power,78,80
Malcolm Rodriguez,Malcolm Rodriguez,agility,93,88
Malcolm Rodriguez,Malcolm Rodriguez,burst,88,89
Malcolm Rodriguez,Malcolm Rodriguez,intelligence,81,76
Malcolm Rodriguez,Malcolm Rodriguez,tackle,94,89
Malcolm Rodriguez,Malcolm Rodriguez,manCover,0,5
Malcolm Rodriguez,Malcolm Rodriguez,zoneCover,0,5
Malcolm Rodriguez,Malcolm Rodriguez,catching,0,5
Malcolm Rodriguez,Malcolm Rodriguez,routeRun,0,5
Dennis Gardeck,Dennis Gardeck,rating,73,74
Dennis Gardeck,Dennis Gardeck,speed,79,84
Dennis Gardeck,Dennis Gardeck,power,95,90
Dennis Gardeck,Dennis Gardeck,agility,82,77
Dennis Gardeck,Dennis Gardeck,burst,79,84
Dennis Gardeck,Dennis Gardeck,intelligence,84,79
Dennis Gardeck,Dennis Gardeck,tackle,84,82
Dennis Gardeck,Dennis Gardeck,manCover,0,5
Dennis Gardeck,Dennis Gardeck,zoneCover,0,5
Dennis Gardeck,Dennis Gardeck,catching,0,5
Dennis Gardeck,Dennis Gardeck,routeRun,0,5
Mason Taylor,Mason Taylor,rating,73,74
Mason Taylor,Mason Taylor,speed,81,83
Mason Taylor,Mason Taylor,power,77,75
Mason Taylor,Mason Taylor,agility,79,83
Mason Taylor,Mason Taylor,burst,83,86
Mason Taylor,Mason Taylor,intelligence,82,77
Mason Taylor,Mason Taylor,tackle,0,5
Mason Taylor,Mason Taylor,manCover,0,5
Mason Taylor,Mason Taylor,zoneCover,0,5
Mason Taylor,Mason Taylor,catching,85,84
Mason Taylor,Mason Taylor,routeRun,84,79
Ji'Ayir Brown,Ji'Ayir Brown,rating,73,74
Ji'Ayir Brown,Ji'Ayir Brown,power,84,79
Ji'Ayir Brown,Ji'Ayir Brown,agility,94,89
Ji'Ayir Brown,Ji'Ayir Brown,burst,95,91
Ji'Ayir Brown,Ji'Ayir Brown,intelligence,86,81
Ji'Ayir Brown,Ji'Ayir Brown,tackle,72,70
Ji'Ayir Brown,Ji'Ayir Brown,manCover,86,81
Ji'Ayir Brown,Ji'Ayir Brown,zoneCover,81,76
Ji'Ayir Brown,Ji'Ayir Brown,catching,0,5
Ji'Ayir Brown,Ji'Ayir Brown,routeRun,0,5
Chimere Dike,Chimere Dike,rating,73,74
Chimere Dike,Chimere Dike,speed,98,94
Chimere Dike,Chimere Dike,power,88,83
Chimere Dike,Chimere Dike,agility,81,86
Chimere Dike,Chimere Dike,burst,99,94
Chimere Dike,Chimere Dike,intelligence,62,67
Chimere Dike,Chimere Dike,tackle,0,5
Chimere Dike,Chimere Dike,manCover,0,5
Chimere Dike,Chimere Dike,zoneCover,0,5
Chimere Dike,Chimere Dike,catching,71,76
Chimere Dike,Chimere Dike,routeRun,74,75
Treylon Burks,Treylon Burks,rating,73,74
Treylon Burks,Treylon Burks,speed,86,89
Treylon Burks,Treylon Burks,power,83,78
Treylon Burks,Treylon Burks,agility,73,78
Treylon Burks,Treylon Burks,burst,82,87
Treylon Burks,Treylon Burks,intelligence,76,77
Treylon Burks,Treylon Burks,tackle,0,5
Treylon Burks,Treylon Burks,manCover,0,5
Treylon Burks,Treylon Burks,zoneCover,0,5
Treylon Burks,Treylon Burks,catching,78,82
Treylon Burks,Treylon Burks,routeRun,83,78
Tua Tagovailoa,Tua Tagovailoa,rating,74,73
Tua Tagovailoa,Tua Tagovailoa,speed,72,77
Tua Tagovailoa,Tua Tagovailoa,power,79,74
Tua Tagovailoa,Tua Tagovailoa,agility,85,80
Tua Tagovailoa,Tua Tagovailoa,burst,68,73
Tua Tagovailoa,Tua Tagovailoa,intelligence,80,75
Tua Tagovailoa,Tua Tagovailoa,tackle,0,5
Tua Tagovailoa,Tua Tagovailoa,manCover,0,5
Tua Tagovailoa,Tua Tagovailoa,zoneCover,0,5
Tua Tagovailoa,Tua Tagovailoa,catching,0,5
Tua Tagovailoa,Tua Tagovailoa,routeRun,0,5
Warren McClendon Jr.,Warren McClendon Jr,rating,74,73
Warren McClendon Jr.,Warren McClendon Jr,speed,82,77
Warren McClendon Jr.,Warren McClendon Jr,power,84,88
Warren McClendon Jr.,Warren McClendon Jr,agility,81,76
Warren McClendon Jr.,Warren McClendon Jr,burst,93,88
Warren McClendon Jr.,Warren McClendon Jr,intelligence,78,73
Warren McClendon Jr.,Warren McClendon Jr,tackle,0,5
Warren McClendon Jr.,Warren McClendon Jr,manCover,0,5
Warren McClendon Jr.,Warren McClendon Jr,zoneCover,0,5
Warren McClendon Jr.,Warren McClendon Jr,catching,0,5
Warren McClendon Jr.,Warren McClendon Jr,routeRun,0,5
Keion White,Keion White,rating,74,73
Keion White,Keion White,speed,81,82
Keion White,Keion White,power,84,85
Keion White,Keion White,agility,85,80
Keion White,Keion White,burst,92,87
Keion White,Keion White,intelligence,89,84
Keion White,Keion White,tackle,83,84
Keion White,Keion White,manCover,0,5
Keion White,Keion White,zoneCover,0,5
Keion White,Keion White,catching,0,5
Keion White,Keion White,routeRun,0,5
Jeremy Reaves,Jeremy Reaves,rating,74,73
Jeremy Reaves,Jeremy Reaves,speed,82,85
Jeremy Reaves,Jeremy Reaves,power,71,66
Jeremy Reaves,Jeremy Reaves,agility,82,77
Jeremy Reaves,Jeremy Reaves,burst,83,84
Jeremy Reaves,Jeremy Reaves,intelligence,90,85
Jeremy Reaves,Jeremy Reaves,tackle,82,77
Jeremy Reaves,Jeremy Reaves,manCover,82,77
Jeremy Reaves,Jeremy Reaves,zoneCover,82,77
Jeremy Reaves,Jeremy Reaves,catching,0,5
Jeremy Reaves,Jeremy Reaves,routeRun,0,5
Jaylon Moore,Jaylon Moore,rating,71,72
Jaylon Moore,Jaylon Moore,speed,78,73
Jaylon Moore,Jaylon Moore,power,80,84
Jaylon Moore,Jaylon Moore,agility,84,79
Jaylon Moore,Jaylon Moore,burst,85,80
Jaylon Moore,Jaylon Moore,intelligence,80,75
Jaylon Moore,Jaylon Moore,tackle,0,5
Jaylon Moore,Jaylon Moore,manCover,0,5
Jaylon Moore,Jaylon Moore,zoneCover,0,5
Jaylon Moore,Jaylon Moore,catching,0,5
Jaylon Moore,Jaylon Moore,routeRun,0,5
DJ Glaze,DJ Glaze,rating,71,72
DJ Glaze,DJ Glaze,speed,78,73
DJ Glaze,DJ Glaze,power,82,87
DJ Glaze,DJ Glaze,agility,71,66
DJ Glaze,DJ Glaze,burst,86,81
DJ Glaze,DJ Glaze,intelligence,75,76
DJ Glaze,DJ Glaze,tackle,0,5
DJ Glaze,DJ Glaze,manCover,0,5
DJ Glaze,DJ Glaze,zoneCover,0,5
DJ Glaze,DJ Glaze,catching,0,5
DJ Glaze,DJ Glaze,routeRun,0,5
Ty Robinson,Ty Robinson,rating,71,72
Ty Robinson,Ty Robinson,speed,74,78
Ty Robinson,Ty Robinson,power,80,85
Ty Robinson,Ty Robinson,agility,92,87
Ty Robinson,Ty Robinson,burst,86,81
Ty Robinson,Ty Robinson,intelligence,85,80
Ty Robinson,Ty Robinson,tackle,78,74
Ty Robinson,Ty Robinson,manCover,0,5
Ty Robinson,Ty Robinson,zoneCover,0,5
Ty Robinson,Ty Robinson,catching,0,5
Ty Robinson,Ty Robinson,routeRun,0,5
Jake Andrews,Jake Andrews,rating,70,71
Jake Andrews,Jake Andrews,speed,85,80
Jake Andrews,Jake Andrews,power,86,87
Jake Andrews,Jake Andrews,agility,78,73
Jake Andrews,Jake Andrews,burst,82,77
Jake Andrews,Jake Andrews,intelligence,83,78
Jake Andrews,Jake Andrews,tackle,0,5
Jake Andrews,Jake Andrews,manCover,0,5
Jake Andrews,Jake Andrews,zoneCover,0,5
Jake Andrews,Jake Andrews,catching,0,5
Jake Andrews,Jake Andrews,routeRun,0,5
Nehemiah Pritchett,Nehemiah Pritchett,rating,70,71
Nehemiah Pritchett,Nehemiah Pritchett,speed,64,69
Nehemiah Pritchett,Nehemiah Pritchett,power,66,61
Nehemiah Pritchett,Nehemiah Pritchett,agility,79,84
Nehemiah Pritchett,Nehemiah Pritchett,burst,82,87
Nehemiah Pritchett,Nehemiah Pritchett,intelligence,87,82
Nehemiah Pritchett,Nehemiah Pritchett,tackle,83,78
Nehemiah Pritchett,Nehemiah Pritchett,manCover,66,68
Nehemiah Pritchett,Nehemiah Pritchett,zoneCover,93,88
Nehemiah Pritchett,Nehemiah Pritchett,catching,0,5
Nehemiah Pritchett,Nehemiah Pritchett,routeRun,0,5
Gardner Minshew,Gardner Minshew II,rating,69,70
Gardner Minshew,Gardner Minshew II,speed,92,87
Gardner Minshew,Gardner Minshew II,power,73,68
Gardner Minshew,Gardner Minshew II,burst,81,82
Gardner Minshew,Gardner Minshew II,intelligence,79,74
Gardner Minshew,Gardner Minshew II,tackle,0,5
Gardner Minshew,Gardner Minshew II,manCover,0,5
Gardner Minshew,Gardner Minshew II,zoneCover,0,5
Gardner Minshew,Gardner Minshew II,catching,0,5
Gardner Minshew,Gardner Minshew II,routeRun,0,5
LaJohntay Wester,Lajohntay Wester,rating,71,70
LaJohntay Wester,Lajohntay Wester,speed,96,91
LaJohntay Wester,Lajohntay Wester,power,72,67
LaJohntay Wester,Lajohntay Wester,agility,78,83
LaJohntay Wester,Lajohntay Wester,burst,97,92
LaJohntay Wester,Lajohntay Wester,intelligence,72,67
LaJohntay Wester,Lajohntay Wester,tackle,0,5
LaJohntay Wester,Lajohntay Wester,manCover,0,5
LaJohntay Wester,Lajohntay Wester,zoneCover,0,5
LaJohntay Wester,Lajohntay Wester,catching,74,79
LaJohntay Wester,Lajohntay Wester,routeRun,70,73
Danny Stutsman,Danny Stutsman,rating,69,70
Danny Stutsman,Danny Stutsman,speed,81,86
Danny Stutsman,Danny Stutsman,agility,78,79
Danny Stutsman,Danny Stutsman,burst,86,90
Danny Stutsman,Danny Stutsman,intelligence,77,72
Danny Stutsman,Danny Stutsman,tackle,76,81
Danny Stutsman,Danny Stutsman,manCover,78,73
Danny Stutsman,Danny Stutsman,zoneCover,77,72
Danny Stutsman,Danny Stutsman,catching,0,5
Danny Stutsman,Danny Stutsman,routeRun,0,5
Ben Skowronek,Ben Skowronek,rating,71,70
Ben Skowronek,Ben Skowronek,speed,68,73
Ben Skowronek,Ben Skowronek,power,83,78
Ben Skowronek,Ben Skowronek,agility,85,80
Ben Skowronek,Ben Skowronek,burst,80,85
Ben Skowronek,Ben Skowronek,intelligence,71,74
Ben Skowronek,Ben Skowronek,tackle,0,5
Ben Skowronek,Ben Skowronek,manCover,0,5
Ben Skowronek,Ben Skowronek,zoneCover,0,5
Ben Skowronek,Ben Skowronek,catching,83,88
Ben Skowronek,Ben Skowronek,routeRun,83,78
DeMarcco Hellams,DeMarcco Hellams,rating,68,69
DeMarcco Hellams,DeMarcco Hellams,speed,81,86
DeMarcco Hellams,DeMarcco Hellams,power,73,70
DeMarcco Hellams,DeMarcco Hellams,agility,75,76
DeMarcco Hellams,DeMarcco Hellams,burst,76,81
DeMarcco Hellams,DeMarcco Hellams,intelligence,74,69
DeMarcco Hellams,DeMarcco Hellams,tackle,79,75
DeMarcco Hellams,DeMarcco Hellams,manCover,81,76
DeMarcco Hellams,DeMarcco Hellams,zoneCover,87,82
DeMarcco Hellams,DeMarcco Hellams,catching,0,5
DeMarcco Hellams,DeMarcco Hellams,routeRun,0,5
Ja'Tavion Sanders,Ja'Tavion Sanders,rating,68,69
Ja'Tavion Sanders,Ja'Tavion Sanders,speed,82,83
Ja'Tavion Sanders,Ja'Tavion Sanders,power,74,69
Ja'Tavion Sanders,Ja'Tavion Sanders,agility,66,71
Ja'Tavion Sanders,Ja'Tavion Sanders,intelligence,68,72
Ja'Tavion Sanders,Ja'Tavion Sanders,tackle,0,5
Ja'Tavion Sanders,Ja'Tavion Sanders,manCover,0,5
Ja'Tavion Sanders,Ja'Tavion Sanders,zoneCover,0,5
Ja'Tavion Sanders,Ja'Tavion Sanders,catching,84,79
Ja'Tavion Sanders,Ja'Tavion Sanders,routeRun,86,81
Jahdae Walker,Jahdae Walker,rating,70,69
Jahdae Walker,Jahdae Walker,speed,69,74
Jahdae Walker,Jahdae Walker,power,80,75
Jahdae Walker,Jahdae Walker,agility,73,78
Jahdae Walker,Jahdae Walker,burst,74,79
Jahdae Walker,Jahdae Walker,intelligence,83,78
Jahdae Walker,Jahdae Walker,tackle,0,5
Jahdae Walker,Jahdae Walker,manCover,0,5
Jahdae Walker,Jahdae Walker,zoneCover,0,5
Jahdae Walker,Jahdae Walker,catching,87,82
Jahdae Walker,Jahdae Walker,routeRun,85,80
Vernon Broughton,Vernon Broughton,rating,70,69
Vernon Broughton,Vernon Broughton,speed,82,77
Vernon Broughton,Vernon Broughton,power,76,81
Vernon Broughton,Vernon Broughton,agility,89,84
Vernon Broughton,Vernon Broughton,burst,72,77
Vernon Broughton,Vernon Broughton,intelligence,80,75
Vernon Broughton,Vernon Broughton,tackle,87,82
Vernon Broughton,Vernon Broughton,manCover,0,5
Vernon Broughton,Vernon Broughton,zoneCover,0,5
Vernon Broughton,Vernon Broughton,catching,0,5
Vernon Broughton,Vernon Broughton,routeRun,0,5
Rodney Thomas,Rodney Thomas II,rating,68,69
Rodney Thomas,Rodney Thomas II,speed,75,80
Rodney Thomas,Rodney Thomas II,power,82,77
Rodney Thomas,Rodney Thomas II,agility,70,75
Rodney Thomas,Rodney Thomas II,burst,74,79
Rodney Thomas,Rodney Thomas II,intelligence,76,71
Rodney Thomas,Rodney Thomas II,tackle,90,85
Rodney Thomas,Rodney Thomas II,manCover,77,72
Rodney Thomas,Rodney Thomas II,zoneCover,81,76
Rodney Thomas,Rodney Thomas II,catching,0,5
Rodney Thomas,Rodney Thomas II,routeRun,0,5
Kylen Granson,Kylen Granson,rating,70,69
Kylen Granson,Kylen Granson,speed,73,78
Kylen Granson,Kylen Granson,power,83,78
Kylen Granson,Kylen Granson,agility,67,72
Kylen Granson,Kylen Granson,burst,71,76
Kylen Granson,Kylen Granson,intelligence,80,75
Kylen Granson,Kylen Granson,tackle,0,5
Kylen Granson,Kylen Granson,manCover,0,5
Kylen Granson,Kylen Granson,zoneCover,0,5
Kylen Granson,Kylen Granson,catching,81,79
Kylen Granson,Kylen Granson,routeRun,90,85
Ben Sinnott,Ben Sinnott,rating,70,69
Ben Sinnott,Ben Sinnott,speed,75,80
Ben Sinnott,Ben Sinnott,power,84,79
Ben Sinnott,Ben Sinnott,agility,71,76
Ben Sinnott,Ben Sinnott,burst,91,89
Ben Sinnott,Ben Sinnott,intelligence,71,66
Ben Sinnott,Ben Sinnott,tackle,0,5
Ben Sinnott,Ben Sinnott,manCover,0,5
Ben Sinnott,Ben Sinnott,zoneCover,0,5
Ben Sinnott,Ben Sinnott,catching,85,80
Ben Sinnott,Ben Sinnott,routeRun,77,72
British Brooks,British Brooks,rating,67,68
British Brooks,British Brooks,speed,69,74
British Brooks,British Brooks,power,76,78
British Brooks,British Brooks,agility,84,81
British Brooks,British Brooks,burst,84,89
British Brooks,British Brooks,intelligence,82,77
British Brooks,British Brooks,tackle,0,5
British Brooks,British Brooks,manCover,0,5
British Brooks,British Brooks,zoneCover,0,5
British Brooks,British Brooks,catching,76,71
British Brooks,British Brooks,routeRun,86,81
David Quessenberry,David Quessenberry,rating,67,68
David Quessenberry,David Quessenberry,speed,85,80
David Quessenberry,David Quessenberry,power,84,85
David Quessenberry,David Quessenberry,agility,82,77
David Quessenberry,David Quessenberry,burst,75,70
David Quessenberry,David Quessenberry,intelligence,75,80
David Quessenberry,David Quessenberry,tackle,0,5
David Quessenberry,David Quessenberry,manCover,0,5
David Quessenberry,David Quessenberry,zoneCover,0,5
David Quessenberry,David Quessenberry,catching,0,5
David Quessenberry,David Quessenberry,routeRun,0,5
Dont'e Thornton Jr.,Dont'e Thornton Jr,rating,67,68
Dont'e Thornton Jr.,Dont'e Thornton Jr,speed,83,88
Dont'e Thornton Jr.,Dont'e Thornton Jr,power,84,79
Dont'e Thornton Jr.,Dont'e Thornton Jr,agility,75,80
Dont'e Thornton Jr.,Dont'e Thornton Jr,burst,77,82
Dont'e Thornton Jr.,Dont'e Thornton Jr,intelligence,76,71
Dont'e Thornton Jr.,Dont'e Thornton Jr,tackle,0,5
Dont'e Thornton Jr.,Dont'e Thornton Jr,manCover,0,5
Dont'e Thornton Jr.,Dont'e Thornton Jr,zoneCover,0,5
Dont'e Thornton Jr.,Dont'e Thornton Jr,catching,72,75
Dont'e Thornton Jr.,Dont'e Thornton Jr,routeRun,84,79
Korie Black,Korie Black,rating,69,68
Korie Black,Korie Black,speed,81,86
Korie Black,Korie Black,power,82,77
Korie Black,Korie Black,agility,78,83
Korie Black,Korie Black,burst,82,87
Korie Black,Korie Black,intelligence,70,65
Korie Black,Korie Black,tackle,80,75
Korie Black,Korie Black,manCover,84,79
Korie Black,Korie Black,zoneCover,74,72
Korie Black,Korie Black,catching,0,5
Korie Black,Korie Black,routeRun,0,5
Connor Colby,Connor Colby,rating,69,68
Connor Colby,Connor Colby,speed,82,77
Connor Colby,Connor Colby,power,72,77
Connor Colby,Connor Colby,agility,70,66
Connor Colby,Connor Colby,burst,89,84
Connor Colby,Connor Colby,intelligence,84,79
Connor Colby,Connor Colby,tackle,0,5
Connor Colby,Connor Colby,manCover,0,5
Connor Colby,Connor Colby,zoneCover,0,5
Connor Colby,Connor Colby,catching,0,5
Connor Colby,Connor Colby,routeRun,0,5
Dan Feeney,Dan Feeney,rating,67,68
Dan Feeney,Dan Feeney,speed,72,67
Dan Feeney,Dan Feeney,power,79,84
Dan Feeney,Dan Feeney,agility,73,68
Dan Feeney,Dan Feeney,burst,79,74
Dan Feeney,Dan Feeney,intelligence,76,80
Dan Feeney,Dan Feeney,tackle,0,5
Dan Feeney,Dan Feeney,manCover,0,5
Dan Feeney,Dan Feeney,zoneCover,0,5
Dan Feeney,Dan Feeney,catching,0,5
Dan Feeney,Dan Feeney,routeRun,0,5
Kenny Pickett,Kenny Pickett,rating,68,67
Kenny Pickett,Kenny Pickett,power,62,67
Kenny Pickett,Kenny Pickett,agility,82,80
Kenny Pickett,Kenny Pickett,burst,98,93
Kenny Pickett,Kenny Pickett,intelligence,73,68
Kenny Pickett,Kenny Pickett,tackle,0,5
Kenny Pickett,Kenny Pickett,manCover,0,5
Kenny Pickett,Kenny Pickett,zoneCover,0,5
Kenny Pickett,Kenny Pickett,catching,0,5
Kenny Pickett,Kenny Pickett,routeRun,0,5
JJ Pegues,JJ Pegues,rating,68,67
JJ Pegues,JJ Pegues,power,81,84
JJ Pegues,JJ Pegues,agility,82,77
JJ Pegues,JJ Pegues,burst,82,77
JJ Pegues,JJ Pegues,intelligence,79,74
JJ Pegues,JJ Pegues,tackle,84,79
JJ Pegues,JJ Pegues,manCover,0,5
JJ Pegues,JJ Pegues,zoneCover,0,5
JJ Pegues,JJ Pegues,catching,0,5
JJ Pegues,JJ Pegues,routeRun,0,5
Micah Robinson,Micah Robinson,rating,66,67
Micah Robinson,Micah Robinson,speed,90,92
Micah Robinson,Micah Robinson,power,77,72
Micah Robinson,Micah Robinson,agility,76,79
Micah Robinson,Micah Robinson,burst,75,80
Micah Robinson,Micah Robinson,intelligence,79,74
Micah Robinson,Micah Robinson,tackle,80,75
Micah Robinson,Micah Robinson,manCover,73,68
Micah Robinson,Micah Robinson,zoneCover,74,69
Micah Robinson,Micah Robinson,catching,0,5
Micah Robinson,Micah Robinson,routeRun,0,5
Nick Niemann,Nick Niemann,rating,65,66
Nick Niemann,Nick Niemann,speed,83,88
Nick Niemann,Nick Niemann,power,81,76
Nick Niemann,Nick Niemann,agility,72,77
Nick Niemann,Nick Niemann,burst,79,84
Nick Niemann,Nick Niemann,intelligence,78,73
Nick Niemann,Nick Niemann,tackle,72,77
Nick Niemann,Nick Niemann,manCover,74,69
Nick Niemann,Nick Niemann,zoneCover,67,63
Nick Niemann,Nick Niemann,catching,0,5
Nick Niemann,Nick Niemann,routeRun,0,5
Rayuan Lane III,Rayuan Lane III,rating,67,66
Rayuan Lane III,Rayuan Lane III,speed,71,76
Rayuan Lane III,Rayuan Lane III,power,73,68
Rayuan Lane III,Rayuan Lane III,agility,74,79
Rayuan Lane III,Rayuan Lane III,burst,83,85
Rayuan Lane III,Rayuan Lane III,intelligence,82,77
Rayuan Lane III,Rayuan Lane III,tackle,87,82
Rayuan Lane III,Rayuan Lane III,manCover,73,68
Rayuan Lane III,Rayuan Lane III,zoneCover,68,65
Rayuan Lane III,Rayuan Lane III,catching,0,5
Rayuan Lane III,Rayuan Lane III,routeRun,0,5
Keyon Martin,Keyon Martin,rating,64,65
Keyon Martin,Keyon Martin,speed,78,83
Keyon Martin,Keyon Martin,power,82,77
Keyon Martin,Keyon Martin,agility,67,72
Keyon Martin,Keyon Martin,burst,74,79
Keyon Martin,Keyon Martin,intelligence,88,83
Keyon Martin,Keyon Martin,tackle,74,69
Keyon Martin,Keyon Martin,manCover,77,72
Keyon Martin,Keyon Martin,zoneCover,71,66
Keyon Martin,Keyon Martin,catching,0,5
Keyon Martin,Keyon Martin,routeRun,0,5
Brevyn Spann-Ford,Brevyn Spann-Ford,rating,64,65
Brevyn Spann-Ford,Brevyn Spann-Ford,speed,85,80
Brevyn Spann-Ford,Brevyn Spann-Ford,power,67,72
Brevyn Spann-Ford,Brevyn Spann-Ford,agility,88,83
Brevyn Spann-Ford,Brevyn Spann-Ford,burst,78,83
Brevyn Spann-Ford,Brevyn Spann-Ford,intelligence,76,71
Brevyn Spann-Ford,Brevyn Spann-Ford,tackle,0,5
Brevyn Spann-Ford,Brevyn Spann-Ford,manCover,0,5
Brevyn Spann-Ford,Brevyn Spann-Ford,zoneCover,0,5
Brevyn Spann-Ford,Brevyn Spann-Ford,catching,74,77
Brevyn Spann-Ford,Brevyn Spann-Ford,routeRun,90,85
Zemaiah Vaughn,Zemaiah Vaughn,rating,66,65
Zemaiah Vaughn,Zemaiah Vaughn,speed,83,88
Zemaiah Vaughn,Zemaiah Vaughn,power,71,66
Zemaiah Vaughn,Zemaiah Vaughn,agility,76,73
Zemaiah Vaughn,Zemaiah Vaughn,burst,84,89
Zemaiah Vaughn,Zemaiah Vaughn,intelligence,69,64
Zemaiah Vaughn,Zemaiah Vaughn,tackle,75,70
Zemaiah Vaughn,Zemaiah Vaughn,manCover,77,72
Zemaiah Vaughn,Zemaiah Vaughn,zoneCover,83,78
Zemaiah Vaughn,Zemaiah Vaughn,catching,0,5
Zemaiah Vaughn,Zemaiah Vaughn,routeRun,0,5
Stone Forsythe,Stone Forsythe,rating,63,64
Stone Forsythe,Stone Forsythe,speed,73,68
Stone Forsythe,Stone Forsythe,power,73,78
Stone Forsythe,Stone Forsythe,agility,70,66
Stone Forsythe,Stone Forsythe,burst,81,76
Stone Forsythe,Stone Forsythe,intelligence,82,77
Stone Forsythe,Stone Forsythe,tackle,0,5
Stone Forsythe,Stone Forsythe,manCover,0,5
Stone Forsythe,Stone Forsythe,zoneCover,0,5
Stone Forsythe,Stone Forsythe,catching,0,5
Stone Forsythe,Stone Forsythe,routeRun,0,5
Nate Adkins,Nate Adkins,rating,63,64
Nate Adkins,Nate Adkins,speed,75,77
Nate Adkins,Nate Adkins,power,69,74
Nate Adkins,Nate Adkins,agility,68,73
Nate Adkins,Nate Adkins,burst,73,78
Nate Adkins,Nate Adkins,intelligence,87,82
Nate Adkins,Nate Adkins,tackle,0,5
Nate Adkins,Nate Adkins,manCover,0,5
Nate Adkins,Nate Adkins,zoneCover,0,5
Nate Adkins,Nate Adkins,catching,73,78
Nate Adkins,Nate Adkins,routeRun,67,62
Storm Norton,Storm Norton,rating,62,63
Storm Norton,Storm Norton,speed,80,75
Storm Norton,Storm Norton,power,85,82
Storm Norton,Storm Norton,agility,76,71
Storm Norton,Storm Norton,burst,81,76
Storm Norton,Storm Norton,intelligence,66,71
Storm Norton,Storm Norton,tackle,0,5
Storm Norton,Storm Norton,manCover,0,5
Storm Norton,Storm Norton,zoneCover,0,5
Storm Norton,Storm Norton,catching,0,5
Storm Norton,Storm Norton,routeRun,0,5
Jackson Woodard,Jackson Woodard,rating,64,63
Jackson Woodard,Jackson Woodard,speed,80,84
Jackson Woodard,Jackson Woodard,power,78,73
Jackson Woodard,Jackson Woodard,agility,83,78
Jackson Woodard,Jackson Woodard,intelligence,63,62
Jackson Woodard,Jackson Woodard,manCover,77,72
Jackson Woodard,Jackson Woodard,zoneCover,69,64
Jackson Woodard,Jackson Woodard,catching,0,5
Jackson Woodard,Jackson Woodard,routeRun,0,5
Jordan Clark,Jordan Clark,rating,64,63
Jordan Clark,Jordan Clark,speed,81,86
Jordan Clark,Jordan Clark,power,70,65
Jordan Clark,Jordan Clark,agility,68,73
Jordan Clark,Jordan Clark,burst,81,86
Jordan Clark,Jordan Clark,intelligence,78,73
Jordan Clark,Jordan Clark,tackle,74,69
Jordan Clark,Jordan Clark,manCover,86,81
Jordan Clark,Jordan Clark,zoneCover,71,68
Jordan Clark,Jordan Clark,catching,0,5
Jordan Clark,Jordan Clark,routeRun,0,5
Brandon Pili,Brandon Pili,rating,64,63
Brandon Pili,Brandon Pili,speed,75,70
Brandon Pili,Brandon Pili,power,74,79
Brandon Pili,Brandon Pili,agility,78,73
Brandon Pili,Brandon Pili,burst,81,76
Brandon Pili,Brandon Pili,intelligence,79,74
Brandon Pili,Brandon Pili,tackle,81,76
Brandon Pili,Brandon Pili,manCover,0,5
Brandon Pili,Brandon Pili,zoneCover,0,5
Brandon Pili,Brandon Pili,catching,0,5
Brandon Pili,Brandon Pili,routeRun,0,5
Joe Huber,Joe Huber,rating,61,62
Joe Huber,Joe Huber,speed,72,67
Joe Huber,Joe Huber,power,74,79
Joe Huber,Joe Huber,agility,77,72
Joe Huber,Joe Huber,burst,79,74
Joe Huber,Joe Huber,intelligence,75,70
Joe Huber,Joe Huber,tackle,0,5
Joe Huber,Joe Huber,manCover,0,5
Joe Huber,Joe Huber,zoneCover,0,5
Joe Huber,Joe Huber,catching,0,5
Joe Huber,Joe Huber,routeRun,0,5
Jahmyr Gibbs,Jahmyr Gibbs,rating,96,98
Jahmyr Gibbs,Jahmyr Gibbs,speed,99,98
Jahmyr Gibbs,Jahmyr Gibbs,power,84,79
Jahmyr Gibbs,Jahmyr Gibbs,agility,99,94
Jahmyr Gibbs,Jahmyr Gibbs,burst,99,95
Jahmyr Gibbs,Jahmyr Gibbs,intelligence,93,88
Jahmyr Gibbs,Jahmyr Gibbs,tackle,0,5
Jahmyr Gibbs,Jahmyr Gibbs,manCover,0,5
Jahmyr Gibbs,Jahmyr Gibbs,zoneCover,0,5
Jahmyr Gibbs,Jahmyr Gibbs,catching,88,83
Jahmyr Gibbs,Jahmyr Gibbs,routeRun,98,93
Justin Jefferson,Justin Jefferson,rating,99,97
Justin Jefferson,Justin Jefferson,speed,97,92
Justin Jefferson,Justin Jefferson,power,88,83
Justin Jefferson,Justin Jefferson,burst,95,92
Justin Jefferson,Justin Jefferson,tackle,0,5
Justin Jefferson,Justin Jefferson,manCover,0,5
Justin Jefferson,Justin Jefferson,zoneCover,0,5
Justin Jefferson,Justin Jefferson,catching,99,95
Justin Jefferson,Justin Jefferson,routeRun,99,95
Joe Thuney,Joe Thuney,rating,94,96
Joe Thuney,Joe Thuney,speed,87,82
Joe Thuney,Joe Thuney,power,95,90
Joe Thuney,Joe Thuney,agility,88,83
Joe Thuney,Joe Thuney,burst,90,85
Joe Thuney,Joe Thuney,intelligence,93,98
Joe Thuney,Joe Thuney,tackle,0,5
Joe Thuney,Joe Thuney,manCover,0,5
Joe Thuney,Joe Thuney,zoneCover,0,5
Joe Thuney,Joe Thuney,catching,0,5
Joe Thuney,Joe Thuney,routeRun,0,5
Garett Bolles,Garett Bolles,rating,94,96
Garett Bolles,Garett Bolles,speed,85,80
Garett Bolles,Garett Bolles,power,91,87
Garett Bolles,Garett Bolles,agility,92,87
Garett Bolles,Garett Bolles,burst,93,88
Garett Bolles,Garett Bolles,intelligence,93,97
Garett Bolles,Garett Bolles,tackle,0,5
Garett Bolles,Garett Bolles,manCover,0,5
Garett Bolles,Garett Bolles,zoneCover,0,5
Garett Bolles,Garett Bolles,catching,0,5
Garett Bolles,Garett Bolles,routeRun,0,5
Aidan Hutchinson,Aidan Hutchinson,rating,97,95
Aidan Hutchinson,Aidan Hutchinson,speed,92,87
Aidan Hutchinson,Aidan Hutchinson,power,92,87
Aidan Hutchinson,Aidan Hutchinson,agility,94,89
Aidan Hutchinson,Aidan Hutchinson,burst,93,88
Aidan Hutchinson,Aidan Hutchinson,intelligence,88,93
Aidan Hutchinson,Aidan Hutchinson,tackle,94,91
Aidan Hutchinson,Aidan Hutchinson,manCover,0,5
Aidan Hutchinson,Aidan Hutchinson,zoneCover,0,5
Aidan Hutchinson,Aidan Hutchinson,catching,0,5
Aidan Hutchinson,Aidan Hutchinson,routeRun,0,5
Jeffery Simmons,Jeffery Simmons,rating,93,95
Jeffery Simmons,Jeffery Simmons,speed,87,82
Jeffery Simmons,Jeffery Simmons,power,95,97
Jeffery Simmons,Jeffery Simmons,agility,95,90
Jeffery Simmons,Jeffery Simmons,burst,81,82
Jeffery Simmons,Jeffery Simmons,intelligence,85,90
Jeffery Simmons,Jeffery Simmons,tackle,82,87
Jeffery Simmons,Jeffery Simmons,manCover,0,5
Jeffery Simmons,Jeffery Simmons,zoneCover,0,5
Jeffery Simmons,Jeffery Simmons,catching,0,5
Jeffery Simmons,Jeffery Simmons,routeRun,0,5
Quenton Nelson,Quenton Nelson,rating,92,94
Quenton Nelson,Quenton Nelson,speed,90,85
Quenton Nelson,Quenton Nelson,power,96,97
Quenton Nelson,Quenton Nelson,agility,86,81
Quenton Nelson,Quenton Nelson,burst,91,86
Quenton Nelson,Quenton Nelson,intelligence,84,89
Quenton Nelson,Quenton Nelson,tackle,0,5
Quenton Nelson,Quenton Nelson,manCover,0,5
Quenton Nelson,Quenton Nelson,zoneCover,0,5
Quenton Nelson,Quenton Nelson,catching,0,5
Quenton Nelson,Quenton Nelson,routeRun,0,5
Brock Bowers,Brock Bowers,rating,91,93
Brock Bowers,Brock Bowers,power,90,85
Brock Bowers,Brock Bowers,agility,89,86
Brock Bowers,Brock Bowers,burst,90,91
Brock Bowers,Brock Bowers,intelligence,81,86
Brock Bowers,Brock Bowers,tackle,0,5
Brock Bowers,Brock Bowers,manCover,0,5
Brock Bowers,Brock Bowers,zoneCover,0,5
Brock Bowers,Brock Bowers,catching,98,97
Brock Bowers,Brock Bowers,routeRun,95,90
Drake London,Drake London,rating,94,92
Drake London,Drake London,speed,90,88
Drake London,Drake London,power,90,85
Drake London,Drake London,agility,97,92
Drake London,Drake London,burst,90,92
Drake London,Drake London,intelligence,95,96
Drake London,Drake London,tackle,0,5
Drake London,Drake London,manCover,0,5
Drake London,Drake London,zoneCover,0,5
Drake London,Drake London,catching,94,97
Drake London,Drake London,routeRun,97,92
Dak Prescott,Dak Prescott,rating,90,92
Dak Prescott,Dak Prescott,speed,80,84
Dak Prescott,Dak Prescott,power,97,92
Dak Prescott,Dak Prescott,agility,89,84
Dak Prescott,Dak Prescott,intelligence,80,85
Dak Prescott,Dak Prescott,tackle,0,5
Dak Prescott,Dak Prescott,manCover,0,5
Dak Prescott,Dak Prescott,zoneCover,0,5
Dak Prescott,Dak Prescott,catching,0,5
Dak Prescott,Dak Prescott,routeRun,0,5
Devon Witherspoon,Devon Witherspoon,rating,93,91
Devon Witherspoon,Devon Witherspoon,speed,87,91
Devon Witherspoon,Devon Witherspoon,power,90,85
Devon Witherspoon,Devon Witherspoon,agility,87,91
Devon Witherspoon,Devon Witherspoon,burst,89,93
Devon Witherspoon,Devon Witherspoon,intelligence,92,90
Devon Witherspoon,Devon Witherspoon,tackle,89,84
Devon Witherspoon,Devon Witherspoon,manCover,95,90
Devon Witherspoon,Devon Witherspoon,zoneCover,96,91
Devon Witherspoon,Devon Witherspoon,catching,0,5
Devon Witherspoon,Devon Witherspoon,routeRun,0,5
Josh Jacobs,Josh Jacobs,rating,88,90
Josh Jacobs,Josh Jacobs,speed,92,90
Josh Jacobs,Josh Jacobs,power,94,89
Josh Jacobs,Josh Jacobs,agility,93,88
Josh Jacobs,Josh Jacobs,burst,82,87
Josh Jacobs,Josh Jacobs,intelligence,82,87
Josh Jacobs,Josh Jacobs,tackle,0,5
Josh Jacobs,Josh Jacobs,manCover,0,5
Josh Jacobs,Josh Jacobs,zoneCover,0,5
Josh Jacobs,Josh Jacobs,catching,85,80
Josh Jacobs,Josh Jacobs,routeRun,80,75
Drake Maye,Drake Maye,rating,87,89
Drake Maye,Drake Maye,speed,84,89
Drake Maye,Drake Maye,power,89,84
Drake Maye,Drake Maye,agility,92,87
Drake Maye,Drake Maye,burst,88,89
Drake Maye,Drake Maye,intelligence,80,83
Drake Maye,Drake Maye,tackle,0,5
Drake Maye,Drake Maye,manCover,0,5
Drake Maye,Drake Maye,zoneCover,0,5
Drake Maye,Drake Maye,catching,0,5
Drake Maye,Drake Maye,routeRun,0,5
George Pickens,George Pickens,rating,86,88
George Pickens,George Pickens,speed,90,91
George Pickens,George Pickens,power,80,75
George Pickens,George Pickens,agility,82,87
George Pickens,George Pickens,burst,96,93
George Pickens,George Pickens,intelligence,89,86
George Pickens,George Pickens,tackle,0,5
George Pickens,George Pickens,manCover,0,5
George Pickens,George Pickens,zoneCover,0,5
George Pickens,George Pickens,catching,88,90
George Pickens,George Pickens,routeRun,83,86
Justin Herbert,Justin Herbert,rating,86,88
Justin Herbert,Justin Herbert,speed,83,88
Justin Herbert,Justin Herbert,power,93,88
Justin Herbert,Justin Herbert,agility,81,80
Justin Herbert,Justin Herbert,burst,88,87
Justin Herbert,Justin Herbert,intelligence,82,87
Justin Herbert,Justin Herbert,tackle,0,5
Justin Herbert,Justin Herbert,manCover,0,5
Justin Herbert,Justin Herbert,zoneCover,0,5
Justin Herbert,Justin Herbert,catching,0,5
Justin Herbert,Justin Herbert,routeRun,0,5
Jaycee Horn,Jaycee Horn,rating,89,87
Jaycee Horn,Jaycee Horn,speed,90,91
Jaycee Horn,Jaycee Horn,power,94,89
Jaycee Horn,Jaycee Horn,agility,89,87
Jaycee Horn,Jaycee Horn,intelligence,90,88
Jaycee Horn,Jaycee Horn,tackle,87,82
Jaycee Horn,Jaycee Horn,manCover,88,87
Jaycee Horn,Jaycee Horn,zoneCover,93,88
Jaycee Horn,Jaycee Horn,catching,0,5
Jaycee Horn,Jaycee Horn,routeRun,0,5
Damien Lewis,Damien Lewis,rating,84,86
Damien Lewis,Damien Lewis,speed,77,72
Damien Lewis,Damien Lewis,power,87,89
Damien Lewis,Damien Lewis,agility,81,76
Damien Lewis,Damien Lewis,burst,78,73
Damien Lewis,Damien Lewis,intelligence,93,88
Damien Lewis,Damien Lewis,tackle,0,5
Damien Lewis,Damien Lewis,manCover,0,5
Damien Lewis,Damien Lewis,zoneCover,0,5
Damien Lewis,Damien Lewis,catching,0,5
Damien Lewis,Damien Lewis,routeRun,0,5
Travis Etienne,Travis Etienne Jr,rating,84,86
Travis Etienne,Travis Etienne Jr,speed,94,92
Travis Etienne,Travis Etienne Jr,power,78,73
Travis Etienne,Travis Etienne Jr,agility,90,88
Travis Etienne,Travis Etienne Jr,burst,97,93
Travis Etienne,Travis Etienne Jr,intelligence,86,91
Travis Etienne,Travis Etienne Jr,tackle,0,5
Travis Etienne,Travis Etienne Jr,manCover,0,5
Travis Etienne,Travis Etienne Jr,zoneCover,0,5
Travis Etienne,Travis Etienne Jr,catching,84,79
Travis Etienne,Travis Etienne Jr,routeRun,86,81
Javonte Williams,Javonte Williams,rating,83,85
Javonte Williams,Javonte Williams,speed,83,88
Javonte Williams,Javonte Williams,power,73,78
Javonte Williams,Javonte Williams,agility,89,84
Javonte Williams,Javonte Williams,burst,82,87
Javonte Williams,Javonte Williams,intelligence,86,84
Javonte Williams,Javonte Williams,tackle,0,5
Javonte Williams,Javonte Williams,manCover,0,5
Javonte Williams,Javonte Williams,zoneCover,0,5
Javonte Williams,Javonte Williams,catching,99,94
Javonte Williams,Javonte Williams,routeRun,91,86
Jameson Williams,Jameson Williams,rating,83,85
Jameson Williams,Jameson Williams,speed,99,98
Jameson Williams,Jameson Williams,power,72,67
Jameson Williams,Jameson Williams,agility,97,95
Jameson Williams,Jameson Williams,burst,99,96
Jameson Williams,Jameson Williams,intelligence,74,79
Jameson Williams,Jameson Williams,tackle,0,5
Jameson Williams,Jameson Williams,manCover,0,5
Jameson Williams,Jameson Williams,zoneCover,0,5
Jameson Williams,Jameson Williams,catching,81,82
Jameson Williams,Jameson Williams,routeRun,78,83
Rashee Rice,Rashee Rice,rating,87,85
Rashee Rice,Rashee Rice,power,95,90
Rashee Rice,Rashee Rice,agility,91,86
Rashee Rice,Rashee Rice,burst,96,92
Rashee Rice,Rashee Rice,intelligence,94,90
Rashee Rice,Rashee Rice,tackle,0,5
Rashee Rice,Rashee Rice,manCover,0,5
Rashee Rice,Rashee Rice,zoneCover,0,5
Rashee Rice,Rashee Rice,catching,80,85
Rashee Rice,Rashee Rice,routeRun,88,86
Joe Alt,Joe Alt,rating,87,85
Joe Alt,Joe Alt,speed,83,78
Joe Alt,Joe Alt,power,95,90
Joe Alt,Joe Alt,agility,90,85
Joe Alt,Joe Alt,burst,86,81
Joe Alt,Joe Alt,intelligence,90,88
Joe Alt,Joe Alt,tackle,0,5
Joe Alt,Joe Alt,manCover,0,5
Joe Alt,Joe Alt,zoneCover,0,5
Joe Alt,Joe Alt,catching,0,5
Joe Alt,Joe Alt,routeRun,0,5
Alaric Jackson,Alaric Jackson,rating,87,85
Alaric Jackson,Alaric Jackson,speed,91,86
Alaric Jackson,Alaric Jackson,power,96,91
Alaric Jackson,Alaric Jackson,agility,89,84
Alaric Jackson,Alaric Jackson,burst,90,85
Alaric Jackson,Alaric Jackson,intelligence,89,93
Alaric Jackson,Alaric Jackson,tackle,0,5
Alaric Jackson,Alaric Jackson,manCover,0,5
Alaric Jackson,Alaric Jackson,zoneCover,0,5
Alaric Jackson,Alaric Jackson,catching,0,5
Alaric Jackson,Alaric Jackson,routeRun,0,5
Cam Skattebo,Cam Skattebo,rating,82,84
Cam Skattebo,Cam Skattebo,power,95,90
Cam Skattebo,Cam Skattebo,burst,85,90
Cam Skattebo,Cam Skattebo,intelligence,92,87
Cam Skattebo,Cam Skattebo,tackle,0,5
Cam Skattebo,Cam Skattebo,manCover,0,5
Cam Skattebo,Cam Skattebo,zoneCover,0,5
Cam Skattebo,Cam Skattebo,catching,80,75
Cam Skattebo,Cam Skattebo,routeRun,79,74
Jevon Holland,Jevon Holland,rating,82,84
Jevon Holland,Jevon Holland,speed,99,94
Jevon Holland,Jevon Holland,power,79,74
Jevon Holland,Jevon Holland,agility,84,83
Jevon Holland,Jevon Holland,burst,87,92
Jevon Holland,Jevon Holland,intelligence,79,84
Jevon Holland,Jevon Holland,tackle,81,76
Jevon Holland,Jevon Holland,manCover,87,84
Jevon Holland,Jevon Holland,zoneCover,87,84
Jevon Holland,Jevon Holland,catching,0,5
Jevon Holland,Jevon Holland,routeRun,0,5
Patrick Ricard,Patrick Ricard,rating,82,84
Patrick Ricard,Patrick Ricard,speed,74,72
Patrick Ricard,Patrick Ricard,power,99,94
Patrick Ricard,Patrick Ricard,agility,73,71
Patrick Ricard,Patrick Ricard,burst,78,75
Patrick Ricard,Patrick Ricard,intelligence,83,86
Patrick Ricard,Patrick Ricard,tackle,0,5
Patrick Ricard,Patrick Ricard,manCover,0,5
Patrick Ricard,Patrick Ricard,zoneCover,0,5
Patrick Ricard,Patrick Ricard,catching,75,70
Patrick Ricard,Patrick Ricard,routeRun,64,59
Wan'Dale Robinson,Wan'Dale Robinson,rating,82,84
Wan'Dale Robinson,Wan'Dale Robinson,speed,85,90
Wan'Dale Robinson,Wan'Dale Robinson,power,69,64
Wan'Dale Robinson,Wan'Dale Robinson,agility,86,91
Wan'Dale Robinson,Wan'Dale Robinson,burst,97,93
Wan'Dale Robinson,Wan'Dale Robinson,intelligence,75,80
Wan'Dale Robinson,Wan'Dale Robinson,tackle,0,5
Wan'Dale Robinson,Wan'Dale Robinson,manCover,0,5
Wan'Dale Robinson,Wan'Dale Robinson,zoneCover,0,5
Wan'Dale Robinson,Wan'Dale Robinson,catching,90,93
Wan'Dale Robinson,Wan'Dale Robinson,routeRun,88,85
Justin Reid,Justin Reid,rating,85,83
Justin Reid,Justin Reid,speed,74,79
Justin Reid,Justin Reid,power,77,72
Justin Reid,Justin Reid,agility,92,90
Justin Reid,Justin Reid,burst,93,90
Justin Reid,Justin Reid,tackle,94,89
Justin Reid,Justin Reid,manCover,91,86
Justin Reid,Justin Reid,zoneCover,84,79
Justin Reid,Justin Reid,catching,0,5
Justin Reid,Justin Reid,routeRun,0,5
Jeremy Chinn,Jeremy Chinn,rating,80,82
Jeremy Chinn,Jeremy Chinn,speed,75,80
Jeremy Chinn,Jeremy Chinn,power,87,82
Jeremy Chinn,Jeremy Chinn,agility,90,86
Jeremy Chinn,Jeremy Chinn,burst,84,89
Jeremy Chinn,Jeremy Chinn,intelligence,89,84
Jeremy Chinn,Jeremy Chinn,tackle,85,80
Jeremy Chinn,Jeremy Chinn,manCover,75,70
Jeremy Chinn,Jeremy Chinn,zoneCover,94,89
Jeremy Chinn,Jeremy Chinn,catching,0,5
Jeremy Chinn,Jeremy Chinn,routeRun,0,5
Morgan Moses,Morgan Moses,rating,80,82
Morgan Moses,Morgan Moses,speed,72,67
Morgan Moses,Morgan Moses,power,82,87
Morgan Moses,Morgan Moses,agility,82,77
Morgan Moses,Morgan Moses,burst,93,88
Morgan Moses,Morgan Moses,intelligence,88,93
Morgan Moses,Morgan Moses,tackle,0,5
Morgan Moses,Morgan Moses,manCover,0,5
Morgan Moses,Morgan Moses,zoneCover,0,5
Morgan Moses,Morgan Moses,catching,0,5
Morgan Moses,Morgan Moses,routeRun,0,5
Michael Wilson,Michael Wilson,rating,79,81
Michael Wilson,Michael Wilson,speed,85,89
Michael Wilson,Michael Wilson,power,80,75
Michael Wilson,Michael Wilson,agility,80,85
Michael Wilson,Michael Wilson,burst,80,85
Michael Wilson,Michael Wilson,intelligence,82,83
Michael Wilson,Michael Wilson,tackle,0,5
Michael Wilson,Michael Wilson,manCover,0,5
Michael Wilson,Michael Wilson,zoneCover,0,5
Michael Wilson,Michael Wilson,routeRun,83,79
Mike Jackson,Mike Jackson,rating,83,81
Mike Jackson,Mike Jackson,speed,87,90
Mike Jackson,Mike Jackson,power,93,88
Mike Jackson,Mike Jackson,agility,81,83
Mike Jackson,Mike Jackson,burst,88,87
Mike Jackson,Mike Jackson,intelligence,84,87
Mike Jackson,Mike Jackson,tackle,86,81
Mike Jackson,Mike Jackson,manCover,89,84
Mike Jackson,Mike Jackson,zoneCover,89,84
Mike Jackson,Mike Jackson,catching,0,5
Mike Jackson,Mike Jackson,routeRun,0,5
Nick Bolton,Nick Bolton,rating,83,81
Nick Bolton,Nick Bolton,speed,88,87
Nick Bolton,Nick Bolton,power,90,85
Nick Bolton,Nick Bolton,agility,82,77
Nick Bolton,Nick Bolton,burst,89,84
Nick Bolton,Nick Bolton,intelligence,87,86
Nick Bolton,Nick Bolton,manCover,83,78
Nick Bolton,Nick Bolton,zoneCover,77,72
Nick Bolton,Nick Bolton,catching,0,5
Nick Bolton,Nick Bolton,routeRun,0,5
James Conner,James Conner,rating,82,80
James Conner,James Conner,power,94,89
James Conner,James Conner,agility,84,80
James Conner,James Conner,burst,81,86
James Conner,James Conner,intelligence,85,80
James Conner,James Conner,tackle,0,5
James Conner,James Conner,manCover,0,5
James Conner,James Conner,zoneCover,0,5
James Conner,James Conner,catching,80,75
James Conner,James Conner,routeRun,84,79
Jonah Jackson,Jonah Jackson,rating,82,80
Jonah Jackson,Jonah Jackson,speed,82,77
Jonah Jackson,Jonah Jackson,agility,82,77
Jonah Jackson,Jonah Jackson,burst,90,85
Jonah Jackson,Jonah Jackson,intelligence,81,86
Jonah Jackson,Jonah Jackson,tackle,0,5
Jonah Jackson,Jonah Jackson,manCover,0,5
Jonah Jackson,Jonah Jackson,zoneCover,0,5
Jonah Jackson,Jonah Jackson,catching,0,5
Jonah Jackson,Jonah Jackson,routeRun,0,5
Ethan Evans,Ethan Evans,rating,78,80
Ethan Evans,Ethan Evans,speed,83,78
Ethan Evans,Ethan Evans,power,89,84
Ethan Evans,Ethan Evans,agility,78,73
Ethan Evans,Ethan Evans,burst,83,78
Ethan Evans,Ethan Evans,intelligence,88,83
Ethan Evans,Ethan Evans,tackle,0,5
Ethan Evans,Ethan Evans,manCover,0,5
Ethan Evans,Ethan Evans,zoneCover,0,5
Ethan Evans,Ethan Evans,catching,0,5
Ethan Evans,Ethan Evans,routeRun,0,5
Jaquan Brisker,Jaquan Brisker,rating,78,80
Jaquan Brisker,Jaquan Brisker,speed,86,89
Jaquan Brisker,Jaquan Brisker,power,86,81
Jaquan Brisker,Jaquan Brisker,agility,90,86
Jaquan Brisker,Jaquan Brisker,burst,78,83
Jaquan Brisker,Jaquan Brisker,tackle,83,78
Jaquan Brisker,Jaquan Brisker,manCover,92,87
Jaquan Brisker,Jaquan Brisker,zoneCover,89,84
Jaquan Brisker,Jaquan Brisker,catching,0,5
Jaquan Brisker,Jaquan Brisker,routeRun,0,5
Trent Brown,Trent Brown,rating,77,79
Trent Brown,Trent Brown,speed,78,73
Trent Brown,Trent Brown,power,85,90
Trent Brown,Trent Brown,agility,69,64
Trent Brown,Trent Brown,burst,88,83
Trent Brown,Trent Brown,intelligence,82,78
Trent Brown,Trent Brown,tackle,0,5
Trent Brown,Trent Brown,manCover,0,5
Trent Brown,Trent Brown,zoneCover,0,5
Trent Brown,Trent Brown,catching,0,5
Trent Brown,Trent Brown,routeRun,0,5
Xavier Worthy,Xavier Worthy,rating,81,79
Xavier Worthy,Xavier Worthy,power,74,69
Xavier Worthy,Xavier Worthy,agility,75,80
Xavier Worthy,Xavier Worthy,burst,99,98
Xavier Worthy,Xavier Worthy,intelligence,80,75
Xavier Worthy,Xavier Worthy,tackle,0,5
Xavier Worthy,Xavier Worthy,manCover,0,5
Xavier Worthy,Xavier Worthy,zoneCover,0,5
Xavier Worthy,Xavier Worthy,catching,78,83
Xavier Worthy,Xavier Worthy,routeRun,90,85
Rhamondre Stevenson,Rhamondre Stevenson,rating,77,79
Rhamondre Stevenson,Rhamondre Stevenson,speed,82,87
Rhamondre Stevenson,Rhamondre Stevenson,power,96,91
Rhamondre Stevenson,Rhamondre Stevenson,agility,77,82
Rhamondre Stevenson,Rhamondre Stevenson,burst,81,86
Rhamondre Stevenson,Rhamondre Stevenson,intelligence,78,83
Rhamondre Stevenson,Rhamondre Stevenson,tackle,0,5
Rhamondre Stevenson,Rhamondre Stevenson,manCover,0,5
Rhamondre Stevenson,Rhamondre Stevenson,zoneCover,0,5
Rhamondre Stevenson,Rhamondre Stevenson,catching,84,79
Rhamondre Stevenson,Rhamondre Stevenson,routeRun,85,80
Carl Granderson,Carl Granderson,rating,77,79
Carl Granderson,Carl Granderson,speed,90,85
Carl Granderson,Carl Granderson,power,86,81
Carl Granderson,Carl Granderson,agility,84,79
Carl Granderson,Carl Granderson,burst,79,84
Carl Granderson,Carl Granderson,intelligence,73,78
Carl Granderson,Carl Granderson,tackle,77,82
Carl Granderson,Carl Granderson,manCover,0,5
Carl Granderson,Carl Granderson,zoneCover,0,5
Carl Granderson,Carl Granderson,catching,0,5
Carl Granderson,Carl Granderson,routeRun,0,5
Jacory Croskey-Merritt,Jacory Croskey-Merritt,rating,81,79
Jacory Croskey-Merritt,Jacory Croskey-Merritt,speed,89,92
Jacory Croskey-Merritt,Jacory Croskey-Merritt,power,82,77
Jacory Croskey-Merritt,Jacory Croskey-Merritt,agility,94,89
Jacory Croskey-Merritt,Jacory Croskey-Merritt,burst,97,95
Jacory Croskey-Merritt,Jacory Croskey-Merritt,intelligence,80,83
Jacory Croskey-Merritt,Jacory Croskey-Merritt,tackle,0,5
Jacory Croskey-Merritt,Jacory Croskey-Merritt,manCover,0,5
Jacory Croskey-Merritt,Jacory Croskey-Merritt,zoneCover,0,5
Jacory Croskey-Merritt,Jacory Croskey-Merritt,catching,79,74
Jacory Croskey-Merritt,Jacory Croskey-Merritt,routeRun,80,75
Nakobe Dean,Nakobe Dean,rating,80,78
Nakobe Dean,Nakobe Dean,speed,89,87
Nakobe Dean,Nakobe Dean,power,82,77
Nakobe Dean,Nakobe Dean,agility,82,83
Nakobe Dean,Nakobe Dean,burst,89,90
Nakobe Dean,Nakobe Dean,intelligence,92,87
Nakobe Dean,Nakobe Dean,tackle,86,87
Nakobe Dean,Nakobe Dean,manCover,99,94
Nakobe Dean,Nakobe Dean,zoneCover,83,78
Nakobe Dean,Nakobe Dean,catching,0,5
Nakobe Dean,Nakobe Dean,routeRun,0,5
Kwity Paye,Kwity Paye,rating,80,78
Kwity Paye,Kwity Paye,speed,80,84
Kwity Paye,Kwity Paye,power,89,86
Kwity Paye,Kwity Paye,agility,92,87
Kwity Paye,Kwity Paye,burst,87,84
Kwity Paye,Kwity Paye,intelligence,80,75
Kwity Paye,Kwity Paye,manCover,0,5
Kwity Paye,Kwity Paye,zoneCover,0,5
Kwity Paye,Kwity Paye,catching,0,5
Kwity Paye,Kwity Paye,routeRun,0,5
Tyrone Tracy Jr.,Tyrone Tracy Jr,rating,76,78
Tyrone Tracy Jr.,Tyrone Tracy Jr,speed,84,89
Tyrone Tracy Jr.,Tyrone Tracy Jr,power,86,81
Tyrone Tracy Jr.,Tyrone Tracy Jr,agility,78,83
Tyrone Tracy Jr.,Tyrone Tracy Jr,burst,90,91
Tyrone Tracy Jr.,Tyrone Tracy Jr,intelligence,78,79
Tyrone Tracy Jr.,Tyrone Tracy Jr,tackle,0,5
Tyrone Tracy Jr.,Tyrone Tracy Jr,manCover,0,5
Tyrone Tracy Jr.,Tyrone Tracy Jr,zoneCover,0,5
Tyrone Tracy Jr.,Tyrone Tracy Jr,catching,70,67
Tyrone Tracy Jr.,Tyrone Tracy Jr,routeRun,88,83
Will McDonald,Will McDonald IV,rating,76,78
Will McDonald,Will McDonald IV,speed,84,82
Will McDonald,Will McDonald IV,power,82,77
Will McDonald,Will McDonald IV,agility,79,84
Will McDonald,Will McDonald IV,burst,82,87
Will McDonald,Will McDonald IV,intelligence,85,80
Will McDonald,Will McDonald IV,tackle,75,77
Will McDonald,Will McDonald IV,manCover,0,5
Will McDonald,Will McDonald IV,zoneCover,0,5
Will McDonald,Will McDonald IV,catching,0,5
Will McDonald,Will McDonald IV,routeRun,0,5
Rashod Bateman,Rashod Bateman,rating,75,77
Rashod Bateman,Rashod Bateman,speed,82,87
Rashod Bateman,Rashod Bateman,power,73,68
Rashod Bateman,Rashod Bateman,agility,92,88
Rashod Bateman,Rashod Bateman,burst,82,87
Rashod Bateman,Rashod Bateman,intelligence,79,75
Rashod Bateman,Rashod Bateman,tackle,0,5
Rashod Bateman,Rashod Bateman,manCover,0,5
Rashod Bateman,Rashod Bateman,zoneCover,0,5
Rashod Bateman,Rashod Bateman,catching,83,82
Rashod Bateman,Rashod Bateman,routeRun,93,88
Jordan Battle,Jordan Battle,rating,79,77
Jordan Battle,Jordan Battle,speed,93,88
Jordan Battle,Jordan Battle,power,89,84
Jordan Battle,Jordan Battle,agility,78,77
Jordan Battle,Jordan Battle,burst,87,92
Jordan Battle,Jordan Battle,intelligence,79,80
Jordan Battle,Jordan Battle,tackle,83,78
Jordan Battle,Jordan Battle,manCover,85,80
Jordan Battle,Jordan Battle,zoneCover,80,76
Jordan Battle,Jordan Battle,catching,0,5
Jordan Battle,Jordan Battle,routeRun,0,5
Marvin Mims Jr.,Marvin Mims Jr,rating,79,77
Marvin Mims Jr.,Marvin Mims Jr,speed,82,87
Marvin Mims Jr.,Marvin Mims Jr,power,78,73
Marvin Mims Jr.,Marvin Mims Jr,agility,89,88
Marvin Mims Jr.,Marvin Mims Jr,burst,87,92
Marvin Mims Jr.,Marvin Mims Jr,intelligence,87,82
Marvin Mims Jr.,Marvin Mims Jr,tackle,0,5
Marvin Mims Jr.,Marvin Mims Jr,manCover,0,5
Marvin Mims Jr.,Marvin Mims Jr,zoneCover,0,5
Marvin Mims Jr.,Marvin Mims Jr,catching,90,87
Marvin Mims Jr.,Marvin Mims Jr,routeRun,90,85
DeMario Douglas,DeMario Douglas,rating,75,77
DeMario Douglas,DeMario Douglas,speed,81,86
DeMario Douglas,DeMario Douglas,power,74,69
DeMario Douglas,DeMario Douglas,agility,74,79
DeMario Douglas,DeMario Douglas,burst,80,85
DeMario Douglas,DeMario Douglas,intelligence,78,79
DeMario Douglas,DeMario Douglas,tackle,0,5
DeMario Douglas,DeMario Douglas,manCover,0,5
DeMario Douglas,DeMario Douglas,zoneCover,0,5
DeMario Douglas,DeMario Douglas,catching,93,91
DeMario Douglas,DeMario Douglas,routeRun,73,77
Andre Cisco,Andre Cisco,rating,75,77
Andre Cisco,Andre Cisco,speed,75,80
Andre Cisco,Andre Cisco,power,83,78
Andre Cisco,Andre Cisco,agility,84,87
Andre Cisco,Andre Cisco,burst,79,84
Andre Cisco,Andre Cisco,intelligence,82,79
Andre Cisco,Andre Cisco,tackle,85,80
Andre Cisco,Andre Cisco,manCover,88,83
Andre Cisco,Andre Cisco,zoneCover,76,75
Andre Cisco,Andre Cisco,catching,0,5
Andre Cisco,Andre Cisco,routeRun,0,5
Jermaine Johnson II,Jermaine Johnson II,rating,75,77
Jermaine Johnson II,Jermaine Johnson II,speed,81,85
Jermaine Johnson II,Jermaine Johnson II,power,87,82
Jermaine Johnson II,Jermaine Johnson II,burst,84,88
Jermaine Johnson II,Jermaine Johnson II,intelligence,79,75
Jermaine Johnson II,Jermaine Johnson II,tackle,77,81
Jermaine Johnson II,Jermaine Johnson II,manCover,0,5
Jermaine Johnson II,Jermaine Johnson II,zoneCover,0,5
Jermaine Johnson II,Jermaine Johnson II,catching,0,5
Jermaine Johnson II,Jermaine Johnson II,routeRun,0,5
Jonathon Brooks,Jonathon Brooks,rating,74,76
Jonathon Brooks,Jonathon Brooks,speed,82,87
Jonathon Brooks,Jonathon Brooks,power,82,77
Jonathon Brooks,Jonathon Brooks,agility,80,85
Jonathon Brooks,Jonathon Brooks,burst,77,82
Jonathon Brooks,Jonathon Brooks,intelligence,72,68
Jonathon Brooks,Jonathon Brooks,tackle,0,5
Jonathon Brooks,Jonathon Brooks,manCover,0,5
Jonathon Brooks,Jonathon Brooks,zoneCover,0,5
Jonathon Brooks,Jonathon Brooks,catching,86,81
Jonathon Brooks,Jonathon Brooks,routeRun,84,79
Al-Quadin Muhammad,Al-Quadin Muhammad,rating,74,76
Al-Quadin Muhammad,Al-Quadin Muhammad,speed,84,79
Al-Quadin Muhammad,Al-Quadin Muhammad,power,80,78
Al-Quadin Muhammad,Al-Quadin Muhammad,agility,91,86
Al-Quadin Muhammad,Al-Quadin Muhammad,burst,92,87
Al-Quadin Muhammad,Al-Quadin Muhammad,intelligence,76,81
Al-Quadin Muhammad,Al-Quadin Muhammad,tackle,90,85
Al-Quadin Muhammad,Al-Quadin Muhammad,manCover,0,5
Al-Quadin Muhammad,Al-Quadin Muhammad,zoneCover,0,5
Al-Quadin Muhammad,Al-Quadin Muhammad,catching,0,5
Al-Quadin Muhammad,Al-Quadin Muhammad,routeRun,0,5
C.J. Gardner-Johnson,C.J. Gardner-Johnson,rating,73,75
C.J. Gardner-Johnson,C.J. Gardner-Johnson,speed,86,90
C.J. Gardner-Johnson,C.J. Gardner-Johnson,power,75,70
C.J. Gardner-Johnson,C.J. Gardner-Johnson,agility,87,83
C.J. Gardner-Johnson,C.J. Gardner-Johnson,burst,84,89
C.J. Gardner-Johnson,C.J. Gardner-Johnson,intelligence,84,79
C.J. Gardner-Johnson,C.J. Gardner-Johnson,tackle,83,78
C.J. Gardner-Johnson,C.J. Gardner-Johnson,manCover,82,77
C.J. Gardner-Johnson,C.J. Gardner-Johnson,zoneCover,86,81
C.J. Gardner-Johnson,C.J. Gardner-Johnson,catching,0,5
C.J. Gardner-Johnson,C.J. Gardner-Johnson,routeRun,0,5
Tory Taylor,Tory Taylor,rating,77,75
Tory Taylor,Tory Taylor,speed,84,81
Tory Taylor,Tory Taylor,power,88,83
Tory Taylor,Tory Taylor,agility,96,91
Tory Taylor,Tory Taylor,burst,91,86
Tory Taylor,Tory Taylor,intelligence,80,75
Tory Taylor,Tory Taylor,tackle,0,5
Tory Taylor,Tory Taylor,manCover,0,5
Tory Taylor,Tory Taylor,zoneCover,0,5
Tory Taylor,Tory Taylor,catching,0,5
Tory Taylor,Tory Taylor,routeRun,0,5
Cooper Beebe,Cooper Beebe,rating,77,75
Cooper Beebe,Cooper Beebe,speed,86,81
Cooper Beebe,Cooper Beebe,power,86,87
Cooper Beebe,Cooper Beebe,agility,91,86
Cooper Beebe,Cooper Beebe,burst,85,80
Cooper Beebe,Cooper Beebe,intelligence,80,78
Cooper Beebe,Cooper Beebe,tackle,0,5
Cooper Beebe,Cooper Beebe,manCover,0,5
Cooper Beebe,Cooper Beebe,zoneCover,0,5
Cooper Beebe,Cooper Beebe,catching,0,5
Cooper Beebe,Cooper Beebe,routeRun,0,5
Dalvin Tomlinson,Dalvin Tomlinson,rating,77,75
Dalvin Tomlinson,Dalvin Tomlinson,speed,91,86
Dalvin Tomlinson,Dalvin Tomlinson,power,86,89
Dalvin Tomlinson,Dalvin Tomlinson,agility,67,62
Dalvin Tomlinson,Dalvin Tomlinson,burst,74,69
Dalvin Tomlinson,Dalvin Tomlinson,intelligence,81,82
Dalvin Tomlinson,Dalvin Tomlinson,tackle,79,83
Dalvin Tomlinson,Dalvin Tomlinson,manCover,0,5
Dalvin Tomlinson,Dalvin Tomlinson,zoneCover,0,5
Dalvin Tomlinson,Dalvin Tomlinson,catching,0,5
Dalvin Tomlinson,Dalvin Tomlinson,routeRun,0,5
Sam Martin,Sam Martin,rating,76,74
Sam Martin,Sam Martin,speed,86,81
Sam Martin,Sam Martin,power,88,83
Sam Martin,Sam Martin,agility,74,69
Sam Martin,Sam Martin,burst,85,80
Sam Martin,Sam Martin,intelligence,77,72
Sam Martin,Sam Martin,tackle,0,5
Sam Martin,Sam Martin,manCover,0,5
Sam Martin,Sam Martin,zoneCover,0,5
Sam Martin,Sam Martin,catching,0,5
Sam Martin,Sam Martin,routeRun,0,5
Eric Murray,Eric Murray,rating,72,74
Eric Murray,Eric Murray,speed,76,81
Eric Murray,Eric Murray,power,83,78
Eric Murray,Eric Murray,agility,84,80
Eric Murray,Eric Murray,burst,81,86
Eric Murray,Eric Murray,intelligence,94,89
Eric Murray,Eric Murray,tackle,79,74
Eric Murray,Eric Murray,manCover,78,73
Eric Murray,Eric Murray,zoneCover,79,74
Eric Murray,Eric Murray,catching,0,5
Eric Murray,Eric Murray,routeRun,0,5
Brashard Smith,Brashard Smith,rating,72,74
Brashard Smith,Brashard Smith,power,74,69
Brashard Smith,Brashard Smith,agility,77,82
Brashard Smith,Brashard Smith,burst,88,93
Brashard Smith,Brashard Smith,intelligence,83,78
Brashard Smith,Brashard Smith,tackle,0,5
Brashard Smith,Brashard Smith,manCover,0,5
Brashard Smith,Brashard Smith,zoneCover,0,5
Brashard Smith,Brashard Smith,catching,85,80
Brashard Smith,Brashard Smith,routeRun,90,85
Tyler Higbee,Tyler Higbee,rating,76,74
Tyler Higbee,Tyler Higbee,speed,73,78
Tyler Higbee,Tyler Higbee,agility,76,80
Tyler Higbee,Tyler Higbee,burst,81,79
Tyler Higbee,Tyler Higbee,intelligence,84,79
Tyler Higbee,Tyler Higbee,tackle,0,5
Tyler Higbee,Tyler Higbee,manCover,0,5
Tyler Higbee,Tyler Higbee,zoneCover,0,5
Tyler Higbee,Tyler Higbee,catching,83,85
Tyler Higbee,Tyler Higbee,routeRun,92,87
Kirk Cousins,Kirk Cousins,rating,72,74
Kirk Cousins,Kirk Cousins,power,78,73
Kirk Cousins,Kirk Cousins,agility,71,69
Kirk Cousins,Kirk Cousins,burst,70,67
Kirk Cousins,Kirk Cousins,intelligence,81,76
Kirk Cousins,Kirk Cousins,tackle,0,5
Kirk Cousins,Kirk Cousins,manCover,0,5
Kirk Cousins,Kirk Cousins,zoneCover,0,5
Kirk Cousins,Kirk Cousins,catching,0,5
Kirk Cousins,Kirk Cousins,routeRun,0,5
Jalen Tolbert,Jalen Tolbert,rating,72,74
Jalen Tolbert,Jalen Tolbert,speed,80,85
Jalen Tolbert,Jalen Tolbert,power,80,75
Jalen Tolbert,Jalen Tolbert,agility,81,85
Jalen Tolbert,Jalen Tolbert,burst,77,82
Jalen Tolbert,Jalen Tolbert,intelligence,84,79
Jalen Tolbert,Jalen Tolbert,tackle,0,5
Jalen Tolbert,Jalen Tolbert,manCover,0,5
Jalen Tolbert,Jalen Tolbert,zoneCover,0,5
Jalen Tolbert,Jalen Tolbert,catching,81,84
Jalen Tolbert,Jalen Tolbert,routeRun,87,82
Malik Mustapha,Malik Mustapha,rating,72,74
Malik Mustapha,Malik Mustapha,speed,95,90
Malik Mustapha,Malik Mustapha,power,82,77
Malik Mustapha,Malik Mustapha,agility,96,91
Malik Mustapha,Malik Mustapha,burst,89,91
Malik Mustapha,Malik Mustapha,intelligence,73,71
Malik Mustapha,Malik Mustapha,tackle,85,80
Malik Mustapha,Malik Mustapha,manCover,81,76
Malik Mustapha,Malik Mustapha,zoneCover,83,78
Malik Mustapha,Malik Mustapha,catching,0,5
Malik Mustapha,Malik Mustapha,routeRun,0,5
Patrick Mekari,Patrick Mekari,rating,71,73
Patrick Mekari,Patrick Mekari,speed,81,76
Patrick Mekari,Patrick Mekari,power,77,82
Patrick Mekari,Patrick Mekari,agility,81,76
Patrick Mekari,Patrick Mekari,burst,89,84
Patrick Mekari,Patrick Mekari,intelligence,79,84
Patrick Mekari,Patrick Mekari,tackle,0,5
Patrick Mekari,Patrick Mekari,manCover,0,5
Patrick Mekari,Patrick Mekari,zoneCover,0,5
Patrick Mekari,Patrick Mekari,catching,0,5
Patrick Mekari,Patrick Mekari,routeRun,0,5
Ollie Gordon II,Ollie Gordon II,rating,75,73
Ollie Gordon II,Ollie Gordon II,speed,82,86
Ollie Gordon II,Ollie Gordon II,power,96,91
Ollie Gordon II,Ollie Gordon II,agility,87,83
Ollie Gordon II,Ollie Gordon II,burst,76,81
Ollie Gordon II,Ollie Gordon II,intelligence,82,77
Ollie Gordon II,Ollie Gordon II,tackle,0,5
Ollie Gordon II,Ollie Gordon II,manCover,0,5
Ollie Gordon II,Ollie Gordon II,zoneCover,0,5
Ollie Gordon II,Ollie Gordon II,catching,74,69
Ollie Gordon II,Ollie Gordon II,routeRun,68,63
Kyle Williams,Kyle Williams,rating,75,73
Kyle Williams,Kyle Williams,speed,91,94
Kyle Williams,Kyle Williams,power,85,80
Kyle Williams,Kyle Williams,agility,82,87
Kyle Williams,Kyle Williams,burst,76,81
Kyle Williams,Kyle Williams,intelligence,80,75
Kyle Williams,Kyle Williams,tackle,0,5
Kyle Williams,Kyle Williams,manCover,0,5
Kyle Williams,Kyle Williams,zoneCover,0,5
Kyle Williams,Kyle Williams,catching,79,81
Kyle Williams,Kyle Williams,routeRun,86,81
Noah Fant,Noah Fant,rating,71,73
Noah Fant,Noah Fant,speed,95,90
Noah Fant,Noah Fant,power,83,78
Noah Fant,Noah Fant,agility,67,72
Noah Fant,Noah Fant,burst,77,82
Noah Fant,Noah Fant,intelligence,86,81
Noah Fant,Noah Fant,tackle,0,5
Noah Fant,Noah Fant,manCover,0,5
Noah Fant,Noah Fant,zoneCover,0,5
Noah Fant,Noah Fant,catching,78,83
Noah Fant,Noah Fant,routeRun,87,82
Braelon Allen,Braelon Allen,rating,75,73
Braelon Allen,Braelon Allen,speed,87,88
Braelon Allen,Braelon Allen,power,86,81
Braelon Allen,Braelon Allen,agility,86,83
Braelon Allen,Braelon Allen,burst,88,89
Braelon Allen,Braelon Allen,intelligence,75,78
Braelon Allen,Braelon Allen,tackle,0,5
Braelon Allen,Braelon Allen,manCover,0,5
Braelon Allen,Braelon Allen,zoneCover,0,5
Braelon Allen,Braelon Allen,catching,70,65
Braelon Allen,Braelon Allen,routeRun,70,65
Kelee Ringo,Kelee Ringo,rating,75,73
Kelee Ringo,Kelee Ringo,speed,77,82
Kelee Ringo,Kelee Ringo,power,71,66
Kelee Ringo,Kelee Ringo,agility,69,74
Kelee Ringo,Kelee Ringo,burst,76,81
Kelee Ringo,Kelee Ringo,intelligence,79,74
Kelee Ringo,Kelee Ringo,tackle,92,87
Kelee Ringo,Kelee Ringo,manCover,78,73
Kelee Ringo,Kelee Ringo,zoneCover,91,86
Kelee Ringo,Kelee Ringo,catching,0,5
Kelee Ringo,Kelee Ringo,routeRun,0,5
Tyler Conklin,Tyler Conklin,rating,74,72
Tyler Conklin,Tyler Conklin,power,83,78
Tyler Conklin,Tyler Conklin,agility,63,68
Tyler Conklin,Tyler Conklin,burst,92,87
Tyler Conklin,Tyler Conklin,intelligence,92,87
Tyler Conklin,Tyler Conklin,tackle,0,5
Tyler Conklin,Tyler Conklin,manCover,0,5
Tyler Conklin,Tyler Conklin,zoneCover,0,5
Tyler Conklin,Tyler Conklin,catching,75,80
Tyler Conklin,Tyler Conklin,routeRun,87,82
Ty Chandler,Ty Chandler,rating,74,72
Ty Chandler,Ty Chandler,speed,84,89
Ty Chandler,Ty Chandler,power,87,82
Ty Chandler,Ty Chandler,agility,76,80
Ty Chandler,Ty Chandler,burst,85,90
Ty Chandler,Ty Chandler,intelligence,81,76
Ty Chandler,Ty Chandler,tackle,0,5
Ty Chandler,Ty Chandler,manCover,0,5
Ty Chandler,Ty Chandler,zoneCover,0,5
Ty Chandler,Ty Chandler,catching,84,79
Ty Chandler,Ty Chandler,routeRun,86,81
Dillon Radunz,Dillon Radunz,rating,70,72
Dillon Radunz,Dillon Radunz,speed,87,82
Dillon Radunz,Dillon Radunz,power,77,82
Dillon Radunz,Dillon Radunz,agility,77,74
Dillon Radunz,Dillon Radunz,burst,82,77
Dillon Radunz,Dillon Radunz,intelligence,79,81
Dillon Radunz,Dillon Radunz,tackle,0,5
Dillon Radunz,Dillon Radunz,manCover,0,5
Dillon Radunz,Dillon Radunz,zoneCover,0,5
Dillon Radunz,Dillon Radunz,catching,0,5
Dillon Radunz,Dillon Radunz,routeRun,0,5
Denzel Burke,Denzel Burke,rating,69,71
Denzel Burke,Denzel Burke,speed,79,84
Denzel Burke,Denzel Burke,power,68,63
Denzel Burke,Denzel Burke,agility,80,84
Denzel Burke,Denzel Burke,burst,86,91
Denzel Burke,Denzel Burke,intelligence,74,73
Denzel Burke,Denzel Burke,tackle,75,70
Denzel Burke,Denzel Burke,manCover,88,83
Denzel Burke,Denzel Burke,zoneCover,74,75
Denzel Burke,Denzel Burke,catching,0,5
Denzel Burke,Denzel Burke,routeRun,0,5
Emery Jones Jr.,Emery Jones Jr,rating,69,71
Emery Jones Jr.,Emery Jones Jr,speed,89,84
Emery Jones Jr.,Emery Jones Jr,power,76,81
Emery Jones Jr.,Emery Jones Jr,agility,79,74
Emery Jones Jr.,Emery Jones Jr,burst,94,89
Emery Jones Jr.,Emery Jones Jr,intelligence,81,76
Emery Jones Jr.,Emery Jones Jr,tackle,0,5
Emery Jones Jr.,Emery Jones Jr,manCover,0,5
Emery Jones Jr.,Emery Jones Jr,zoneCover,0,5
Emery Jones Jr.,Emery Jones Jr,catching,0,5
Emery Jones Jr.,Emery Jones Jr,routeRun,0,5
Roschon Johnson,Roschon Johnson,rating,73,71
Roschon Johnson,Roschon Johnson,speed,85,86
Roschon Johnson,Roschon Johnson,power,77,78
Roschon Johnson,Roschon Johnson,agility,79,82
Roschon Johnson,Roschon Johnson,intelligence,94,89
Roschon Johnson,Roschon Johnson,tackle,0,5
Roschon Johnson,Roschon Johnson,manCover,0,5
Roschon Johnson,Roschon Johnson,zoneCover,0,5
Roschon Johnson,Roschon Johnson,catching,83,78
Roschon Johnson,Roschon Johnson,routeRun,79,74
Adam Trautman,Adam Trautman,rating,69,71
Adam Trautman,Adam Trautman,speed,79,81
Adam Trautman,Adam Trautman,power,79,74
Adam Trautman,Adam Trautman,agility,89,84
Adam Trautman,Adam Trautman,burst,74,79
Adam Trautman,Adam Trautman,intelligence,95,90
Adam Trautman,Adam Trautman,tackle,0,5
Adam Trautman,Adam Trautman,manCover,0,5
Adam Trautman,Adam Trautman,zoneCover,0,5
Adam Trautman,Adam Trautman,catching,88,83
Adam Trautman,Adam Trautman,routeRun,76,71
Jalen Royals,Jalen Royals,rating,73,71
Jalen Royals,Jalen Royals,speed,86,91
Jalen Royals,Jalen Royals,power,66,64
Jalen Royals,Jalen Royals,agility,79,84
Jalen Royals,Jalen Royals,burst,75,80
Jalen Royals,Jalen Royals,intelligence,65,70
Jalen Royals,Jalen Royals,tackle,0,5
Jalen Royals,Jalen Royals,manCover,0,5
Jalen Royals,Jalen Royals,zoneCover,0,5
Jalen Royals,Jalen Royals,catching,86,81
Jalen Royals,Jalen Royals,routeRun,89,84
Jamaree Caldwell,Jamaree Caldwell,rating,73,71
Jamaree Caldwell,Jamaree Caldwell,speed,78,73
Jamaree Caldwell,Jamaree Caldwell,power,78,83
Jamaree Caldwell,Jamaree Caldwell,agility,78,73
Jamaree Caldwell,Jamaree Caldwell,burst,70,72
Jamaree Caldwell,Jamaree Caldwell,intelligence,79,74
Jamaree Caldwell,Jamaree Caldwell,tackle,89,84
Jamaree Caldwell,Jamaree Caldwell,manCover,0,5
Jamaree Caldwell,Jamaree Caldwell,zoneCover,0,5
Jamaree Caldwell,Jamaree Caldwell,catching,0,5
Jamaree Caldwell,Jamaree Caldwell,routeRun,0,5
Christian Haynes,Christian Haynes,rating,69,71
Christian Haynes,Christian Haynes,speed,86,81
Christian Haynes,Christian Haynes,power,81,86
Christian Haynes,Christian Haynes,agility,85,80
Christian Haynes,Christian Haynes,burst,82,77
Christian Haynes,Christian Haynes,intelligence,66,71
Christian Haynes,Christian Haynes,tackle,0,5
Christian Haynes,Christian Haynes,manCover,0,5
Christian Haynes,Christian Haynes,zoneCover,0,5
Christian Haynes,Christian Haynes,catching,0,5
Christian Haynes,Christian Haynes,routeRun,0,5
Jovaughn Gwyn,Jovaughn Gwyn,rating,68,70
Jovaughn Gwyn,Jovaughn Gwyn,speed,78,73
Jovaughn Gwyn,Jovaughn Gwyn,power,86,89
Jovaughn Gwyn,Jovaughn Gwyn,agility,71,66
Jovaughn Gwyn,Jovaughn Gwyn,burst,74,77
Jovaughn Gwyn,Jovaughn Gwyn,intelligence,78,75
Jovaughn Gwyn,Jovaughn Gwyn,tackle,0,5
Jovaughn Gwyn,Jovaughn Gwyn,manCover,0,5
Jovaughn Gwyn,Jovaughn Gwyn,zoneCover,0,5
Jovaughn Gwyn,Jovaughn Gwyn,catching,0,5
Jovaughn Gwyn,Jovaughn Gwyn,routeRun,0,5
Karl Brooks,Karl Brooks,rating,68,70
Karl Brooks,Karl Brooks,speed,81,76
Karl Brooks,Karl Brooks,power,90,85
Karl Brooks,Karl Brooks,agility,76,71
Karl Brooks,Karl Brooks,burst,74,79
Karl Brooks,Karl Brooks,intelligence,79,74
Karl Brooks,Karl Brooks,tackle,81,77
Karl Brooks,Karl Brooks,manCover,0,5
Karl Brooks,Karl Brooks,zoneCover,0,5
Karl Brooks,Karl Brooks,catching,0,5
Karl Brooks,Karl Brooks,routeRun,0,5
Rasheen Ali,Rasheen Ali,rating,71,69
Rasheen Ali,Rasheen Ali,speed,97,92
Rasheen Ali,Rasheen Ali,power,71,74
Rasheen Ali,Rasheen Ali,agility,80,85
Rasheen Ali,Rasheen Ali,burst,98,93
Rasheen Ali,Rasheen Ali,intelligence,74,69
Rasheen Ali,Rasheen Ali,tackle,0,5
Rasheen Ali,Rasheen Ali,manCover,0,5
Rasheen Ali,Rasheen Ali,zoneCover,0,5
Rasheen Ali,Rasheen Ali,catching,75,70
Rasheen Ali,Rasheen Ali,routeRun,79,74
Anthony Richardson,Anthony Richardson Sr,rating,71,69
Anthony Richardson,Anthony Richardson Sr,speed,97,92
Anthony Richardson,Anthony Richardson Sr,power,95,90
Anthony Richardson,Anthony Richardson Sr,agility,96,91
Anthony Richardson,Anthony Richardson Sr,burst,95,92
Anthony Richardson,Anthony Richardson Sr,intelligence,60,55
Anthony Richardson,Anthony Richardson Sr,tackle,0,5
Anthony Richardson,Anthony Richardson Sr,manCover,0,5
Anthony Richardson,Anthony Richardson Sr,zoneCover,0,5
Anthony Richardson,Anthony Richardson Sr,catching,0,5
Anthony Richardson,Anthony Richardson Sr,routeRun,0,5
Jake Bobo,Jake Bobo,rating,71,69
Jake Bobo,Jake Bobo,speed,73,78
Jake Bobo,Jake Bobo,power,77,72
Jake Bobo,Jake Bobo,agility,77,80
Jake Bobo,Jake Bobo,burst,91,86
Jake Bobo,Jake Bobo,intelligence,84,79
Jake Bobo,Jake Bobo,tackle,0,5
Jake Bobo,Jake Bobo,manCover,0,5
Jake Bobo,Jake Bobo,zoneCover,0,5
Jake Bobo,Jake Bobo,catching,82,85
Jackson Hawes,Jackson Hawes,rating,70,68
Jackson Hawes,Jackson Hawes,speed,70,75
Jackson Hawes,Jackson Hawes,power,81,76
Jackson Hawes,Jackson Hawes,agility,85,80
Jackson Hawes,Jackson Hawes,intelligence,70,71
Jackson Hawes,Jackson Hawes,tackle,0,5
Jackson Hawes,Jackson Hawes,manCover,0,5
Jackson Hawes,Jackson Hawes,zoneCover,0,5
Jackson Hawes,Jackson Hawes,catching,78,75
Jackson Hawes,Jackson Hawes,routeRun,87,82
Theo Benedet,Theo Benedet,rating,65,67
Theo Benedet,Theo Benedet,speed,85,80
Theo Benedet,Theo Benedet,power,75,80
Theo Benedet,Theo Benedet,agility,84,79
Theo Benedet,Theo Benedet,burst,74,73
Theo Benedet,Theo Benedet,intelligence,80,75
Theo Benedet,Theo Benedet,tackle,0,5
Theo Benedet,Theo Benedet,manCover,0,5
Theo Benedet,Theo Benedet,zoneCover,0,5
Theo Benedet,Theo Benedet,catching,0,5
Theo Benedet,Theo Benedet,routeRun,0,5
Josh Wallace,Josh Wallace,rating,69,67
Josh Wallace,Josh Wallace,speed,85,86
Josh Wallace,Josh Wallace,power,65,60
Josh Wallace,Josh Wallace,agility,69,74
Josh Wallace,Josh Wallace,burst,85,90
Josh Wallace,Josh Wallace,intelligence,78,73
Josh Wallace,Josh Wallace,tackle,77,72
Josh Wallace,Josh Wallace,manCover,86,81
Josh Wallace,Josh Wallace,zoneCover,82,77
Josh Wallace,Josh Wallace,catching,0,5
Josh Wallace,Josh Wallace,routeRun,0,5
Aidan O'Connell,Aidan O'Connell,rating,69,67
Aidan O'Connell,Aidan O'Connell,speed,71,75
Aidan O'Connell,Aidan O'Connell,power,81,76
Aidan O'Connell,Aidan O'Connell,agility,69,73
Aidan O'Connell,Aidan O'Connell,burst,96,91
Aidan O'Connell,Aidan O'Connell,intelligence,71,69
Aidan O'Connell,Aidan O'Connell,tackle,0,5
Aidan O'Connell,Aidan O'Connell,manCover,0,5
Aidan O'Connell,Aidan O'Connell,zoneCover,0,5
Aidan O'Connell,Aidan O'Connell,catching,0,5
Aidan O'Connell,Aidan O'Connell,routeRun,0,5
Jaylan Ford,Jaylan Ford,rating,69,67
Jaylan Ford,Jaylan Ford,speed,88,83
Jaylan Ford,Jaylan Ford,power,80,75
Jaylan Ford,Jaylan Ford,agility,68,73
Jaylan Ford,Jaylan Ford,burst,74,79
Jaylan Ford,Jaylan Ford,intelligence,76,71
Jaylan Ford,Jaylan Ford,tackle,82,79
Jaylan Ford,Jaylan Ford,manCover,71,66
Jaylan Ford,Jaylan Ford,zoneCover,75,70
Jaylan Ford,Jaylan Ford,catching,0,5
Jaylan Ford,Jaylan Ford,routeRun,0,5
Zach Wilson,Zach Wilson,rating,65,67
Zach Wilson,Zach Wilson,speed,84,83
Zach Wilson,Zach Wilson,power,82,77
Zach Wilson,Zach Wilson,agility,89,84
Zach Wilson,Zach Wilson,burst,74,79
Zach Wilson,Zach Wilson,intelligence,84,79
Zach Wilson,Zach Wilson,tackle,0,5
Zach Wilson,Zach Wilson,manCover,0,5
Zach Wilson,Zach Wilson,zoneCover,0,5
Zach Wilson,Zach Wilson,catching,0,5
Zach Wilson,Zach Wilson,routeRun,0,5
Spencer Anderson,Spencer Anderson,rating,65,67
Spencer Anderson,Spencer Anderson,speed,72,67
Spencer Anderson,Spencer Anderson,power,74,79
Spencer Anderson,Spencer Anderson,agility,77,72
Spencer Anderson,Spencer Anderson,burst,75,70
Spencer Anderson,Spencer Anderson,intelligence,71,73
Spencer Anderson,Spencer Anderson,tackle,0,5
Spencer Anderson,Spencer Anderson,manCover,0,5
Spencer Anderson,Spencer Anderson,zoneCover,0,5
Spencer Anderson,Spencer Anderson,catching,0,5
Spencer Anderson,Spencer Anderson,routeRun,0,5
Kitan Crawford,Kitan Crawford,rating,68,66
Kitan Crawford,Kitan Crawford,speed,78,83
Kitan Crawford,Kitan Crawford,power,75,70
Kitan Crawford,Kitan Crawford,agility,74,79
Kitan Crawford,Kitan Crawford,burst,73,78
Kitan Crawford,Kitan Crawford,intelligence,81,76
Kitan Crawford,Kitan Crawford,tackle,86,81
Kitan Crawford,Kitan Crawford,manCover,88,83
Kitan Crawford,Kitan Crawford,zoneCover,68,67
Kitan Crawford,Kitan Crawford,catching,0,5
Kitan Crawford,Kitan Crawford,routeRun,0,5
Myles Price,Myles Price,rating,68,66
Myles Price,Myles Price,speed,78,83
Myles Price,Myles Price,power,89,84
Myles Price,Myles Price,agility,74,79
Myles Price,Myles Price,burst,80,85
Myles Price,Myles Price,intelligence,79,74
Myles Price,Myles Price,tackle,0,5
Myles Price,Myles Price,manCover,0,5
Myles Price,Myles Price,zoneCover,0,5
Myles Price,Myles Price,catching,78,80
Myles Price,Myles Price,routeRun,81,76
Vederian Lowe,Vederian Lowe,rating,64,66
Vederian Lowe,Vederian Lowe,speed,88,83
Vederian Lowe,Vederian Lowe,power,79,82
Vederian Lowe,Vederian Lowe,agility,95,90
Vederian Lowe,Vederian Lowe,burst,79,74
Vederian Lowe,Vederian Lowe,intelligence,93,88
Vederian Lowe,Vederian Lowe,tackle,0,5
Vederian Lowe,Vederian Lowe,manCover,0,5
Vederian Lowe,Vederian Lowe,zoneCover,0,5
Vederian Lowe,Vederian Lowe,catching,0,5
Vederian Lowe,Vederian Lowe,routeRun,0,5
Tycen Anderson,Tycen Anderson,rating,63,65
Tycen Anderson,Tycen Anderson,speed,75,80
Tycen Anderson,Tycen Anderson,power,88,83
Tycen Anderson,Tycen Anderson,agility,81,86
Tycen Anderson,Tycen Anderson,burst,85,90
Tycen Anderson,Tycen Anderson,intelligence,73,68
Tycen Anderson,Tycen Anderson,tackle,69,64
Tycen Anderson,Tycen Anderson,manCover,81,76
Tycen Anderson,Tycen Anderson,zoneCover,78,73
Tycen Anderson,Tycen Anderson,catching,0,5
Tycen Anderson,Tycen Anderson,routeRun,0,5
Hunter Wohler,Hunter Wohler,rating,63,65
Hunter Wohler,Hunter Wohler,speed,78,83
Hunter Wohler,Hunter Wohler,power,74,69
Hunter Wohler,Hunter Wohler,agility,81,86
Hunter Wohler,Hunter Wohler,burst,80,85
Hunter Wohler,Hunter Wohler,intelligence,74,69
Hunter Wohler,Hunter Wohler,tackle,70,67
Hunter Wohler,Hunter Wohler,manCover,74,69
Hunter Wohler,Hunter Wohler,zoneCover,76,71
Hunter Wohler,Hunter Wohler,catching,0,5
Hunter Wohler,Hunter Wohler,routeRun,0,5
Branson Taylor,Branson Taylor,rating,67,65
Branson Taylor,Branson Taylor,speed,82,77
Branson Taylor,Branson Taylor,power,79,84
Branson Taylor,Branson Taylor,agility,82,77
Branson Taylor,Branson Taylor,burst,83,78
Branson Taylor,Branson Taylor,intelligence,68,67
Branson Taylor,Branson Taylor,tackle,0,5
Branson Taylor,Branson Taylor,manCover,0,5
Branson Taylor,Branson Taylor,zoneCover,0,5
Branson Taylor,Branson Taylor,catching,0,5
Branson Taylor,Branson Taylor,routeRun,0,5
Jarrett Stidham,Jarrett Stidham,rating,66,64
Jarrett Stidham,Jarrett Stidham,speed,74,79
Jarrett Stidham,Jarrett Stidham,power,82,77
Jarrett Stidham,Jarrett Stidham,agility,71,72
Jarrett Stidham,Jarrett Stidham,burst,78,81
Jarrett Stidham,Jarrett Stidham,intelligence,73,72
Jarrett Stidham,Jarrett Stidham,tackle,0,5
Jarrett Stidham,Jarrett Stidham,manCover,0,5
Jarrett Stidham,Jarrett Stidham,zoneCover,0,5
Jarrett Stidham,Jarrett Stidham,catching,0,5
Jarrett Stidham,Jarrett Stidham,routeRun,0,5
Marlowe Wax,Marlowe Wax,rating,62,64
Marlowe Wax,Marlowe Wax,speed,74,79
Marlowe Wax,Marlowe Wax,power,79,74
Marlowe Wax,Marlowe Wax,agility,77,82
Marlowe Wax,Marlowe Wax,burst,71,76
Marlowe Wax,Marlowe Wax,intelligence,72,67
Marlowe Wax,Marlowe Wax,tackle,66,71
Marlowe Wax,Marlowe Wax,manCover,78,73
Marlowe Wax,Marlowe Wax,zoneCover,79,74
Marlowe Wax,Marlowe Wax,catching,0,5
Marlowe Wax,Marlowe Wax,routeRun,0,5
Donovan McMillon,Donovan McMillon,rating,64,62
Donovan McMillon,Donovan McMillon,speed,75,80
Donovan McMillon,Donovan McMillon,power,79,74
Donovan McMillon,Donovan McMillon,agility,83,84
Donovan McMillon,Donovan McMillon,burst,70,75
Donovan McMillon,Donovan McMillon,intelligence,74,69
Donovan McMillon,Donovan McMillon,tackle,80,75
Donovan McMillon,Donovan McMillon,manCover,81,76
Donovan McMillon,Donovan McMillon,zoneCover,79,74
Donovan McMillon,Donovan McMillon,catching,0,5
Donovan McMillon,Donovan McMillon,routeRun,0,5
Moliki Matavao,Moliki Matavao,rating,64,62
Moliki Matavao,Moliki Matavao,speed,71,76
Moliki Matavao,Moliki Matavao,power,68,73
Moliki Matavao,Moliki Matavao,agility,85,80
Moliki Matavao,Moliki Matavao,burst,92,87
Moliki Matavao,Moliki Matavao,intelligence,81,76
Moliki Matavao,Moliki Matavao,tackle,0,5
Moliki Matavao,Moliki Matavao,manCover,0,5
Moliki Matavao,Moliki Matavao,zoneCover,0,5
Moliki Matavao,Moliki Matavao,catching,82,77
Moliki Matavao,Moliki Matavao,routeRun,75,70
Jay Higgins,Jay Higgins IV,rating,63,61
Jay Higgins,Jay Higgins IV,speed,82,78
Jay Higgins,Jay Higgins IV,power,82,77
Jay Higgins,Jay Higgins IV,agility,78,83
Jay Higgins,Jay Higgins IV,burst,71,76
Jay Higgins,Jay Higgins IV,intelligence,73,68
Jay Higgins,Jay Higgins IV,tackle,73,78
Jay Higgins,Jay Higgins IV,manCover,74,69
Jay Higgins,Jay Higgins IV,zoneCover,83,78
Jay Higgins,Jay Higgins IV,catching,0,5
Jay Higgins,Jay Higgins IV,routeRun,0,5
Keondre Jackson,Keondre Jackson,rating,62,60
Keondre Jackson,Keondre Jackson,speed,73,78
Keondre Jackson,Keondre Jackson,power,74,69
Keondre Jackson,Keondre Jackson,agility,74,79
Keondre Jackson,Keondre Jackson,burst,81,83
Keondre Jackson,Keondre Jackson,intelligence,72,67
Keondre Jackson,Keondre Jackson,tackle,71,66
Keondre Jackson,Keondre Jackson,manCover,87,82
Keondre Jackson,Keondre Jackson,zoneCover,83,78
Keondre Jackson,Keondre Jackson,catching,0,5
Keondre Jackson,Keondre Jackson,routeRun,0,5
Pat Surtain II,Pat Surtain II,rating,94,97
Pat Surtain II,Pat Surtain II,speed,95,94
Pat Surtain II,Pat Surtain II,power,93,88
Pat Surtain II,Pat Surtain II,burst,87,92
Pat Surtain II,Pat Surtain II,intelligence,92,97
Pat Surtain II,Pat Surtain II,tackle,92,87
Pat Surtain II,Pat Surtain II,manCover,98,97
Pat Surtain II,Pat Surtain II,zoneCover,99,96
Pat Surtain II,Pat Surtain II,catching,0,5
Pat Surtain II,Pat Surtain II,routeRun,0,5
CeeDee Lamb,CeeDee Lamb,rating,97,94
CeeDee Lamb,CeeDee Lamb,speed,95,90
CeeDee Lamb,CeeDee Lamb,power,94,89
CeeDee Lamb,CeeDee Lamb,burst,98,93
CeeDee Lamb,CeeDee Lamb,intelligence,95,93
CeeDee Lamb,CeeDee Lamb,tackle,0,5
CeeDee Lamb,CeeDee Lamb,manCover,0,5
CeeDee Lamb,CeeDee Lamb,zoneCover,0,5
CeeDee Lamb,CeeDee Lamb,catching,92,91
CeeDee Lamb,CeeDee Lamb,routeRun,97,95
Chris Jones,Chris Jones,rating,97,94
Chris Jones,Chris Jones,speed,94,89
Chris Jones,Chris Jones,power,99,96
Chris Jones,Chris Jones,agility,84,79
Chris Jones,Chris Jones,burst,87,82
Chris Jones,Chris Jones,intelligence,80,85
Chris Jones,Chris Jones,tackle,85,88
Chris Jones,Chris Jones,manCover,0,5
Chris Jones,Chris Jones,zoneCover,0,5
Chris Jones,Chris Jones,catching,0,5
Chris Jones,Chris Jones,routeRun,0,5
Rashawn Slater,Rashawn Slater,rating,89,92
Rashawn Slater,Rashawn Slater,speed,86,81
Rashawn Slater,Rashawn Slater,agility,85,80
Rashawn Slater,Rashawn Slater,burst,90,85
Rashawn Slater,Rashawn Slater,intelligence,93,88
Rashawn Slater,Rashawn Slater,tackle,0,5
Rashawn Slater,Rashawn Slater,manCover,0,5
Rashawn Slater,Rashawn Slater,zoneCover,0,5
Rashawn Slater,Rashawn Slater,catching,0,5
Rashawn Slater,Rashawn Slater,routeRun,0,5
Quinyon Mitchell,Quinyon Mitchell,rating,93,90
Quinyon Mitchell,Quinyon Mitchell,speed,97,94
Quinyon Mitchell,Quinyon Mitchell,power,92,87
Quinyon Mitchell,Quinyon Mitchell,agility,87,90
Quinyon Mitchell,Quinyon Mitchell,burst,99,94
Quinyon Mitchell,Quinyon Mitchell,intelligence,87,91
Quinyon Mitchell,Quinyon Mitchell,tackle,88,83
Quinyon Mitchell,Quinyon Mitchell,manCover,98,93
Quinyon Mitchell,Quinyon Mitchell,zoneCover,88,90
Quinyon Mitchell,Quinyon Mitchell,catching,0,5
Quinyon Mitchell,Quinyon Mitchell,routeRun,0,5
Tyler Linderbaum,Tyler Linderbaum,rating,91,88
Tyler Linderbaum,Tyler Linderbaum,speed,96,91
Tyler Linderbaum,Tyler Linderbaum,power,90,85
Tyler Linderbaum,Tyler Linderbaum,agility,79,74
Tyler Linderbaum,Tyler Linderbaum,burst,87,82
Tyler Linderbaum,Tyler Linderbaum,intelligence,88,93
Tyler Linderbaum,Tyler Linderbaum,tackle,0,5
Tyler Linderbaum,Tyler Linderbaum,manCover,0,5
Tyler Linderbaum,Tyler Linderbaum,zoneCover,0,5
Tyler Linderbaum,Tyler Linderbaum,catching,0,5
Tyler Linderbaum,Tyler Linderbaum,routeRun,0,5
Brandon Aubrey,Brandon Aubrey,rating,90,87
Brandon Aubrey,Brandon Aubrey,speed,75,80
Brandon Aubrey,Brandon Aubrey,power,97,92
Brandon Aubrey,Brandon Aubrey,agility,75,74
Brandon Aubrey,Brandon Aubrey,burst,75,76
Brandon Aubrey,Brandon Aubrey,intelligence,87,82
Brandon Aubrey,Brandon Aubrey,tackle,0,5
Brandon Aubrey,Brandon Aubrey,manCover,0,5
Brandon Aubrey,Brandon Aubrey,zoneCover,0,5
Brandon Aubrey,Brandon Aubrey,catching,0,5
Brandon Aubrey,Brandon Aubrey,routeRun,0,5
Bernhard Raimann,Bernhard Raimann,speed,82,77
Bernhard Raimann,Bernhard Raimann,power,96,92
Bernhard Raimann,Bernhard Raimann,agility,88,83
Bernhard Raimann,Bernhard Raimann,burst,96,91
Bernhard Raimann,Bernhard Raimann,intelligence,86,87
Bernhard Raimann,Bernhard Raimann,tackle,0,5
Bernhard Raimann,Bernhard Raimann,manCover,0,5
Bernhard Raimann,Bernhard Raimann,zoneCover,0,5
Bernhard Raimann,Bernhard Raimann,catching,0,5
Bernhard Raimann,Bernhard Raimann,routeRun,0,5
Kevin Byard,Kevin Byard III,rating,88,85
Kevin Byard,Kevin Byard III,speed,90,88
Kevin Byard,Kevin Byard III,power,90,85
Kevin Byard,Kevin Byard III,burst,93,88
Kevin Byard,Kevin Byard III,intelligence,82,87
Kevin Byard,Kevin Byard III,tackle,88,83
Kevin Byard,Kevin Byard III,manCover,88,83
Kevin Byard,Kevin Byard III,zoneCover,89,84
Kevin Byard,Kevin Byard III,catching,0,5
Kevin Byard,Kevin Byard III,routeRun,0,5
DK Metcalf,DK Metcalf,rating,82,85
DK Metcalf,DK Metcalf,speed,95,94
DK Metcalf,DK Metcalf,power,98,93
DK Metcalf,DK Metcalf,agility,90,85
DK Metcalf,DK Metcalf,burst,75,80
DK Metcalf,DK Metcalf,intelligence,74,79
DK Metcalf,DK Metcalf,tackle,0,5
DK Metcalf,DK Metcalf,manCover,0,5
DK Metcalf,DK Metcalf,zoneCover,0,5
DK Metcalf,DK Metcalf,catching,84,87
DK Metcalf,DK Metcalf,routeRun,88,83
Bucky Irving,Bucky Irving,rating,88,85
Bucky Irving,Bucky Irving,speed,88,89
Bucky Irving,Bucky Irving,power,93,88
Bucky Irving,Bucky Irving,agility,95,90
Bucky Irving,Bucky Irving,burst,93,91
Bucky Irving,Bucky Irving,intelligence,75,80
Bucky Irving,Bucky Irving,tackle,0,5
Bucky Irving,Bucky Irving,manCover,0,5
Bucky Irving,Bucky Irving,zoneCover,0,5
Bucky Irving,Bucky Irving,catching,88,83
Bucky Irving,Bucky Irving,routeRun,79,74
Taylor Moton,Taylor Moton,rating,87,84
Taylor Moton,Taylor Moton,speed,80,75
Taylor Moton,Taylor Moton,power,96,91
Taylor Moton,Taylor Moton,agility,82,77
Taylor Moton,Taylor Moton,burst,81,76
Taylor Moton,Taylor Moton,intelligence,91,96
Taylor Moton,Taylor Moton,tackle,0,5
Taylor Moton,Taylor Moton,manCover,0,5
Taylor Moton,Taylor Moton,zoneCover,0,5
Taylor Moton,Taylor Moton,catching,0,5
Taylor Moton,Taylor Moton,routeRun,0,5
Alec Pierce,Alec Pierce,rating,87,84
Alec Pierce,Alec Pierce,speed,95,94
Alec Pierce,Alec Pierce,power,88,83
Alec Pierce,Alec Pierce,burst,92,94
Alec Pierce,Alec Pierce,intelligence,85,89
Alec Pierce,Alec Pierce,tackle,0,5
Alec Pierce,Alec Pierce,manCover,0,5
Alec Pierce,Alec Pierce,zoneCover,0,5
Alec Pierce,Alec Pierce,catching,92,93
Alec Pierce,Alec Pierce,routeRun,79,83
Kyler Gordon,Kyler Gordon,rating,80,83
Kyler Gordon,Kyler Gordon,speed,92,88
Kyler Gordon,Kyler Gordon,power,78,73
Kyler Gordon,Kyler Gordon,agility,87,92
Kyler Gordon,Kyler Gordon,burst,86,91
Kyler Gordon,Kyler Gordon,intelligence,86,91
Kyler Gordon,Kyler Gordon,tackle,81,76
Kyler Gordon,Kyler Gordon,manCover,75,77
Kyler Gordon,Kyler Gordon,zoneCover,93,88
Kyler Gordon,Kyler Gordon,catching,0,5
Kyler Gordon,Kyler Gordon,routeRun,0,5
Zach Sieler,Zach Sieler,speed,82,78
Zach Sieler,Zach Sieler,power,90,89
Zach Sieler,Zach Sieler,agility,75,73
Zach Sieler,Zach Sieler,burst,85,80
Zach Sieler,Zach Sieler,intelligence,83,86
Zach Sieler,Zach Sieler,tackle,85,84
Zach Sieler,Zach Sieler,manCover,0,5
Zach Sieler,Zach Sieler,zoneCover,0,5
Zach Sieler,Zach Sieler,catching,0,5
Zach Sieler,Zach Sieler,routeRun,0,5
Ed Oliver,Ed Oliver,rating,79,82
Ed Oliver,Ed Oliver,speed,80,82
Ed Oliver,Ed Oliver,power,97,92
Ed Oliver,Ed Oliver,agility,78,83
Ed Oliver,Ed Oliver,burst,79,84
Ed Oliver,Ed Oliver,intelligence,88,85
Ed Oliver,Ed Oliver,tackle,74,79
Ed Oliver,Ed Oliver,manCover,0,5
Ed Oliver,Ed Oliver,zoneCover,0,5
Ed Oliver,Ed Oliver,catching,0,5
Ed Oliver,Ed Oliver,routeRun,0,5
Quinshon Judkins,Quinshon Judkins,power,88,83
Quinshon Judkins,Quinshon Judkins,agility,84,85
Quinshon Judkins,Quinshon Judkins,intelligence,79,83
Quinshon Judkins,Quinshon Judkins,tackle,0,5
Quinshon Judkins,Quinshon Judkins,manCover,0,5
Quinshon Judkins,Quinshon Judkins,zoneCover,0,5
Quinshon Judkins,Quinshon Judkins,catching,81,76
Quinshon Judkins,Quinshon Judkins,routeRun,73,68
Tyler Booker,Tyler Booker,rating,85,82
Tyler Booker,Tyler Booker,speed,95,90
Tyler Booker,Tyler Booker,power,90,94
Tyler Booker,Tyler Booker,agility,89,84
Tyler Booker,Tyler Booker,burst,92,87
Tyler Booker,Tyler Booker,intelligence,88,84
Tyler Booker,Tyler Booker,tackle,0,5
Tyler Booker,Tyler Booker,manCover,0,5
Tyler Booker,Tyler Booker,zoneCover,0,5
Tyler Booker,Tyler Booker,catching,0,5
Tyler Booker,Tyler Booker,routeRun,0,5
Jordan Davis,Jordan Davis,rating,85,82
Jordan Davis,Jordan Davis,speed,84,81
Jordan Davis,Jordan Davis,power,95,96
Jordan Davis,Jordan Davis,agility,78,73
Jordan Davis,Jordan Davis,burst,92,87
Jordan Davis,Jordan Davis,intelligence,84,79
Jordan Davis,Jordan Davis,tackle,85,84
Jordan Davis,Jordan Davis,manCover,0,5
Jordan Davis,Jordan Davis,zoneCover,0,5
Jordan Davis,Jordan Davis,catching,0,5
Jordan Davis,Jordan Davis,routeRun,0,5
Tyler Allgeier,Tyler Allgeier,rating,84,81
Tyler Allgeier,Tyler Allgeier,speed,77,82
Tyler Allgeier,Tyler Allgeier,power,90,85
Tyler Allgeier,Tyler Allgeier,agility,75,80
Tyler Allgeier,Tyler Allgeier,burst,78,83
Tyler Allgeier,Tyler Allgeier,intelligence,89,84
Tyler Allgeier,Tyler Allgeier,tackle,0,5
Tyler Allgeier,Tyler Allgeier,manCover,0,5
Tyler Allgeier,Tyler Allgeier,zoneCover,0,5
Tyler Allgeier,Tyler Allgeier,catching,91,86
Tyler Allgeier,Tyler Allgeier,routeRun,79,74
Bo Nix,Bo Nix,rating,84,81
Bo Nix,Bo Nix,speed,90,88
Bo Nix,Bo Nix,power,81,76
Bo Nix,Bo Nix,agility,80,76
Bo Nix,Bo Nix,burst,84,89
Bo Nix,Bo Nix,intelligence,78,83
Bo Nix,Bo Nix,tackle,0,5
Bo Nix,Bo Nix,manCover,0,5
Bo Nix,Bo Nix,zoneCover,0,5
Bo Nix,Bo Nix,catching,0,5
Bo Nix,Bo Nix,routeRun,0,5
Aaron Jones,Aaron Jones Sr,rating,84,81
Aaron Jones,Aaron Jones Sr,power,89,84
Aaron Jones,Aaron Jones Sr,agility,92,90
Aaron Jones,Aaron Jones Sr,burst,84,89
Aaron Jones,Aaron Jones Sr,intelligence,85,82
Aaron Jones,Aaron Jones Sr,tackle,0,5
Aaron Jones,Aaron Jones Sr,manCover,0,5
Aaron Jones,Aaron Jones Sr,zoneCover,0,5
Aaron Jones,Aaron Jones Sr,catching,85,80
Aaron Jones,Aaron Jones Sr,routeRun,78,73
Colton McKivitz,Colton McKivitz,rating,84,81
Colton McKivitz,Colton McKivitz,speed,79,74
Colton McKivitz,Colton McKivitz,power,90,85
Colton McKivitz,Colton McKivitz,agility,79,74
Colton McKivitz,Colton McKivitz,burst,77,72
Colton McKivitz,Colton McKivitz,tackle,0,5
Colton McKivitz,Colton McKivitz,manCover,0,5
Colton McKivitz,Colton McKivitz,zoneCover,0,5
Colton McKivitz,Colton McKivitz,catching,0,5
Colton McKivitz,Colton McKivitz,routeRun,0,5
Bryan Anger,Bryan Anger,speed,83,78
Bryan Anger,Bryan Anger,power,85,80
Bryan Anger,Bryan Anger,agility,76,71
Bryan Anger,Bryan Anger,burst,78,74
Bryan Anger,Bryan Anger,intelligence,76,71
Bryan Anger,Bryan Anger,tackle,0,5
Bryan Anger,Bryan Anger,manCover,0,5
Bryan Anger,Bryan Anger,zoneCover,0,5
Bryan Anger,Bryan Anger,catching,0,5
Bryan Anger,Bryan Anger,routeRun,0,5
Ezra Cleveland,Ezra Cleveland,rating,82,79
Ezra Cleveland,Ezra Cleveland,speed,86,81
Ezra Cleveland,Ezra Cleveland,power,99,94
Ezra Cleveland,Ezra Cleveland,agility,73,70
Ezra Cleveland,Ezra Cleveland,burst,69,74
Ezra Cleveland,Ezra Cleveland,intelligence,79,78
Ezra Cleveland,Ezra Cleveland,tackle,0,5
Ezra Cleveland,Ezra Cleveland,manCover,0,5
Ezra Cleveland,Ezra Cleveland,zoneCover,0,5
Ezra Cleveland,Ezra Cleveland,catching,0,5
Ezra Cleveland,Ezra Cleveland,routeRun,0,5
Jihaad Campbell,Jihaad Campbell,rating,76,79
Jihaad Campbell,Jihaad Campbell,speed,76,81
Jihaad Campbell,Jihaad Campbell,power,85,80
Jihaad Campbell,Jihaad Campbell,agility,73,78
Jihaad Campbell,Jihaad Campbell,burst,93,91
Jihaad Campbell,Jihaad Campbell,intelligence,83,78
Jihaad Campbell,Jihaad Campbell,tackle,85,87
Jihaad Campbell,Jihaad Campbell,manCover,83,78
Jihaad Campbell,Jihaad Campbell,zoneCover,70,75
Jihaad Campbell,Jihaad Campbell,catching,0,5
Jihaad Campbell,Jihaad Campbell,routeRun,0,5
Kenneth Gainwell,Kenny Gainwell,rating,82,79
Kenneth Gainwell,Kenny Gainwell,speed,86,89
Kenneth Gainwell,Kenny Gainwell,power,90,85
Kenneth Gainwell,Kenny Gainwell,agility,79,84
Kenneth Gainwell,Kenny Gainwell,burst,92,87
Kenneth Gainwell,Kenny Gainwell,intelligence,87,84
Kenneth Gainwell,Kenny Gainwell,tackle,0,5
Kenneth Gainwell,Kenny Gainwell,manCover,0,5
Kenneth Gainwell,Kenny Gainwell,zoneCover,0,5
Kenneth Gainwell,Kenny Gainwell,catching,88,83
Kenneth Gainwell,Kenny Gainwell,routeRun,88,83
Cole Kmet,Cole Kmet,rating,75,78
Cole Kmet,Cole Kmet,speed,91,86
Cole Kmet,Cole Kmet,power,80,76
Cole Kmet,Cole Kmet,agility,83,78
Cole Kmet,Cole Kmet,burst,89,84
Cole Kmet,Cole Kmet,intelligence,82,78
Cole Kmet,Cole Kmet,tackle,0,5
Cole Kmet,Cole Kmet,manCover,0,5
Cole Kmet,Cole Kmet,zoneCover,0,5
Cole Kmet,Cole Kmet,catching,82,87
Cole Kmet,Cole Kmet,routeRun,88,83
Boye Mafe,Boye Mafe,rating,81,78
Boye Mafe,Boye Mafe,speed,88,89
Boye Mafe,Boye Mafe,power,90,85
Boye Mafe,Boye Mafe,agility,90,85
Boye Mafe,Boye Mafe,burst,83,88
Boye Mafe,Boye Mafe,intelligence,81,76
Boye Mafe,Boye Mafe,tackle,98,93
Boye Mafe,Boye Mafe,manCover,0,5
Boye Mafe,Boye Mafe,zoneCover,0,5
Boye Mafe,Boye Mafe,catching,0,5
Boye Mafe,Boye Mafe,routeRun,0,5
Jackson Powers-Johnson,Jackson Powers-Johnson,rating,81,78
Jackson Powers-Johnson,Jackson Powers-Johnson,speed,78,73
Jackson Powers-Johnson,Jackson Powers-Johnson,power,96,91
Jackson Powers-Johnson,Jackson Powers-Johnson,agility,89,84
Jackson Powers-Johnson,Jackson Powers-Johnson,burst,79,75
Jackson Powers-Johnson,Jackson Powers-Johnson,intelligence,81,77
Jackson Powers-Johnson,Jackson Powers-Johnson,tackle,0,5
Jackson Powers-Johnson,Jackson Powers-Johnson,manCover,0,5
Jackson Powers-Johnson,Jackson Powers-Johnson,zoneCover,0,5
Jackson Powers-Johnson,Jackson Powers-Johnson,catching,0,5
Jackson Powers-Johnson,Jackson Powers-Johnson,routeRun,0,5
Julian Blackmon,Julian Blackmon,rating,81,78
Julian Blackmon,Julian Blackmon,speed,73,78
Julian Blackmon,Julian Blackmon,power,80,75
Julian Blackmon,Julian Blackmon,agility,92,88
Julian Blackmon,Julian Blackmon,burst,96,91
Julian Blackmon,Julian Blackmon,intelligence,79,82
Julian Blackmon,Julian Blackmon,tackle,76,77
Julian Blackmon,Julian Blackmon,manCover,93,88
Julian Blackmon,Julian Blackmon,zoneCover,96,91
Julian Blackmon,Julian Blackmon,catching,0,5
Julian Blackmon,Julian Blackmon,routeRun,0,5
Andru Phillips,Dru Phillips,rating,81,78
Andru Phillips,Dru Phillips,speed,74,79
Andru Phillips,Dru Phillips,power,82,77
Andru Phillips,Dru Phillips,agility,88,90
Andru Phillips,Dru Phillips,burst,97,92
Andru Phillips,Dru Phillips,intelligence,89,84
Andru Phillips,Dru Phillips,tackle,87,82
Andru Phillips,Dru Phillips,manCover,71,76
Andru Phillips,Dru Phillips,zoneCover,81,77
Andru Phillips,Dru Phillips,catching,0,5
Andru Phillips,Dru Phillips,routeRun,0,5
Tommy Townsend,Tommy Townsend,rating,81,78
Tommy Townsend,Tommy Townsend,speed,85,81
Tommy Townsend,Tommy Townsend,power,81,76
Tommy Townsend,Tommy Townsend,agility,87,82
Tommy Townsend,Tommy Townsend,burst,76,81
Tommy Townsend,Tommy Townsend,intelligence,94,89
Tommy Townsend,Tommy Townsend,tackle,0,5
Tommy Townsend,Tommy Townsend,manCover,0,5
Tommy Townsend,Tommy Townsend,zoneCover,0,5
Tommy Townsend,Tommy Townsend,catching,0,5
Tommy Townsend,Tommy Townsend,routeRun,0,5
Matthew Bergeron,Matthew Bergeron,rating,80,77
Matthew Bergeron,Matthew Bergeron,speed,67,63
Matthew Bergeron,Matthew Bergeron,power,78,83
Matthew Bergeron,Matthew Bergeron,agility,79,74
Matthew Bergeron,Matthew Bergeron,burst,77,75
Matthew Bergeron,Matthew Bergeron,intelligence,85,80
Matthew Bergeron,Matthew Bergeron,tackle,0,5
Matthew Bergeron,Matthew Bergeron,manCover,0,5
Matthew Bergeron,Matthew Bergeron,zoneCover,0,5
Matthew Bergeron,Matthew Bergeron,catching,0,5
Matthew Bergeron,Matthew Bergeron,routeRun,0,5
Kimani Vidal,Kimani Vidal,rating,74,77
Kimani Vidal,Kimani Vidal,speed,77,82
Kimani Vidal,Kimani Vidal,power,82,77
Kimani Vidal,Kimani Vidal,agility,73,78
Kimani Vidal,Kimani Vidal,burst,95,90
Kimani Vidal,Kimani Vidal,intelligence,77,81
Kimani Vidal,Kimani Vidal,tackle,0,5
Kimani Vidal,Kimani Vidal,manCover,0,5
Kimani Vidal,Kimani Vidal,zoneCover,0,5
Kimani Vidal,Kimani Vidal,catching,81,76
Kimani Vidal,Kimani Vidal,routeRun,92,87
Eric Stokes,Eric Stokes,rating,74,77
Eric Stokes,Eric Stokes,speed,83,88
Eric Stokes,Eric Stokes,power,91,86
Eric Stokes,Eric Stokes,agility,90,85
Eric Stokes,Eric Stokes,burst,85,90
Eric Stokes,Eric Stokes,intelligence,78,73
Eric Stokes,Eric Stokes,tackle,74,69
Eric Stokes,Eric Stokes,manCover,85,80
Eric Stokes,Eric Stokes,zoneCover,87,82
Eric Stokes,Eric Stokes,catching,0,5
Eric Stokes,Eric Stokes,routeRun,0,5
Jalen Nailor,Jalen Nailor,rating,74,77
Jalen Nailor,Jalen Nailor,speed,81,86
Jalen Nailor,Jalen Nailor,power,79,74
Jalen Nailor,Jalen Nailor,agility,78,83
Jalen Nailor,Jalen Nailor,burst,78,83
Jalen Nailor,Jalen Nailor,intelligence,82,79
Jalen Nailor,Jalen Nailor,tackle,0,5
Jalen Nailor,Jalen Nailor,manCover,0,5
Jalen Nailor,Jalen Nailor,zoneCover,0,5
Jalen Nailor,Jalen Nailor,catching,90,87
Jalen Nailor,Jalen Nailor,routeRun,84,79
Cody Mauch,Cody Mauch,rating,74,77
Cody Mauch,Cody Mauch,speed,79,74
Cody Mauch,Cody Mauch,power,83,87
Cody Mauch,Cody Mauch,agility,82,77
Cody Mauch,Cody Mauch,burst,78,77
Cody Mauch,Cody Mauch,intelligence,89,84
Cody Mauch,Cody Mauch,tackle,0,5
Cody Mauch,Cody Mauch,manCover,0,5
Cody Mauch,Cody Mauch,zoneCover,0,5
Cody Mauch,Cody Mauch,catching,0,5
Cody Mauch,Cody Mauch,routeRun,0,5
Tate Ratledge,Tate Ratledge,rating,73,76
Tate Ratledge,Tate Ratledge,speed,79,74
Tate Ratledge,Tate Ratledge,power,89,88
Tate Ratledge,Tate Ratledge,agility,75,71
Tate Ratledge,Tate Ratledge,burst,76,78
Tate Ratledge,Tate Ratledge,intelligence,84,79
Tate Ratledge,Tate Ratledge,tackle,0,5
Tate Ratledge,Tate Ratledge,manCover,0,5
Tate Ratledge,Tate Ratledge,zoneCover,0,5
Tate Ratledge,Tate Ratledge,catching,0,5
Tate Ratledge,Tate Ratledge,routeRun,0,5
Paulson Adebo,Paulson Adebo,rating,73,76
Paulson Adebo,Paulson Adebo,speed,90,92
Paulson Adebo,Paulson Adebo,power,78,73
Paulson Adebo,Paulson Adebo,agility,90,91
Paulson Adebo,Paulson Adebo,intelligence,77,74
Paulson Adebo,Paulson Adebo,tackle,88,83
Paulson Adebo,Paulson Adebo,manCover,84,79
Paulson Adebo,Paulson Adebo,zoneCover,82,77
Paulson Adebo,Paulson Adebo,catching,0,5
Paulson Adebo,Paulson Adebo,routeRun,0,5
Marquise Brown,Marquise Brown,rating,79,76
Marquise Brown,Marquise Brown,speed,77,82
Marquise Brown,Marquise Brown,power,89,84
Marquise Brown,Marquise Brown,agility,83,88
Marquise Brown,Marquise Brown,burst,86,91
Marquise Brown,Marquise Brown,intelligence,78,73
Marquise Brown,Marquise Brown,tackle,0,5
Marquise Brown,Marquise Brown,manCover,0,5
Marquise Brown,Marquise Brown,zoneCover,0,5
Marquise Brown,Marquise Brown,catching,83,85
Marquise Brown,Marquise Brown,routeRun,89,84
Troy Fautanu,Troy Fautanu,speed,81,76
Troy Fautanu,Troy Fautanu,power,85,87
Troy Fautanu,Troy Fautanu,agility,80,75
Troy Fautanu,Troy Fautanu,burst,92,87
Troy Fautanu,Troy Fautanu,intelligence,79,78
Troy Fautanu,Troy Fautanu,tackle,0,5
Troy Fautanu,Troy Fautanu,manCover,0,5
Troy Fautanu,Troy Fautanu,zoneCover,0,5
Troy Fautanu,Troy Fautanu,catching,0,5
Troy Fautanu,Troy Fautanu,routeRun,0,5
John Jenkins,John Jenkins,rating,78,75
John Jenkins,John Jenkins,speed,76,71
John Jenkins,John Jenkins,power,91,90
John Jenkins,John Jenkins,agility,76,71
John Jenkins,John Jenkins,burst,76,71
John Jenkins,John Jenkins,intelligence,86,81
John Jenkins,John Jenkins,tackle,83,87
John Jenkins,John Jenkins,manCover,0,5
John Jenkins,John Jenkins,zoneCover,0,5
John Jenkins,John Jenkins,catching,0,5
John Jenkins,John Jenkins,routeRun,0,5
Lloyd Cushenberry III,Lloyd Cushenberry,rating,78,75
Lloyd Cushenberry III,Lloyd Cushenberry,speed,74,70
Lloyd Cushenberry III,Lloyd Cushenberry,power,92,87
Lloyd Cushenberry III,Lloyd Cushenberry,agility,89,84
Lloyd Cushenberry III,Lloyd Cushenberry,intelligence,74,79
Lloyd Cushenberry III,Lloyd Cushenberry,tackle,0,5
Lloyd Cushenberry III,Lloyd Cushenberry,manCover,0,5
Lloyd Cushenberry III,Lloyd Cushenberry,zoneCover,0,5
Lloyd Cushenberry III,Lloyd Cushenberry,catching,0,5
Lloyd Cushenberry III,Lloyd Cushenberry,routeRun,0,5
Ty Johnson,Ty Johnson,speed,89,90
Ty Johnson,Ty Johnson,power,79,74
Ty Johnson,Ty Johnson,agility,81,85
Ty Johnson,Ty Johnson,burst,82,87
Ty Johnson,Ty Johnson,intelligence,90,85
Ty Johnson,Ty Johnson,tackle,0,5
Ty Johnson,Ty Johnson,manCover,0,5
Ty Johnson,Ty Johnson,zoneCover,0,5
Ty Johnson,Ty Johnson,catching,75,70
Ty Johnson,Ty Johnson,routeRun,93,88
Kyler Murray,Kyler Murray,rating,72,75
Kyler Murray,Kyler Murray,speed,90,89
Kyler Murray,Kyler Murray,power,66,61
Kyler Murray,Kyler Murray,agility,87,89
Kyler Murray,Kyler Murray,burst,79,84
Kyler Murray,Kyler Murray,intelligence,70,65
Kyler Murray,Kyler Murray,tackle,0,5
Kyler Murray,Kyler Murray,manCover,0,5
Kyler Murray,Kyler Murray,zoneCover,0,5
Kyler Murray,Kyler Murray,catching,0,5
Kyler Murray,Kyler Murray,routeRun,0,5
Upton Stout,Upton Stout,rating,78,75
Upton Stout,Upton Stout,speed,87,91
Upton Stout,Upton Stout,power,72,67
Upton Stout,Upton Stout,agility,74,79
Upton Stout,Upton Stout,burst,90,92
Upton Stout,Upton Stout,intelligence,85,80
Upton Stout,Upton Stout,tackle,88,83
Upton Stout,Upton Stout,manCover,88,83
Upton Stout,Upton Stout,zoneCover,81,76
Upton Stout,Upton Stout,catching,0,5
Upton Stout,Upton Stout,routeRun,0,5
Mac Jones,Mac Jones,speed,77,82
Mac Jones,Mac Jones,power,81,76
Mac Jones,Mac Jones,agility,88,83
Mac Jones,Mac Jones,burst,83,81
Mac Jones,Mac Jones,intelligence,84,79
Mac Jones,Mac Jones,tackle,0,5
Mac Jones,Mac Jones,manCover,0,5
Mac Jones,Mac Jones,zoneCover,0,5
Mac Jones,Mac Jones,catching,0,5
Mac Jones,Mac Jones,routeRun,0,5
AJ Dillon,A.J. Dillon,rating,77,74
AJ Dillon,A.J. Dillon,speed,80,85
AJ Dillon,A.J. Dillon,power,89,85
AJ Dillon,A.J. Dillon,agility,76,78
AJ Dillon,A.J. Dillon,burst,81,85
AJ Dillon,A.J. Dillon,intelligence,72,71
AJ Dillon,A.J. Dillon,tackle,0,5
AJ Dillon,A.J. Dillon,manCover,0,5
AJ Dillon,A.J. Dillon,zoneCover,0,5
AJ Dillon,A.J. Dillon,catching,81,76
AJ Dillon,A.J. Dillon,routeRun,78,73
Geno Smith,Geno Smith,speed,77,82
Geno Smith,Geno Smith,power,77,72
Geno Smith,Geno Smith,agility,88,83
Geno Smith,Geno Smith,burst,88,83
Geno Smith,Geno Smith,intelligence,75,76
Geno Smith,Geno Smith,tackle,0,5
Geno Smith,Geno Smith,manCover,0,5
Geno Smith,Geno Smith,zoneCover,0,5
Geno Smith,Geno Smith,catching,0,5
Geno Smith,Geno Smith,routeRun,0,5
Jowon Briggs,Jowon Briggs,rating,71,74
Jowon Briggs,Jowon Briggs,speed,77,72
Jowon Briggs,Jowon Briggs,power,82,87
Jowon Briggs,Jowon Briggs,agility,90,85
Jowon Briggs,Jowon Briggs,burst,85,80
Jowon Briggs,Jowon Briggs,intelligence,86,81
Jowon Briggs,Jowon Briggs,tackle,80,84
Jowon Briggs,Jowon Briggs,manCover,0,5
Jowon Briggs,Jowon Briggs,zoneCover,0,5
Jowon Briggs,Jowon Briggs,catching,0,5
Jowon Briggs,Jowon Briggs,routeRun,0,5
Tyler Steen,Tyler Steen,rating,77,74
Tyler Steen,Tyler Steen,speed,86,81
Tyler Steen,Tyler Steen,power,76,81
Tyler Steen,Tyler Steen,agility,90,85
Tyler Steen,Tyler Steen,burst,85,80
Tyler Steen,Tyler Steen,intelligence,75,76
Tyler Steen,Tyler Steen,tackle,0,5
Tyler Steen,Tyler Steen,manCover,0,5
Tyler Steen,Tyler Steen,zoneCover,0,5
Tyler Steen,Tyler Steen,catching,0,5
Tyler Steen,Tyler Steen,routeRun,0,5
Will Shipley,Will Shipley,rating,71,74
Will Shipley,Will Shipley,speed,69,74
Will Shipley,Will Shipley,power,82,77
Will Shipley,Will Shipley,agility,90,87
Will Shipley,Will Shipley,burst,78,83
Will Shipley,Will Shipley,intelligence,86,81
Will Shipley,Will Shipley,tackle,0,5
Will Shipley,Will Shipley,manCover,0,5
Will Shipley,Will Shipley,zoneCover,0,5
Will Shipley,Will Shipley,catching,80,75
Will Shipley,Will Shipley,routeRun,75,70
Jalen McMillan,Jalen McMillan,rating,71,74
Jalen McMillan,Jalen McMillan,power,83,78
Jalen McMillan,Jalen McMillan,agility,82,85
Jalen McMillan,Jalen McMillan,burst,75,80
Jalen McMillan,Jalen McMillan,intelligence,81,78
Jalen McMillan,Jalen McMillan,tackle,0,5
Jalen McMillan,Jalen McMillan,manCover,0,5
Jalen McMillan,Jalen McMillan,zoneCover,0,5
Jalen McMillan,Jalen McMillan,catching,80,82
Jalen McMillan,Jalen McMillan,routeRun,71,76
DaVon Hamilton,DaVon Hamilton,rating,70,73
DaVon Hamilton,DaVon Hamilton,speed,73,70
DaVon Hamilton,DaVon Hamilton,power,95,91
DaVon Hamilton,DaVon Hamilton,agility,84,79
DaVon Hamilton,DaVon Hamilton,burst,81,76
DaVon Hamilton,DaVon Hamilton,intelligence,78,74
DaVon Hamilton,DaVon Hamilton,tackle,78,79
DaVon Hamilton,DaVon Hamilton,manCover,0,5
DaVon Hamilton,DaVon Hamilton,zoneCover,0,5
DaVon Hamilton,DaVon Hamilton,catching,0,5
DaVon Hamilton,DaVon Hamilton,routeRun,0,5
Cam Hart,Cam Hart,rating,70,73
Cam Hart,Cam Hart,speed,81,86
Cam Hart,Cam Hart,power,80,75
Cam Hart,Cam Hart,agility,81,80
Cam Hart,Cam Hart,burst,83,88
Cam Hart,Cam Hart,intelligence,72,69
Cam Hart,Cam Hart,tackle,78,73
Cam Hart,Cam Hart,manCover,83,78
Cam Hart,Cam Hart,zoneCover,86,81
Cam Hart,Cam Hart,catching,0,5
Cam Hart,Cam Hart,routeRun,0,5
Josh Oliver,Josh Oliver,rating,70,73
Josh Oliver,Josh Oliver,speed,77,82
Josh Oliver,Josh Oliver,agility,82,77
Josh Oliver,Josh Oliver,burst,82,83
Josh Oliver,Josh Oliver,intelligence,89,84
Josh Oliver,Josh Oliver,tackle,0,5
Josh Oliver,Josh Oliver,manCover,0,5
Josh Oliver,Josh Oliver,zoneCover,0,5
Josh Oliver,Josh Oliver,routeRun,90,85
Jordan James,Jordan James,rating,70,73
Jordan James,Jordan James,speed,78,83
Jordan James,Jordan James,power,70,72
Jordan James,Jordan James,agility,70,75
Jordan James,Jordan James,burst,94,92
Jordan James,Jordan James,intelligence,83,78
Jordan James,Jordan James,tackle,0,5
Jordan James,Jordan James,manCover,0,5
Jordan James,Jordan James,zoneCover,0,5
Jordan James,Jordan James,catching,88,83
Jordan James,Jordan James,routeRun,78,73
Tommy Tremble,Tommy Tremble,rating,75,72
Tommy Tremble,Tommy Tremble,speed,85,86
Tommy Tremble,Tommy Tremble,power,86,81
Tommy Tremble,Tommy Tremble,agility,74,79
Tommy Tremble,Tommy Tremble,burst,73,78
Tommy Tremble,Tommy Tremble,tackle,0,5
Tommy Tremble,Tommy Tremble,manCover,0,5
Tommy Tremble,Tommy Tremble,zoneCover,0,5
Tommy Tremble,Tommy Tremble,catching,73,78
Tommy Tremble,Tommy Tremble,routeRun,78,73
Ben Bartch,Ben Bartch,rating,69,72
Ben Bartch,Ben Bartch,speed,79,74
Ben Bartch,Ben Bartch,power,84,85
Ben Bartch,Ben Bartch,agility,77,72
Ben Bartch,Ben Bartch,burst,82,77
Ben Bartch,Ben Bartch,intelligence,77,75
Ben Bartch,Ben Bartch,tackle,0,5
Ben Bartch,Ben Bartch,manCover,0,5
Ben Bartch,Ben Bartch,zoneCover,0,5
Ben Bartch,Ben Bartch,catching,0,5
Ben Bartch,Ben Bartch,routeRun,0,5
Darius Alexander,Darius Alexander,rating,69,72
Darius Alexander,Darius Alexander,speed,73,74
Darius Alexander,Darius Alexander,power,77,82
Darius Alexander,Darius Alexander,agility,76,73
Darius Alexander,Darius Alexander,burst,85,80
Darius Alexander,Darius Alexander,intelligence,76,71
Darius Alexander,Darius Alexander,tackle,79,77
Darius Alexander,Darius Alexander,manCover,0,5
Darius Alexander,Darius Alexander,zoneCover,0,5
Darius Alexander,Darius Alexander,catching,0,5
Darius Alexander,Darius Alexander,routeRun,0,5
Thomas Hennessy,Thomas Hennessy,rating,69,72
Thomas Hennessy,Thomas Hennessy,speed,85,80
Thomas Hennessy,Thomas Hennessy,power,80,75
Thomas Hennessy,Thomas Hennessy,agility,74,69
Thomas Hennessy,Thomas Hennessy,burst,80,75
Thomas Hennessy,Thomas Hennessy,intelligence,65,60
Thomas Hennessy,Thomas Hennessy,tackle,0,5
Thomas Hennessy,Thomas Hennessy,manCover,0,5
Thomas Hennessy,Thomas Hennessy,zoneCover,0,5
Thomas Hennessy,Thomas Hennessy,catching,0,5
Thomas Hennessy,Thomas Hennessy,routeRun,0,5
Luke McCaffrey,Luke McCaffrey,rating,75,72
Luke McCaffrey,Luke McCaffrey,speed,83,88
Luke McCaffrey,Luke McCaffrey,power,73,68
Luke McCaffrey,Luke McCaffrey,agility,73,78
Luke McCaffrey,Luke McCaffrey,burst,83,88
Luke McCaffrey,Luke McCaffrey,intelligence,77,72
Luke McCaffrey,Luke McCaffrey,tackle,0,5
Luke McCaffrey,Luke McCaffrey,manCover,0,5
Luke McCaffrey,Luke McCaffrey,zoneCover,0,5
Luke McCaffrey,Luke McCaffrey,catching,88,83
Luke McCaffrey,Luke McCaffrey,routeRun,89,84
Andrew Vorhees,Andrew Vorhees,rating,74,71
Andrew Vorhees,Andrew Vorhees,speed,74,69
Andrew Vorhees,Andrew Vorhees,power,98,97
Andrew Vorhees,Andrew Vorhees,agility,76,71
Andrew Vorhees,Andrew Vorhees,burst,73,74
Andrew Vorhees,Andrew Vorhees,tackle,0,5
Andrew Vorhees,Andrew Vorhees,manCover,0,5
Andrew Vorhees,Andrew Vorhees,zoneCover,0,5
Andrew Vorhees,Andrew Vorhees,catching,0,5
Andrew Vorhees,Andrew Vorhees,routeRun,0,5
Akayleb Evans,Akayleb Evans,rating,68,71
Akayleb Evans,Akayleb Evans,speed,76,81
Akayleb Evans,Akayleb Evans,power,86,81
Akayleb Evans,Akayleb Evans,agility,73,78
Akayleb Evans,Akayleb Evans,burst,83,88
Akayleb Evans,Akayleb Evans,intelligence,72,69
Akayleb Evans,Akayleb Evans,tackle,89,84
Akayleb Evans,Akayleb Evans,manCover,77,72
Akayleb Evans,Akayleb Evans,zoneCover,79,76
Akayleb Evans,Akayleb Evans,catching,0,5
Akayleb Evans,Akayleb Evans,routeRun,0,5
Omarr Norman-Lott,Omarr Norman-Lott,rating,68,71
Omarr Norman-Lott,Omarr Norman-Lott,speed,84,79
Omarr Norman-Lott,Omarr Norman-Lott,power,76,81
Omarr Norman-Lott,Omarr Norman-Lott,agility,87,82
Omarr Norman-Lott,Omarr Norman-Lott,intelligence,81,76
Omarr Norman-Lott,Omarr Norman-Lott,tackle,83,78
Omarr Norman-Lott,Omarr Norman-Lott,manCover,0,5
Omarr Norman-Lott,Omarr Norman-Lott,zoneCover,0,5
Omarr Norman-Lott,Omarr Norman-Lott,catching,0,5
Omarr Norman-Lott,Omarr Norman-Lott,routeRun,0,5
Trevor Penning,Trevor Penning,rating,74,71
Trevor Penning,Trevor Penning,power,80,85
Trevor Penning,Trevor Penning,agility,85,80
Trevor Penning,Trevor Penning,burst,70,75
Trevor Penning,Trevor Penning,intelligence,78,73
Trevor Penning,Trevor Penning,tackle,0,5
Trevor Penning,Trevor Penning,manCover,0,5
Trevor Penning,Trevor Penning,zoneCover,0,5
Trevor Penning,Trevor Penning,catching,0,5
Trevor Penning,Trevor Penning,routeRun,0,5
Roman Wilson,Roman Wilson,rating,68,71
Roman Wilson,Roman Wilson,speed,79,84
Roman Wilson,Roman Wilson,power,89,84
Roman Wilson,Roman Wilson,agility,78,83
Roman Wilson,Roman Wilson,burst,79,84
Roman Wilson,Roman Wilson,intelligence,81,76
Roman Wilson,Roman Wilson,tackle,0,5
Roman Wilson,Roman Wilson,manCover,0,5
Roman Wilson,Roman Wilson,zoneCover,0,5
Roman Wilson,Roman Wilson,catching,76,81
Roman Wilson,Roman Wilson,routeRun,84,79
Nick Martin,Nick Martin,speed,87,88
Nick Martin,Nick Martin,power,78,74
Nick Martin,Nick Martin,agility,82,79
Nick Martin,Nick Martin,burst,89,93
Nick Martin,Nick Martin,intelligence,87,82
Nick Martin,Nick Martin,tackle,91,86
Nick Martin,Nick Martin,manCover,0,5
Nick Martin,Nick Martin,zoneCover,0,5
Nick Martin,Nick Martin,catching,0,5
Nick Martin,Nick Martin,routeRun,0,5
Marcus Harris,Marcus Harris,rating,68,71
Marcus Harris,Marcus Harris,speed,73,78
Marcus Harris,Marcus Harris,power,81,76
Marcus Harris,Marcus Harris,agility,90,85
Marcus Harris,Marcus Harris,burst,76,81
Marcus Harris,Marcus Harris,intelligence,77,72
Marcus Harris,Marcus Harris,tackle,78,73
Marcus Harris,Marcus Harris,manCover,65,70
Marcus Harris,Marcus Harris,zoneCover,89,84
Marcus Harris,Marcus Harris,catching,0,5
Marcus Harris,Marcus Harris,routeRun,0,5
T.J. Tampa,T.J. Tampa,rating,73,70
T.J. Tampa,T.J. Tampa,speed,80,85
T.J. Tampa,T.J. Tampa,power,90,85
T.J. Tampa,T.J. Tampa,agility,89,86
T.J. Tampa,T.J. Tampa,burst,85,88
T.J. Tampa,T.J. Tampa,intelligence,85,80
T.J. Tampa,T.J. Tampa,tackle,75,70
T.J. Tampa,T.J. Tampa,manCover,89,84
T.J. Tampa,T.J. Tampa,zoneCover,84,79
T.J. Tampa,T.J. Tampa,catching,0,5
T.J. Tampa,T.J. Tampa,routeRun,0,5
DJ Giddens,DJ Giddens,rating,73,70
DJ Giddens,DJ Giddens,speed,84,89
DJ Giddens,DJ Giddens,power,81,76
DJ Giddens,DJ Giddens,agility,80,77
DJ Giddens,DJ Giddens,burst,83,88
DJ Giddens,DJ Giddens,intelligence,73,69
DJ Giddens,DJ Giddens,tackle,0,5
DJ Giddens,DJ Giddens,manCover,0,5
DJ Giddens,DJ Giddens,zoneCover,0,5
DJ Giddens,DJ Giddens,catching,78,73
DJ Giddens,DJ Giddens,routeRun,93,88
Justin Fields,Justin Fields,rating,73,70
Justin Fields,Justin Fields,speed,84,89
Justin Fields,Justin Fields,power,84,79
Justin Fields,Justin Fields,agility,80,85
Justin Fields,Justin Fields,burst,83,88
Justin Fields,Justin Fields,intelligence,76,71
Justin Fields,Justin Fields,tackle,0,5
Justin Fields,Justin Fields,manCover,0,5
Justin Fields,Justin Fields,zoneCover,0,5
Justin Fields,Justin Fields,catching,0,5
Justin Fields,Justin Fields,routeRun,0,5
R.J. Mickens,R.J. Mickens,rating,73,70
R.J. Mickens,R.J. Mickens,speed,84,89
R.J. Mickens,R.J. Mickens,power,83,78
R.J. Mickens,R.J. Mickens,agility,73,78
R.J. Mickens,R.J. Mickens,burst,83,88
R.J. Mickens,R.J. Mickens,intelligence,81,76
R.J. Mickens,R.J. Mickens,tackle,79,74
R.J. Mickens,R.J. Mickens,manCover,85,80
R.J. Mickens,R.J. Mickens,zoneCover,77,74
R.J. Mickens,R.J. Mickens,catching,0,5
R.J. Mickens,R.J. Mickens,routeRun,0,5
Terrance Ferguson,Terrance Ferguson,rating,73,70
Terrance Ferguson,Terrance Ferguson,speed,77,82
Terrance Ferguson,Terrance Ferguson,power,75,73
Terrance Ferguson,Terrance Ferguson,agility,76,78
Terrance Ferguson,Terrance Ferguson,burst,75,80
Terrance Ferguson,Terrance Ferguson,tackle,0,5
Terrance Ferguson,Terrance Ferguson,manCover,0,5
Terrance Ferguson,Terrance Ferguson,zoneCover,0,5
Terrance Ferguson,Terrance Ferguson,catching,81,79
Terrance Ferguson,Terrance Ferguson,routeRun,77,72
Bilhal Kone,Bilhal Kone,rating,72,69
Bilhal Kone,Bilhal Kone,speed,82,87
Bilhal Kone,Bilhal Kone,power,75,70
Bilhal Kone,Bilhal Kone,agility,83,87
Bilhal Kone,Bilhal Kone,burst,82,87
Bilhal Kone,Bilhal Kone,intelligence,84,79
Bilhal Kone,Bilhal Kone,tackle,80,75
Bilhal Kone,Bilhal Kone,manCover,85,80
Bilhal Kone,Bilhal Kone,zoneCover,93,88
Bilhal Kone,Bilhal Kone,catching,0,5
Bilhal Kone,Bilhal Kone,routeRun,0,5
Joe Andreessen,Joe Andreessen,rating,66,69
Joe Andreessen,Joe Andreessen,speed,81,84
Joe Andreessen,Joe Andreessen,power,72,77
Joe Andreessen,Joe Andreessen,agility,74,77
Joe Andreessen,Joe Andreessen,burst,83,88
Joe Andreessen,Joe Andreessen,intelligence,69,66
Joe Andreessen,Joe Andreessen,tackle,84,80
Joe Andreessen,Joe Andreessen,manCover,66,61
Joe Andreessen,Joe Andreessen,zoneCover,81,76
Joe Andreessen,Joe Andreessen,catching,0,5
Joe Andreessen,Joe Andreessen,routeRun,0,5
Jaylen McCollough,Jaylen McCollough,speed,69,74
Jaylen McCollough,Jaylen McCollough,power,76,71
Jaylen McCollough,Jaylen McCollough,agility,78,77
Jaylen McCollough,Jaylen McCollough,burst,80,85
Jaylen McCollough,Jaylen McCollough,intelligence,74,73
Jaylen McCollough,Jaylen McCollough,tackle,82,77
Jaylen McCollough,Jaylen McCollough,manCover,90,85
Jaylen McCollough,Jaylen McCollough,zoneCover,83,78
Jaylen McCollough,Jaylen McCollough,catching,0,5
Jaylen McCollough,Jaylen McCollough,routeRun,0,5
Levi Drake Rodriguez,Levi Drake Rodriguez,rating,66,69
Levi Drake Rodriguez,Levi Drake Rodriguez,speed,82,77
Levi Drake Rodriguez,Levi Drake Rodriguez,power,93,88
Levi Drake Rodriguez,Levi Drake Rodriguez,agility,76,71
Levi Drake Rodriguez,Levi Drake Rodriguez,burst,74,69
Levi Drake Rodriguez,Levi Drake Rodriguez,intelligence,76,71
Levi Drake Rodriguez,Levi Drake Rodriguez,tackle,75,80
Levi Drake Rodriguez,Levi Drake Rodriguez,manCover,0,5
Levi Drake Rodriguez,Levi Drake Rodriguez,zoneCover,0,5
Levi Drake Rodriguez,Levi Drake Rodriguez,catching,0,5
Levi Drake Rodriguez,Levi Drake Rodriguez,routeRun,0,5
Erick All,Erick All Jr,speed,80,85
Erick All,Erick All Jr,agility,81,83
Erick All,Erick All Jr,burst,95,90
Erick All,Erick All Jr,intelligence,66,61
Erick All,Erick All Jr,tackle,0,5
Erick All,Erick All Jr,manCover,0,5
Erick All,Erick All Jr,zoneCover,0,5
Erick All,Erick All Jr,catching,78,80
Erick All,Erick All Jr,routeRun,78,73
Sione Vaki,Sione Vaki,rating,71,68
Sione Vaki,Sione Vaki,speed,84,89
Sione Vaki,Sione Vaki,power,76,74
Sione Vaki,Sione Vaki,agility,91,86
Sione Vaki,Sione Vaki,burst,83,88
Sione Vaki,Sione Vaki,intelligence,77,72
Sione Vaki,Sione Vaki,tackle,0,5
Sione Vaki,Sione Vaki,manCover,0,5
Sione Vaki,Sione Vaki,zoneCover,0,5
Sione Vaki,Sione Vaki,catching,90,85
Sione Vaki,Sione Vaki,routeRun,76,71
Ke'Shawn Williams,Ke'Shawn Williams,rating,63,66
Ke'Shawn Williams,Ke'Shawn Williams,speed,82,87
Ke'Shawn Williams,Ke'Shawn Williams,power,74,69
Ke'Shawn Williams,Ke'Shawn Williams,agility,74,79
Ke'Shawn Williams,Ke'Shawn Williams,burst,70,75
Ke'Shawn Williams,Ke'Shawn Williams,intelligence,72,67
Ke'Shawn Williams,Ke'Shawn Williams,tackle,0,5
Ke'Shawn Williams,Ke'Shawn Williams,manCover,0,5
Ke'Shawn Williams,Ke'Shawn Williams,zoneCover,0,5
Ke'Shawn Williams,Ke'Shawn Williams,catching,75,80
Ke'Shawn Williams,Ke'Shawn Williams,routeRun,87,82
Javontae Jean-Baptiste,Javontae Jean-Baptiste,rating,63,66
Javontae Jean-Baptiste,Javontae Jean-Baptiste,speed,77,82
Javontae Jean-Baptiste,Javontae Jean-Baptiste,power,71,76
Javontae Jean-Baptiste,Javontae Jean-Baptiste,agility,73,68
Javontae Jean-Baptiste,Javontae Jean-Baptiste,burst,75,80
Javontae Jean-Baptiste,Javontae Jean-Baptiste,tackle,79,75
Javontae Jean-Baptiste,Javontae Jean-Baptiste,manCover,0,5
Javontae Jean-Baptiste,Javontae Jean-Baptiste,zoneCover,0,5
Javontae Jean-Baptiste,Javontae Jean-Baptiste,catching,0,5
Javontae Jean-Baptiste,Javontae Jean-Baptiste,routeRun,0,5
Charlie Woerner,Charlie Woerner,speed,72,77
Charlie Woerner,Charlie Woerner,power,80,77
Charlie Woerner,Charlie Woerner,agility,83,78
Charlie Woerner,Charlie Woerner,burst,84,82
Charlie Woerner,Charlie Woerner,intelligence,67,72
Charlie Woerner,Charlie Woerner,tackle,0,5
Charlie Woerner,Charlie Woerner,manCover,0,5
Charlie Woerner,Charlie Woerner,zoneCover,0,5
Charlie Woerner,Charlie Woerner,catching,79,74
Charlie Woerner,Charlie Woerner,routeRun,67,62
Sam Howell,Sam Howell,speed,85,82
Sam Howell,Sam Howell,power,78,73
Sam Howell,Sam Howell,burst,69,74
Sam Howell,Sam Howell,intelligence,80,75
Sam Howell,Sam Howell,tackle,0,5
Sam Howell,Sam Howell,manCover,0,5
Sam Howell,Sam Howell,zoneCover,0,5
Sam Howell,Sam Howell,catching,0,5
Sam Howell,Sam Howell,routeRun,0,5
Dylan Cook,Dylan Cook,rating,68,65
Dylan Cook,Dylan Cook,speed,77,72
Dylan Cook,Dylan Cook,power,85,80
Dylan Cook,Dylan Cook,agility,66,61
Dylan Cook,Dylan Cook,burst,71,66
Dylan Cook,Dylan Cook,intelligence,73,68
Dylan Cook,Dylan Cook,tackle,0,5
Dylan Cook,Dylan Cook,manCover,0,5
Dylan Cook,Dylan Cook,zoneCover,0,5
Dylan Cook,Dylan Cook,catching,0,5
Dylan Cook,Dylan Cook,routeRun,0,5
Corey Levin,Corey Levin,rating,67,64
Corey Levin,Corey Levin,speed,80,75
Corey Levin,Corey Levin,power,71,76
Corey Levin,Corey Levin,agility,73,68
Corey Levin,Corey Levin,burst,76,71
Corey Levin,Corey Levin,intelligence,83,78
Corey Levin,Corey Levin,tackle,0,5
Corey Levin,Corey Levin,manCover,0,5
Corey Levin,Corey Levin,zoneCover,0,5
Corey Levin,Corey Levin,catching,0,5
Corey Levin,Corey Levin,routeRun,0,5
Kyle Hinton,Kyle Hinton,rating,60,63
Kyle Hinton,Kyle Hinton,speed,70,74
Kyle Hinton,Kyle Hinton,power,75,80
Kyle Hinton,Kyle Hinton,agility,68,63
Kyle Hinton,Kyle Hinton,intelligence,66,63
Kyle Hinton,Kyle Hinton,tackle,0,5
Kyle Hinton,Kyle Hinton,manCover,0,5
Kyle Hinton,Kyle Hinton,zoneCover,0,5
Kyle Hinton,Kyle Hinton,catching,0,5
Kyle Hinton,Kyle Hinton,routeRun,0,5
Luke Tenuta,Luke Tenuta,rating,65,62
Luke Tenuta,Luke Tenuta,speed,70,65
Luke Tenuta,Luke Tenuta,power,88,83
Luke Tenuta,Luke Tenuta,agility,73,68
Luke Tenuta,Luke Tenuta,burst,91,86
Luke Tenuta,Luke Tenuta,intelligence,78,73
Luke Tenuta,Luke Tenuta,tackle,0,5
Luke Tenuta,Luke Tenuta,manCover,0,5
Luke Tenuta,Luke Tenuta,zoneCover,0,5
Luke Tenuta,Luke Tenuta,catching,0,5
Luke Tenuta,Luke Tenuta,routeRun,0,5
Michael Jurgens,Michael Jurgens,rating,65,62
Michael Jurgens,Michael Jurgens,speed,79,74
Michael Jurgens,Michael Jurgens,power,86,81
Michael Jurgens,Michael Jurgens,agility,90,85
Michael Jurgens,Michael Jurgens,burst,81,76
Michael Jurgens,Michael Jurgens,intelligence,85,80
Michael Jurgens,Michael Jurgens,tackle,0,5
Michael Jurgens,Michael Jurgens,manCover,0,5
Michael Jurgens,Michael Jurgens,zoneCover,0,5
Michael Jurgens,Michael Jurgens,catching,0,5
Michael Jurgens,Michael Jurgens,routeRun,0,5
Brett Toth,Brett Toth,rating,65,62
Brett Toth,Brett Toth,speed,85,80
Brett Toth,Brett Toth,power,73,78
Brett Toth,Brett Toth,agility,84,79
Brett Toth,Brett Toth,burst,82,77
Brett Toth,Brett Toth,intelligence,91,86
Brett Toth,Brett Toth,tackle,0,5
Brett Toth,Brett Toth,manCover,0,5
Brett Toth,Brett Toth,zoneCover,0,5
Brett Toth,Brett Toth,catching,0,5
Brett Toth,Brett Toth,routeRun,0,5
Benjamin Chukwuma,Benjamin Chukwuma,rating,63,60
Benjamin Chukwuma,Benjamin Chukwuma,speed,80,75
Benjamin Chukwuma,Benjamin Chukwuma,power,62,67
Benjamin Chukwuma,Benjamin Chukwuma,agility,75,70
Benjamin Chukwuma,Benjamin Chukwuma,burst,83,78
Benjamin Chukwuma,Benjamin Chukwuma,intelligence,89,84
Benjamin Chukwuma,Benjamin Chukwuma,tackle,0,5
Benjamin Chukwuma,Benjamin Chukwuma,manCover,0,5
Benjamin Chukwuma,Benjamin Chukwuma,zoneCover,0,5
Benjamin Chukwuma,Benjamin Chukwuma,catching,0,5
Benjamin Chukwuma,Benjamin Chukwuma,routeRun,0,5
Josh Allen,Josh Allen,rating,95,99
Josh Allen,Josh Allen,speed,86,87
Josh Allen,Josh Allen,power,98,93
Josh Allen,Josh Allen,agility,85,84
Josh Allen,Josh Allen,burst,82,87
Josh Allen,Josh Allen,intelligence,88,93
Josh Allen,Josh Allen,tackle,0,5
Josh Allen,Josh Allen,manCover,0,5
Josh Allen,Josh Allen,zoneCover,0,5
Josh Allen,Josh Allen,catching,0,5
Josh Allen,Josh Allen,routeRun,0,5
Micah Parsons,Micah Parsons,rating,94,98
Micah Parsons,Micah Parsons,speed,99,94
Micah Parsons,Micah Parsons,power,85,90
Micah Parsons,Micah Parsons,agility,94,89
Micah Parsons,Micah Parsons,burst,99,94
Micah Parsons,Micah Parsons,intelligence,93,98
Micah Parsons,Micah Parsons,tackle,86,89
Micah Parsons,Micah Parsons,manCover,0,5
Micah Parsons,Micah Parsons,zoneCover,0,5
Micah Parsons,Micah Parsons,catching,0,5
Micah Parsons,Micah Parsons,routeRun,0,5
Fred Warner,Fred Warner,rating,94,98
Fred Warner,Fred Warner,speed,93,88
Fred Warner,Fred Warner,power,86,81
Fred Warner,Fred Warner,agility,91,86
Fred Warner,Fred Warner,burst,95,91
Fred Warner,Fred Warner,intelligence,82,87
Fred Warner,Fred Warner,tackle,93,94
Fred Warner,Fred Warner,manCover,97,92
Fred Warner,Fred Warner,zoneCover,97,92
Fred Warner,Fred Warner,catching,0,5
Fred Warner,Fred Warner,routeRun,0,5
Lane Johnson,Lane Johnson,rating,93,97
Lane Johnson,Lane Johnson,speed,77,76
Lane Johnson,Lane Johnson,power,98,93
Lane Johnson,Lane Johnson,agility,86,81
Lane Johnson,Lane Johnson,burst,78,77
Lane Johnson,Lane Johnson,intelligence,85,90
Lane Johnson,Lane Johnson,tackle,0,5
Lane Johnson,Lane Johnson,manCover,0,5
Lane Johnson,Lane Johnson,zoneCover,0,5
Lane Johnson,Lane Johnson,catching,0,5
Lane Johnson,Lane Johnson,routeRun,0,5
Christian McCaffrey,Christian McCaffrey,rating,93,97
Christian McCaffrey,Christian McCaffrey,power,86,81
Christian McCaffrey,Christian McCaffrey,agility,98,93
Christian McCaffrey,Christian McCaffrey,intelligence,96,99
Christian McCaffrey,Christian McCaffrey,tackle,0,5
Christian McCaffrey,Christian McCaffrey,manCover,0,5
Christian McCaffrey,Christian McCaffrey,zoneCover,0,5
Christian McCaffrey,Christian McCaffrey,catching,95,90
Christian McCaffrey,Christian McCaffrey,routeRun,95,90
Derrick Henry,Derrick Henry,rating,90,94
Derrick Henry,Derrick Henry,speed,96,93
Derrick Henry,Derrick Henry,power,99,94
Derrick Henry,Derrick Henry,tackle,0,5
Derrick Henry,Derrick Henry,manCover,0,5
Derrick Henry,Derrick Henry,zoneCover,0,5
Derrick Henry,Derrick Henry,catching,83,78
Derrick Henry,Derrick Henry,routeRun,80,75
Patrick Mahomes,Patrick Mahomes,rating,95,94
Patrick Mahomes,Patrick Mahomes,speed,80,85
Patrick Mahomes,Patrick Mahomes,power,88,83
Patrick Mahomes,Patrick Mahomes,agility,82,85
Patrick Mahomes,Patrick Mahomes,burst,85,86
Patrick Mahomes,Patrick Mahomes,intelligence,94,98
Patrick Mahomes,Patrick Mahomes,tackle,0,5
Patrick Mahomes,Patrick Mahomes,manCover,0,5
Patrick Mahomes,Patrick Mahomes,zoneCover,0,5
Patrick Mahomes,Patrick Mahomes,catching,0,5
Patrick Mahomes,Patrick Mahomes,routeRun,0,5
Roquan Smith,Roquan Smith,rating,89,93
Roquan Smith,Roquan Smith,speed,85,86
Roquan Smith,Roquan Smith,power,97,92
Roquan Smith,Roquan Smith,agility,77,82
Roquan Smith,Roquan Smith,burst,86,88
Roquan Smith,Roquan Smith,intelligence,88,91
Roquan Smith,Roquan Smith,tackle,95,96
Roquan Smith,Roquan Smith,manCover,72,71
Roquan Smith,Roquan Smith,zoneCover,86,81
Roquan Smith,Roquan Smith,catching,0,5
Roquan Smith,Roquan Smith,routeRun,0,5
Danielle Hunter,Danielle Hunter,rating,93,92
Danielle Hunter,Danielle Hunter,speed,84,87
Danielle Hunter,Danielle Hunter,power,93,88
Danielle Hunter,Danielle Hunter,agility,80,82
Danielle Hunter,Danielle Hunter,burst,92,87
Danielle Hunter,Danielle Hunter,intelligence,93,97
Danielle Hunter,Danielle Hunter,tackle,88,87
Danielle Hunter,Danielle Hunter,manCover,0,5
Danielle Hunter,Danielle Hunter,zoneCover,0,5
Danielle Hunter,Danielle Hunter,catching,0,5
Danielle Hunter,Danielle Hunter,routeRun,0,5
Caleb Williams,Caleb Williams,rating,87,91
Caleb Williams,Caleb Williams,speed,79,84
Caleb Williams,Caleb Williams,power,90,85
Caleb Williams,Caleb Williams,agility,92,90
Caleb Williams,Caleb Williams,burst,83,88
Caleb Williams,Caleb Williams,intelligence,83,87
Caleb Williams,Caleb Williams,tackle,0,5
Caleb Williams,Caleb Williams,manCover,0,5
Caleb Williams,Caleb Williams,zoneCover,0,5
Caleb Williams,Caleb Williams,catching,0,5
Caleb Williams,Caleb Williams,routeRun,0,5
Saquon Barkley,Saquon Barkley,rating,95,91
Saquon Barkley,Saquon Barkley,speed,97,95
Saquon Barkley,Saquon Barkley,power,93,88
Saquon Barkley,Saquon Barkley,agility,98,93
Saquon Barkley,Saquon Barkley,burst,98,94
Saquon Barkley,Saquon Barkley,tackle,0,5
Saquon Barkley,Saquon Barkley,manCover,0,5
Saquon Barkley,Saquon Barkley,zoneCover,0,5
Saquon Barkley,Saquon Barkley,catching,97,92
Saquon Barkley,Saquon Barkley,routeRun,95,90
Quinnen Williams,Quinnen Williams,rating,94,90
Quinnen Williams,Quinnen Williams,speed,81,83
Quinnen Williams,Quinnen Williams,power,98,94
Quinnen Williams,Quinnen Williams,agility,94,89
Quinnen Williams,Quinnen Williams,burst,84,82
Quinnen Williams,Quinnen Williams,intelligence,80,85
Quinnen Williams,Quinnen Williams,tackle,91,86
Quinnen Williams,Quinnen Williams,manCover,0,5
Quinnen Williams,Quinnen Williams,zoneCover,0,5
Quinnen Williams,Quinnen Williams,catching,0,5
Quinnen Williams,Quinnen Williams,routeRun,0,5
Kyren Williams,Kyren Williams,rating,85,89
Kyren Williams,Kyren Williams,speed,85,88
Kyren Williams,Kyren Williams,power,90,85
Kyren Williams,Kyren Williams,agility,96,91
Kyren Williams,Kyren Williams,burst,80,85
Kyren Williams,Kyren Williams,intelligence,91,96
Kyren Williams,Kyren Williams,tackle,0,5
Kyren Williams,Kyren Williams,manCover,0,5
Kyren Williams,Kyren Williams,zoneCover,0,5
Kyren Williams,Kyren Williams,catching,88,83
Kyren Williams,Kyren Williams,routeRun,89,84
Sam LaPorta,Sam LaPorta,rating,84,88
Sam LaPorta,Sam LaPorta,speed,91,86
Sam LaPorta,Sam LaPorta,power,88,83
Sam LaPorta,Sam LaPorta,agility,80,85
Sam LaPorta,Sam LaPorta,burst,83,88
Sam LaPorta,Sam LaPorta,tackle,0,5
Sam LaPorta,Sam LaPorta,manCover,0,5
Sam LaPorta,Sam LaPorta,zoneCover,0,5
Sam LaPorta,Sam LaPorta,catching,89,94
Sam LaPorta,Sam LaPorta,routeRun,88,83
Kyle Juszczyk,Kyle Juszczyk,rating,84,88
Kyle Juszczyk,Kyle Juszczyk,speed,76,81
Kyle Juszczyk,Kyle Juszczyk,power,88,83
Kyle Juszczyk,Kyle Juszczyk,agility,69,74
Kyle Juszczyk,Kyle Juszczyk,burst,80,84
Kyle Juszczyk,Kyle Juszczyk,intelligence,72,77
Kyle Juszczyk,Kyle Juszczyk,tackle,0,5
Kyle Juszczyk,Kyle Juszczyk,manCover,0,5
Kyle Juszczyk,Kyle Juszczyk,zoneCover,0,5
Kyle Juszczyk,Kyle Juszczyk,catching,88,83
Kyle Juszczyk,Kyle Juszczyk,routeRun,82,77
D'Andre Swift,D'Andre Swift,rating,83,87
D'Andre Swift,D'Andre Swift,speed,88,90
D'Andre Swift,D'Andre Swift,power,88,83
D'Andre Swift,D'Andre Swift,agility,83,88
D'Andre Swift,D'Andre Swift,burst,95,90
D'Andre Swift,D'Andre Swift,intelligence,83,88
D'Andre Swift,D'Andre Swift,tackle,0,5
D'Andre Swift,D'Andre Swift,manCover,0,5
D'Andre Swift,D'Andre Swift,zoneCover,0,5
D'Andre Swift,D'Andre Swift,catching,89,84
D'Andre Swift,D'Andre Swift,routeRun,81,76
Jack Campbell,Jack Campbell,rating,91,87
Jack Campbell,Jack Campbell,speed,92,87
Jack Campbell,Jack Campbell,power,93,88
Jack Campbell,Jack Campbell,agility,81,86
Jack Campbell,Jack Campbell,tackle,93,91
Jack Campbell,Jack Campbell,manCover,90,85
Jack Campbell,Jack Campbell,zoneCover,95,90
Jack Campbell,Jack Campbell,catching,0,5
Jack Campbell,Jack Campbell,routeRun,0,5
Nick Emmanwori,Nick Emmanwori,rating,82,86
Nick Emmanwori,Nick Emmanwori,speed,95,93
Nick Emmanwori,Nick Emmanwori,power,89,84
Nick Emmanwori,Nick Emmanwori,agility,82,83
Nick Emmanwori,Nick Emmanwori,burst,96,93
Nick Emmanwori,Nick Emmanwori,intelligence,83,88
Nick Emmanwori,Nick Emmanwori,tackle,87,82
Nick Emmanwori,Nick Emmanwori,manCover,86,81
Nick Emmanwori,Nick Emmanwori,zoneCover,84,79
Nick Emmanwori,Nick Emmanwori,catching,0,5
Nick Emmanwori,Nick Emmanwori,routeRun,0,5
Jalen Thompson,Jalen Thompson,rating,81,85
Jalen Thompson,Jalen Thompson,speed,77,82
Jalen Thompson,Jalen Thompson,power,84,79
Jalen Thompson,Jalen Thompson,agility,91,86
Jalen Thompson,Jalen Thompson,burst,90,92
Jalen Thompson,Jalen Thompson,tackle,93,88
Jalen Thompson,Jalen Thompson,manCover,72,73
Jalen Thompson,Jalen Thompson,zoneCover,86,82
Jalen Thompson,Jalen Thompson,catching,0,5
Jalen Thompson,Jalen Thompson,routeRun,0,5
Tucker Kraft,Tucker Kraft,rating,86,85
Tucker Kraft,Tucker Kraft,speed,94,89
Tucker Kraft,Tucker Kraft,power,90,85
Tucker Kraft,Tucker Kraft,agility,95,90
Tucker Kraft,Tucker Kraft,burst,92,89
Tucker Kraft,Tucker Kraft,tackle,0,5
Tucker Kraft,Tucker Kraft,manCover,0,5
Tucker Kraft,Tucker Kraft,zoneCover,0,5
Tucker Kraft,Tucker Kraft,catching,84,89
Tucker Kraft,Tucker Kraft,routeRun,91,86
Michael Dickson,Michael Dickson,rating,89,85
Michael Dickson,Michael Dickson,speed,86,81
Michael Dickson,Michael Dickson,power,89,84
Michael Dickson,Michael Dickson,agility,85,80
Michael Dickson,Michael Dickson,burst,91,86
Michael Dickson,Michael Dickson,intelligence,93,88
Michael Dickson,Michael Dickson,tackle,0,5
Michael Dickson,Michael Dickson,manCover,0,5
Michael Dickson,Michael Dickson,zoneCover,0,5
Michael Dickson,Michael Dickson,catching,0,5
Michael Dickson,Michael Dickson,routeRun,0,5
Chidobe Awuzie,Chidobe Awuzie,rating,79,83
Chidobe Awuzie,Chidobe Awuzie,speed,83,88
Chidobe Awuzie,Chidobe Awuzie,power,80,75
Chidobe Awuzie,Chidobe Awuzie,agility,79,84
Chidobe Awuzie,Chidobe Awuzie,burst,91,92
Chidobe Awuzie,Chidobe Awuzie,intelligence,84,86
Chidobe Awuzie,Chidobe Awuzie,tackle,88,83
Chidobe Awuzie,Chidobe Awuzie,manCover,80,83
Chidobe Awuzie,Chidobe Awuzie,zoneCover,80,85
Chidobe Awuzie,Chidobe Awuzie,catching,0,5
Chidobe Awuzie,Chidobe Awuzie,routeRun,0,5
Carson Schwesinger,Carson Schwesinger,rating,87,83
Carson Schwesinger,Carson Schwesinger,speed,86,87
Carson Schwesinger,Carson Schwesinger,power,78,75
Carson Schwesinger,Carson Schwesinger,burst,86,90
Carson Schwesinger,Carson Schwesinger,intelligence,99,94
Carson Schwesinger,Carson Schwesinger,tackle,89,87
Carson Schwesinger,Carson Schwesinger,manCover,76,71
Carson Schwesinger,Carson Schwesinger,zoneCover,76,73
Carson Schwesinger,Carson Schwesinger,catching,0,5
Carson Schwesinger,Carson Schwesinger,routeRun,0,5
Jourdan Lewis,Jourdan Lewis,rating,79,83
Jourdan Lewis,Jourdan Lewis,speed,97,92
Jourdan Lewis,Jourdan Lewis,power,92,87
Jourdan Lewis,Jourdan Lewis,agility,71,76
Jourdan Lewis,Jourdan Lewis,burst,91,87
Jourdan Lewis,Jourdan Lewis,intelligence,82,87
Jourdan Lewis,Jourdan Lewis,tackle,77,72
Jourdan Lewis,Jourdan Lewis,manCover,72,77
Jourdan Lewis,Jourdan Lewis,zoneCover,87,82
Jourdan Lewis,Jourdan Lewis,catching,0,5
Jourdan Lewis,Jourdan Lewis,routeRun,0,5
Cooper Kupp,Cooper Kupp,rating,79,83
Cooper Kupp,Cooper Kupp,speed,79,84
Cooper Kupp,Cooper Kupp,power,75,70
Cooper Kupp,Cooper Kupp,agility,89,90
Cooper Kupp,Cooper Kupp,burst,73,78
Cooper Kupp,Cooper Kupp,intelligence,98,93
Cooper Kupp,Cooper Kupp,tackle,0,5
Cooper Kupp,Cooper Kupp,manCover,0,5
Cooper Kupp,Cooper Kupp,zoneCover,0,5
Cooper Kupp,Cooper Kupp,catching,91,92
Cooper Kupp,Cooper Kupp,routeRun,88,83
Jake Ferguson,Jake Ferguson,rating,78,82
Jake Ferguson,Jake Ferguson,speed,78,81
Jake Ferguson,Jake Ferguson,power,91,86
Jake Ferguson,Jake Ferguson,agility,83,81
Jake Ferguson,Jake Ferguson,intelligence,79,81
Jake Ferguson,Jake Ferguson,tackle,0,5
Jake Ferguson,Jake Ferguson,manCover,0,5
Jake Ferguson,Jake Ferguson,zoneCover,0,5
Jake Ferguson,Jake Ferguson,catching,85,89
Jake Ferguson,Jake Ferguson,routeRun,84,79
T.J. Hockenson,T.J. Hockenson,rating,86,82
T.J. Hockenson,T.J. Hockenson,speed,86,83
T.J. Hockenson,T.J. Hockenson,agility,87,82
T.J. Hockenson,T.J. Hockenson,burst,87,85
T.J. Hockenson,T.J. Hockenson,intelligence,78,83
T.J. Hockenson,T.J. Hockenson,tackle,0,5
T.J. Hockenson,T.J. Hockenson,manCover,0,5
T.J. Hockenson,T.J. Hockenson,zoneCover,0,5
T.J. Hockenson,T.J. Hockenson,catching,97,92
T.J. Hockenson,T.J. Hockenson,routeRun,84,79
Will Reichard,Will Reichard,rating,86,82
Will Reichard,Will Reichard,speed,89,84
Will Reichard,Will Reichard,power,87,82
Will Reichard,Will Reichard,agility,95,90
Will Reichard,Will Reichard,burst,97,92
Will Reichard,Will Reichard,intelligence,91,86
Will Reichard,Will Reichard,tackle,0,5
Will Reichard,Will Reichard,manCover,0,5
Will Reichard,Will Reichard,zoneCover,0,5
Will Reichard,Will Reichard,catching,0,5
Will Reichard,Will Reichard,routeRun,0,5
Kyle Pitts,Kyle Pitts Sr,rating,80,81
Kyle Pitts,Kyle Pitts Sr,speed,91,90
Kyle Pitts,Kyle Pitts Sr,power,85,80
Kyle Pitts,Kyle Pitts Sr,agility,86,81
Kyle Pitts,Kyle Pitts Sr,burst,86,91
Kyle Pitts,Kyle Pitts Sr,intelligence,89,84
Kyle Pitts,Kyle Pitts Sr,tackle,0,5
Kyle Pitts,Kyle Pitts Sr,manCover,0,5
Kyle Pitts,Kyle Pitts Sr,zoneCover,0,5
Kyle Pitts,Kyle Pitts Sr,catching,79,84
Kyle Pitts,Kyle Pitts Sr,routeRun,99,94
Patrick Paul,Patrick Paul,rating,80,81
Patrick Paul,Patrick Paul,speed,72,68
Patrick Paul,Patrick Paul,power,85,90
Patrick Paul,Patrick Paul,agility,74,69
Patrick Paul,Patrick Paul,burst,78,73
Patrick Paul,Patrick Paul,intelligence,76,81
Patrick Paul,Patrick Paul,tackle,0,5
Patrick Paul,Patrick Paul,manCover,0,5
Patrick Paul,Patrick Paul,zoneCover,0,5
Patrick Paul,Patrick Paul,catching,0,5
Patrick Paul,Patrick Paul,routeRun,0,5
Ikem Ekwonu,Ikem Ekwonu,rating,81,80
Ikem Ekwonu,Ikem Ekwonu,speed,80,75
Ikem Ekwonu,Ikem Ekwonu,power,86,91
Ikem Ekwonu,Ikem Ekwonu,agility,80,75
Ikem Ekwonu,Ikem Ekwonu,burst,92,87
Ikem Ekwonu,Ikem Ekwonu,intelligence,84,81
Ikem Ekwonu,Ikem Ekwonu,tackle,0,5
Ikem Ekwonu,Ikem Ekwonu,manCover,0,5
Ikem Ekwonu,Ikem Ekwonu,zoneCover,0,5
Ikem Ekwonu,Ikem Ekwonu,catching,0,5
Ikem Ekwonu,Ikem Ekwonu,routeRun,0,5
Mason Graham,Mason Graham,rating,81,80
Mason Graham,Mason Graham,speed,85,80
Mason Graham,Mason Graham,power,95,90
Mason Graham,Mason Graham,agility,84,79
Mason Graham,Mason Graham,burst,95,90
Mason Graham,Mason Graham,intelligence,86,81
Mason Graham,Mason Graham,manCover,0,5
Mason Graham,Mason Graham,zoneCover,0,5
Mason Graham,Mason Graham,catching,0,5
Mason Graham,Mason Graham,routeRun,0,5
Quentin Johnston,Quentin Johnston,rating,79,80
Quentin Johnston,Quentin Johnston,speed,97,93
Quentin Johnston,Quentin Johnston,power,85,80
Quentin Johnston,Quentin Johnston,agility,94,89
Quentin Johnston,Quentin Johnston,burst,98,93
Quentin Johnston,Quentin Johnston,intelligence,74,79
Quentin Johnston,Quentin Johnston,tackle,0,5
Quentin Johnston,Quentin Johnston,manCover,0,5
Quentin Johnston,Quentin Johnston,zoneCover,0,5
Quentin Johnston,Quentin Johnston,catching,65,70
Quentin Johnston,Quentin Johnston,routeRun,89,84
Tony Jefferson,Tony Jefferson,rating,76,80
Tony Jefferson,Tony Jefferson,speed,74,79
Tony Jefferson,Tony Jefferson,power,93,88
Tony Jefferson,Tony Jefferson,agility,69,74
Tony Jefferson,Tony Jefferson,burst,76,81
Tony Jefferson,Tony Jefferson,intelligence,87,85
Tony Jefferson,Tony Jefferson,tackle,85,80
Tony Jefferson,Tony Jefferson,manCover,94,89
Tony Jefferson,Tony Jefferson,zoneCover,88,83
Tony Jefferson,Tony Jefferson,catching,0,5
Tony Jefferson,Tony Jefferson,routeRun,0,5
Jaylen Watson,Jaylen Watson,rating,79,80
Jaylen Watson,Jaylen Watson,speed,78,83
Jaylen Watson,Jaylen Watson,power,84,79
Jaylen Watson,Jaylen Watson,agility,82,81
Jaylen Watson,Jaylen Watson,intelligence,79,81
Jaylen Watson,Jaylen Watson,tackle,90,85
Jaylen Watson,Jaylen Watson,manCover,76,79
Jaylen Watson,Jaylen Watson,zoneCover,78,82
Jaylen Watson,Jaylen Watson,catching,0,5
Jaylen Watson,Jaylen Watson,routeRun,0,5
Ricky Pearsall,Ricky Pearsall,rating,79,80
Ricky Pearsall,Ricky Pearsall,speed,85,90
Ricky Pearsall,Ricky Pearsall,power,84,79
Ricky Pearsall,Ricky Pearsall,agility,81,86
Ricky Pearsall,Ricky Pearsall,burst,88,91
Ricky Pearsall,Ricky Pearsall,intelligence,90,85
Ricky Pearsall,Ricky Pearsall,tackle,0,5
Ricky Pearsall,Ricky Pearsall,manCover,0,5
Ricky Pearsall,Ricky Pearsall,zoneCover,0,5
Ricky Pearsall,Ricky Pearsall,catching,88,90
Alex Anzalone,Alex Anzalone,rating,79,80
Alex Anzalone,Alex Anzalone,speed,77,82
Alex Anzalone,Alex Anzalone,power,90,85
Alex Anzalone,Alex Anzalone,agility,79,81
Alex Anzalone,Alex Anzalone,burst,78,83
Alex Anzalone,Alex Anzalone,intelligence,88,83
Alex Anzalone,Alex Anzalone,tackle,76,81
Alex Anzalone,Alex Anzalone,manCover,0,5
Alex Anzalone,Alex Anzalone,zoneCover,0,5
Alex Anzalone,Alex Anzalone,catching,0,5
Alex Anzalone,Alex Anzalone,routeRun,0,5
Luther Burden III,Luther Burden III,rating,83,79
Luther Burden III,Luther Burden III,speed,90,92
Luther Burden III,Luther Burden III,power,74,69
Luther Burden III,Luther Burden III,agility,91,93
Luther Burden III,Luther Burden III,burst,81,86
Luther Burden III,Luther Burden III,intelligence,91,86
Luther Burden III,Luther Burden III,tackle,0,5
Luther Burden III,Luther Burden III,manCover,0,5
Luther Burden III,Luther Burden III,zoneCover,0,5
Luther Burden III,Luther Burden III,catching,88,84
Luther Burden III,Luther Burden III,routeRun,88,83
Tyson Campbell,Tyson Campbell,rating,83,79
Tyson Campbell,Tyson Campbell,speed,94,92
Tyson Campbell,Tyson Campbell,power,77,72
Tyson Campbell,Tyson Campbell,agility,86,85
Tyson Campbell,Tyson Campbell,burst,88,92
Tyson Campbell,Tyson Campbell,intelligence,85,80
Tyson Campbell,Tyson Campbell,tackle,86,81
Tyson Campbell,Tyson Campbell,manCover,96,91
Tyson Campbell,Tyson Campbell,zoneCover,88,83
Tyson Campbell,Tyson Campbell,catching,0,5
Tyson Campbell,Tyson Campbell,routeRun,0,5
Kenny Clark,Kenny Clark,rating,78,79
Kenny Clark,Kenny Clark,speed,76,74
Kenny Clark,Kenny Clark,power,90,91
Kenny Clark,Kenny Clark,agility,80,75
Kenny Clark,Kenny Clark,intelligence,92,87
Kenny Clark,Kenny Clark,tackle,85,84
Kenny Clark,Kenny Clark,manCover,0,5
Kenny Clark,Kenny Clark,zoneCover,0,5
Kenny Clark,Kenny Clark,catching,0,5
Kenny Clark,Kenny Clark,routeRun,0,5
Jeremy Crawshaw,Jeremy Crawshaw,rating,75,79
Jeremy Crawshaw,Jeremy Crawshaw,speed,88,83
Jeremy Crawshaw,Jeremy Crawshaw,power,84,79
Jeremy Crawshaw,Jeremy Crawshaw,agility,83,78
Jeremy Crawshaw,Jeremy Crawshaw,intelligence,77,72
Jeremy Crawshaw,Jeremy Crawshaw,tackle,0,5
Jeremy Crawshaw,Jeremy Crawshaw,manCover,0,5
Jeremy Crawshaw,Jeremy Crawshaw,zoneCover,0,5
Jeremy Crawshaw,Jeremy Crawshaw,catching,0,5
Jeremy Crawshaw,Jeremy Crawshaw,routeRun,0,5
Tank Dell,Tank Dell,rating,78,79
Tank Dell,Tank Dell,speed,78,83
Tank Dell,Tank Dell,power,76,71
Tank Dell,Tank Dell,agility,92,90
Tank Dell,Tank Dell,burst,91,94
Tank Dell,Tank Dell,intelligence,78,74
Tank Dell,Tank Dell,tackle,0,5
Tank Dell,Tank Dell,manCover,0,5
Tank Dell,Tank Dell,zoneCover,0,5
Tank Dell,Tank Dell,catching,85,86
Tank Dell,Tank Dell,routeRun,81,80
AJ Cole,A.J. Cole,rating,83,79
AJ Cole,A.J. Cole,speed,85,80
AJ Cole,A.J. Cole,power,83,78
AJ Cole,A.J. Cole,agility,80,75
AJ Cole,A.J. Cole,burst,87,82
AJ Cole,A.J. Cole,intelligence,82,77
AJ Cole,A.J. Cole,tackle,0,5
AJ Cole,A.J. Cole,manCover,0,5
AJ Cole,A.J. Cole,zoneCover,0,5
AJ Cole,A.J. Cole,catching,0,5
AJ Cole,A.J. Cole,routeRun,0,5
Jacob Parrish,Jacob Parrish,rating,75,79
Jacob Parrish,Jacob Parrish,speed,85,90
Jacob Parrish,Jacob Parrish,power,87,82
Jacob Parrish,Jacob Parrish,agility,82,87
Jacob Parrish,Jacob Parrish,burst,73,78
Jacob Parrish,Jacob Parrish,intelligence,79,78
Jacob Parrish,Jacob Parrish,tackle,87,82
Jacob Parrish,Jacob Parrish,zoneCover,82,77
Jacob Parrish,Jacob Parrish,catching,0,5
Jacob Parrish,Jacob Parrish,routeRun,0,5
Tykee Smith,Tykee Smith,rating,75,79
Tykee Smith,Tykee Smith,speed,85,90
Tykee Smith,Tykee Smith,power,87,82
Tykee Smith,Tykee Smith,agility,87,83
Tykee Smith,Tykee Smith,intelligence,82,79
Tykee Smith,Tykee Smith,manCover,80,78
Tykee Smith,Tykee Smith,zoneCover,92,87
Tykee Smith,Tykee Smith,catching,0,5
Tykee Smith,Tykee Smith,routeRun,0,5
Garrett Williams,Garrett Williams,rating,82,78
Garrett Williams,Garrett Williams,speed,81,86
Garrett Williams,Garrett Williams,power,80,75
Garrett Williams,Garrett Williams,agility,83,88
Garrett Williams,Garrett Williams,burst,83,88
Garrett Williams,Garrett Williams,intelligence,74,79
Garrett Williams,Garrett Williams,tackle,95,90
Garrett Williams,Garrett Williams,manCover,94,89
Garrett Williams,Garrett Williams,zoneCover,90,85
Garrett Williams,Garrett Williams,catching,0,5
Garrett Williams,Garrett Williams,routeRun,0,5
Brian Robinson,Brian Robinson Jr,rating,74,78
Brian Robinson,Brian Robinson Jr,speed,78,83
Brian Robinson,Brian Robinson Jr,power,86,81
Brian Robinson,Brian Robinson Jr,agility,76,79
Brian Robinson,Brian Robinson Jr,burst,82,87
Brian Robinson,Brian Robinson Jr,intelligence,90,85
Brian Robinson,Brian Robinson Jr,tackle,0,5
Brian Robinson,Brian Robinson Jr,manCover,0,5
Brian Robinson,Brian Robinson Jr,zoneCover,0,5
Brian Robinson,Brian Robinson Jr,catching,88,83
Brian Robinson,Brian Robinson Jr,routeRun,72,67
Jake Bailey,Jake Bailey,rating,74,78
Jake Bailey,Jake Bailey,speed,70,75
Jake Bailey,Jake Bailey,power,90,85
Jake Bailey,Jake Bailey,agility,77,72
Jake Bailey,Jake Bailey,burst,76,81
Jake Bailey,Jake Bailey,intelligence,85,80
Jake Bailey,Jake Bailey,tackle,0,5
Jake Bailey,Jake Bailey,manCover,0,5
Jake Bailey,Jake Bailey,zoneCover,0,5
Jake Bailey,Jake Bailey,catching,0,5
Jake Bailey,Jake Bailey,routeRun,0,5
Maxwell Hairston,Maxwell Hairston,rating,74,78
Maxwell Hairston,Maxwell Hairston,speed,87,92
Maxwell Hairston,Maxwell Hairston,power,77,72
Maxwell Hairston,Maxwell Hairston,agility,80,85
Maxwell Hairston,Maxwell Hairston,burst,78,83
Maxwell Hairston,Maxwell Hairston,intelligence,85,80
Maxwell Hairston,Maxwell Hairston,tackle,89,84
Maxwell Hairston,Maxwell Hairston,manCover,81,78
Maxwell Hairston,Maxwell Hairston,zoneCover,72,77
Maxwell Hairston,Maxwell Hairston,catching,0,5
Maxwell Hairston,Maxwell Hairston,routeRun,0,5
Bhayshul Tuten,Bhayshul Tuten,rating,74,78
Bhayshul Tuten,Bhayshul Tuten,speed,85,90
Bhayshul Tuten,Bhayshul Tuten,power,80,75
Bhayshul Tuten,Bhayshul Tuten,agility,88,90
Bhayshul Tuten,Bhayshul Tuten,burst,79,84
Bhayshul Tuten,Bhayshul Tuten,intelligence,90,85
Bhayshul Tuten,Bhayshul Tuten,tackle,0,5
Bhayshul Tuten,Bhayshul Tuten,manCover,0,5
Bhayshul Tuten,Bhayshul Tuten,zoneCover,0,5
Bhayshul Tuten,Bhayshul Tuten,catching,82,77
Bhayshul Tuten,Bhayshul Tuten,routeRun,87,82
Amik Robertson,Amik Robertson,rating,74,78
Amik Robertson,Amik Robertson,speed,86,90
Amik Robertson,Amik Robertson,power,79,74
Amik Robertson,Amik Robertson,agility,79,84
Amik Robertson,Amik Robertson,burst,92,90
Amik Robertson,Amik Robertson,intelligence,86,85
Amik Robertson,Amik Robertson,tackle,84,79
Amik Robertson,Amik Robertson,manCover,82,78
Amik Robertson,Amik Robertson,zoneCover,81,83
Amik Robertson,Amik Robertson,catching,0,5
Amik Robertson,Amik Robertson,routeRun,0,5
Luke Wattenberg,Luke Wattenberg,rating,76,77
Luke Wattenberg,Luke Wattenberg,speed,73,68
Luke Wattenberg,Luke Wattenberg,power,92,87
Luke Wattenberg,Luke Wattenberg,agility,81,76
Luke Wattenberg,Luke Wattenberg,burst,84,79
Luke Wattenberg,Luke Wattenberg,intelligence,76,79
Luke Wattenberg,Luke Wattenberg,tackle,0,5
Luke Wattenberg,Luke Wattenberg,manCover,0,5
Luke Wattenberg,Luke Wattenberg,zoneCover,0,5
Luke Wattenberg,Luke Wattenberg,catching,0,5
Luke Wattenberg,Luke Wattenberg,routeRun,0,5
Jayden Higgins,Jayden Higgins,rating,81,77
Jayden Higgins,Jayden Higgins,speed,75,80
Jayden Higgins,Jayden Higgins,power,93,88
Jayden Higgins,Jayden Higgins,burst,86,91
Jayden Higgins,Jayden Higgins,intelligence,81,79
Jayden Higgins,Jayden Higgins,tackle,0,5
Jayden Higgins,Jayden Higgins,manCover,0,5
Jayden Higgins,Jayden Higgins,zoneCover,0,5
Jayden Higgins,Jayden Higgins,catching,91,90
Jayden Higgins,Jayden Higgins,routeRun,91,86
Mason McCormick,Mason McCormick,rating,81,77
Mason McCormick,Mason McCormick,speed,81,76
Mason McCormick,Mason McCormick,power,82,87
Mason McCormick,Mason McCormick,agility,85,80
Mason McCormick,Mason McCormick,intelligence,72,74
Mason McCormick,Mason McCormick,tackle,0,5
Mason McCormick,Mason McCormick,manCover,0,5
Mason McCormick,Mason McCormick,zoneCover,0,5
Mason McCormick,Mason McCormick,catching,0,5
Mason McCormick,Mason McCormick,routeRun,0,5
A'Shawn Robinson,A'Shawn Robinson,rating,81,77
A'Shawn Robinson,A'Shawn Robinson,speed,80,75
A'Shawn Robinson,A'Shawn Robinson,power,90,85
A'Shawn Robinson,A'Shawn Robinson,agility,74,69
A'Shawn Robinson,A'Shawn Robinson,burst,79,74
A'Shawn Robinson,A'Shawn Robinson,intelligence,86,84
A'Shawn Robinson,A'Shawn Robinson,manCover,0,5
A'Shawn Robinson,A'Shawn Robinson,zoneCover,0,5
A'Shawn Robinson,A'Shawn Robinson,catching,0,5
A'Shawn Robinson,A'Shawn Robinson,routeRun,0,5
Kalif Raymond,Kalif Raymond,rating,72,76
Kalif Raymond,Kalif Raymond,speed,85,90
Kalif Raymond,Kalif Raymond,power,74,69
Kalif Raymond,Kalif Raymond,agility,81,86
Kalif Raymond,Kalif Raymond,burst,86,91
Kalif Raymond,Kalif Raymond,tackle,0,5
Kalif Raymond,Kalif Raymond,manCover,0,5
Kalif Raymond,Kalif Raymond,zoneCover,0,5
Kalif Raymond,Kalif Raymond,catching,77,82
Kalif Raymond,Kalif Raymond,routeRun,82,78
Orlando Brown,Orlando Brown Jr,rating,72,76
Orlando Brown,Orlando Brown Jr,speed,79,74
Orlando Brown,Orlando Brown Jr,power,96,94
Orlando Brown,Orlando Brown Jr,agility,84,79
Orlando Brown,Orlando Brown Jr,burst,88,83
Orlando Brown,Orlando Brown Jr,intelligence,90,87
Orlando Brown,Orlando Brown Jr,tackle,0,5
Orlando Brown,Orlando Brown Jr,manCover,0,5
Orlando Brown,Orlando Brown Jr,zoneCover,0,5
Orlando Brown,Orlando Brown Jr,catching,0,5
Orlando Brown,Orlando Brown Jr,routeRun,0,5
B.J. Hill,B.J. Hill,rating,80,76
B.J. Hill,B.J. Hill,speed,75,72
B.J. Hill,B.J. Hill,power,78,83
B.J. Hill,B.J. Hill,agility,89,84
B.J. Hill,B.J. Hill,burst,85,80
B.J. Hill,B.J. Hill,intelligence,97,92
B.J. Hill,B.J. Hill,tackle,83,88
B.J. Hill,B.J. Hill,manCover,0,5
B.J. Hill,B.J. Hill,zoneCover,0,5
B.J. Hill,B.J. Hill,catching,0,5
B.J. Hill,B.J. Hill,routeRun,0,5
Mike Hughes,Mike Hughes,rating,79,75
Mike Hughes,Mike Hughes,speed,78,83
Mike Hughes,Mike Hughes,power,82,77
Mike Hughes,Mike Hughes,agility,89,90
Mike Hughes,Mike Hughes,burst,91,89
Mike Hughes,Mike Hughes,intelligence,89,84
Mike Hughes,Mike Hughes,tackle,85,80
Mike Hughes,Mike Hughes,manCover,90,85
Mike Hughes,Mike Hughes,zoneCover,89,84
Mike Hughes,Mike Hughes,catching,0,5
Mike Hughes,Mike Hughes,routeRun,0,5
Ray Davis,Ray Davis,rating,71,75
Ray Davis,Ray Davis,speed,70,75
Ray Davis,Ray Davis,power,83,78
Ray Davis,Ray Davis,agility,77,82
Ray Davis,Ray Davis,burst,73,78
Ray Davis,Ray Davis,intelligence,78,74
Ray Davis,Ray Davis,tackle,0,5
Ray Davis,Ray Davis,manCover,0,5
Ray Davis,Ray Davis,zoneCover,0,5
Ray Davis,Ray Davis,catching,88,83
Ray Davis,Ray Davis,routeRun,73,68
O'Cyrus Torrence,O'Cyrus Torrence,rating,79,75
O'Cyrus Torrence,O'Cyrus Torrence,speed,69,64
O'Cyrus Torrence,O'Cyrus Torrence,power,89,91
O'Cyrus Torrence,O'Cyrus Torrence,agility,86,81
O'Cyrus Torrence,O'Cyrus Torrence,burst,84,79
O'Cyrus Torrence,O'Cyrus Torrence,intelligence,76,75
O'Cyrus Torrence,O'Cyrus Torrence,tackle,0,5
O'Cyrus Torrence,O'Cyrus Torrence,manCover,0,5
O'Cyrus Torrence,O'Cyrus Torrence,zoneCover,0,5
O'Cyrus Torrence,O'Cyrus Torrence,catching,0,5
O'Cyrus Torrence,O'Cyrus Torrence,routeRun,0,5
Malcolm Roach,Malcolm Roach,rating,71,75
Malcolm Roach,Malcolm Roach,speed,84,79
Malcolm Roach,Malcolm Roach,power,90,93
Malcolm Roach,Malcolm Roach,agility,84,79
Malcolm Roach,Malcolm Roach,burst,81,79
Malcolm Roach,Malcolm Roach,intelligence,79,78
Malcolm Roach,Malcolm Roach,tackle,83,78
Malcolm Roach,Malcolm Roach,manCover,0,5
Malcolm Roach,Malcolm Roach,zoneCover,0,5
Malcolm Roach,Malcolm Roach,catching,0,5
Malcolm Roach,Malcolm Roach,routeRun,0,5
Henry To'oTo'o,Henry To'oTo'o,rating,71,75
Henry To'oTo'o,Henry To'oTo'o,speed,71,76
Henry To'oTo'o,Henry To'oTo'o,power,79,74
Henry To'oTo'o,Henry To'oTo'o,burst,82,87
Henry To'oTo'o,Henry To'oTo'o,intelligence,72,77
Henry To'oTo'o,Henry To'oTo'o,tackle,79,78
Henry To'oTo'o,Henry To'oTo'o,manCover,0,5
Henry To'oTo'o,Henry To'oTo'o,zoneCover,0,5
Henry To'oTo'o,Henry To'oTo'o,catching,0,5
Henry To'oTo'o,Henry To'oTo'o,routeRun,0,5
Tommy Togiai,Tommy Togiai,rating,74,75
Tommy Togiai,Tommy Togiai,speed,86,81
Tommy Togiai,Tommy Togiai,power,84,89
Tommy Togiai,Tommy Togiai,agility,83,78
Tommy Togiai,Tommy Togiai,burst,90,85
Tommy Togiai,Tommy Togiai,intelligence,80,75
Tommy Togiai,Tommy Togiai,tackle,94,89
Tommy Togiai,Tommy Togiai,manCover,0,5
Tommy Togiai,Tommy Togiai,zoneCover,0,5
Tommy Togiai,Tommy Togiai,catching,0,5
Tommy Togiai,Tommy Togiai,routeRun,0,5
Tyler Nubin,Tyler Nubin,rating,71,75
Tyler Nubin,Tyler Nubin,speed,79,84
Tyler Nubin,Tyler Nubin,power,74,69
Tyler Nubin,Tyler Nubin,agility,80,82
Tyler Nubin,Tyler Nubin,burst,77,82
Tyler Nubin,Tyler Nubin,intelligence,78,80
Tyler Nubin,Tyler Nubin,tackle,85,80
Tyler Nubin,Tyler Nubin,manCover,64,69
Tyler Nubin,Tyler Nubin,zoneCover,91,86
Tyler Nubin,Tyler Nubin,catching,0,5
Tyler Nubin,Tyler Nubin,routeRun,0,5
AJ Barner,A.J. Barner,rating,79,75
AJ Barner,A.J. Barner,speed,80,78
AJ Barner,A.J. Barner,power,87,82
AJ Barner,A.J. Barner,agility,81,83
AJ Barner,A.J. Barner,burst,78,83
AJ Barner,A.J. Barner,intelligence,83,78
AJ Barner,A.J. Barner,tackle,0,5
AJ Barner,A.J. Barner,manCover,0,5
AJ Barner,A.J. Barner,zoneCover,0,5
AJ Barner,A.J. Barner,catching,86,87
AJ Barner,A.J. Barner,routeRun,82,77
Tony Adams,Tony Adams,rating,79,75
Tony Adams,Tony Adams,speed,77,82
Tony Adams,Tony Adams,power,80,75
Tony Adams,Tony Adams,agility,87,83
Tony Adams,Tony Adams,burst,78,83
Tony Adams,Tony Adams,intelligence,84,79
Tony Adams,Tony Adams,tackle,91,86
Tony Adams,Tony Adams,manCover,84,79
Tony Adams,Tony Adams,zoneCover,86,81
Tony Adams,Tony Adams,catching,0,5
Tony Adams,Tony Adams,routeRun,0,5
Joshua Williams,Joshua Williams,rating,76,75
Joshua Williams,Joshua Williams,speed,88,92
Joshua Williams,Joshua Williams,power,70,65
Joshua Williams,Joshua Williams,agility,90,86
Joshua Williams,Joshua Williams,burst,87,92
Joshua Williams,Joshua Williams,intelligence,88,83
Joshua Williams,Joshua Williams,tackle,88,83
Joshua Williams,Joshua Williams,manCover,83,78
Joshua Williams,Joshua Williams,zoneCover,90,85
Joshua Williams,Joshua Williams,catching,0,5
Joshua Williams,Joshua Williams,routeRun,0,5
Andrew Wylie,Andrew Wylie,rating,71,75
Andrew Wylie,Andrew Wylie,speed,78,73
Andrew Wylie,Andrew Wylie,power,84,85
Andrew Wylie,Andrew Wylie,agility,69,65
Andrew Wylie,Andrew Wylie,burst,92,87
Andrew Wylie,Andrew Wylie,intelligence,83,78
Andrew Wylie,Andrew Wylie,tackle,0,5
Andrew Wylie,Andrew Wylie,manCover,0,5
Andrew Wylie,Andrew Wylie,zoneCover,0,5
Andrew Wylie,Andrew Wylie,catching,0,5
Andrew Wylie,Andrew Wylie,routeRun,0,5
Brandon Dorlus,Brandon Dorlus,rating,70,74
Brandon Dorlus,Brandon Dorlus,speed,83,78
Brandon Dorlus,Brandon Dorlus,power,90,85
Brandon Dorlus,Brandon Dorlus,agility,77,72
Brandon Dorlus,Brandon Dorlus,burst,80,82
Brandon Dorlus,Brandon Dorlus,intelligence,71,76
Brandon Dorlus,Brandon Dorlus,manCover,0,5
Brandon Dorlus,Brandon Dorlus,zoneCover,0,5
Brandon Dorlus,Brandon Dorlus,catching,0,5
Brandon Dorlus,Brandon Dorlus,routeRun,0,5
Xavier Legette,Xavier Legette,rating,70,74
Xavier Legette,Xavier Legette,speed,76,81
Xavier Legette,Xavier Legette,power,88,83
Xavier Legette,Xavier Legette,agility,83,88
Xavier Legette,Xavier Legette,burst,78,83
Xavier Legette,Xavier Legette,intelligence,72,67
Xavier Legette,Xavier Legette,tackle,0,5
Xavier Legette,Xavier Legette,manCover,0,5
Xavier Legette,Xavier Legette,zoneCover,0,5
Xavier Legette,Xavier Legette,catching,87,82
Xavier Legette,Xavier Legette,routeRun,79,74
Tyler Guyton,Tyler Guyton,rating,70,74
Tyler Guyton,Tyler Guyton,speed,73,68
Tyler Guyton,Tyler Guyton,power,94,89
Tyler Guyton,Tyler Guyton,agility,84,79
Tyler Guyton,Tyler Guyton,intelligence,77,81
Tyler Guyton,Tyler Guyton,tackle,0,5
Tyler Guyton,Tyler Guyton,manCover,0,5
Tyler Guyton,Tyler Guyton,zoneCover,0,5
Tyler Guyton,Tyler Guyton,catching,0,5
Tyler Guyton,Tyler Guyton,routeRun,0,5
Jaden Hicks,Jaden Hicks,rating,78,74
Jaden Hicks,Jaden Hicks,speed,97,92
Jaden Hicks,Jaden Hicks,power,71,67
Jaden Hicks,Jaden Hicks,agility,86,87
Jaden Hicks,Jaden Hicks,burst,85,90
Jaden Hicks,Jaden Hicks,tackle,84,79
Jaden Hicks,Jaden Hicks,manCover,92,87
Jaden Hicks,Jaden Hicks,zoneCover,90,85
Jaden Hicks,Jaden Hicks,catching,0,5
Jaden Hicks,Jaden Hicks,routeRun,0,5
Felix Anudike-Uzomah,Felix Anudike-Uzomah,rating,70,74
Felix Anudike-Uzomah,Felix Anudike-Uzomah,speed,79,81
Felix Anudike-Uzomah,Felix Anudike-Uzomah,power,84,79
Felix Anudike-Uzomah,Felix Anudike-Uzomah,agility,87,85
Felix Anudike-Uzomah,Felix Anudike-Uzomah,burst,75,80
Felix Anudike-Uzomah,Felix Anudike-Uzomah,intelligence,89,84
Felix Anudike-Uzomah,Felix Anudike-Uzomah,tackle,90,85
Felix Anudike-Uzomah,Felix Anudike-Uzomah,manCover,0,5
Felix Anudike-Uzomah,Felix Anudike-Uzomah,zoneCover,0,5
Felix Anudike-Uzomah,Felix Anudike-Uzomah,catching,0,5
Felix Anudike-Uzomah,Felix Anudike-Uzomah,routeRun,0,5
Zach Harrison,Zach Harrison,rating,69,73
Zach Harrison,Zach Harrison,speed,78,83
Zach Harrison,Zach Harrison,power,86,81
Zach Harrison,Zach Harrison,agility,89,84
Zach Harrison,Zach Harrison,burst,76,81
Zach Harrison,Zach Harrison,intelligence,70,74
Zach Harrison,Zach Harrison,tackle,83,81
Zach Harrison,Zach Harrison,manCover,0,5
Zach Harrison,Zach Harrison,zoneCover,0,5
Zach Harrison,Zach Harrison,catching,0,5
Zach Harrison,Zach Harrison,routeRun,0,5
Jahan Dotson,Jahan Dotson,rating,69,73
Jahan Dotson,Jahan Dotson,speed,78,83
Jahan Dotson,Jahan Dotson,power,84,79
Jahan Dotson,Jahan Dotson,agility,74,79
Jahan Dotson,Jahan Dotson,burst,92,93
Jahan Dotson,Jahan Dotson,intelligence,72,76
Jahan Dotson,Jahan Dotson,tackle,0,5
Jahan Dotson,Jahan Dotson,manCover,0,5
Jahan Dotson,Jahan Dotson,zoneCover,0,5
Jahan Dotson,Jahan Dotson,routeRun,78,74
Isaac TeSlaa,Isaac TeSlaa,rating,77,73
Isaac TeSlaa,Isaac TeSlaa,speed,80,85
Isaac TeSlaa,Isaac TeSlaa,power,81,76
Isaac TeSlaa,Isaac TeSlaa,agility,84,88
Isaac TeSlaa,Isaac TeSlaa,burst,75,80
Isaac TeSlaa,Isaac TeSlaa,intelligence,77,75
Isaac TeSlaa,Isaac TeSlaa,tackle,0,5
Isaac TeSlaa,Isaac TeSlaa,manCover,0,5
Isaac TeSlaa,Isaac TeSlaa,zoneCover,0,5
Isaac TeSlaa,Isaac TeSlaa,catching,99,94
Isaac TeSlaa,Isaac TeSlaa,routeRun,78,73
Quincy Riley,Quincy Riley,rating,69,73
Quincy Riley,Quincy Riley,speed,88,90
Quincy Riley,Quincy Riley,power,86,81
Quincy Riley,Quincy Riley,agility,94,90
Quincy Riley,Quincy Riley,burst,92,90
Quincy Riley,Quincy Riley,intelligence,88,83
Quincy Riley,Quincy Riley,tackle,81,76
Quincy Riley,Quincy Riley,manCover,79,76
Quincy Riley,Quincy Riley,zoneCover,78,75
Quincy Riley,Quincy Riley,catching,0,5
Quincy Riley,Quincy Riley,routeRun,0,5
Dadrion Taylor-Demerson,Dadrion Taylor-Demerson,rating,68,72
Dadrion Taylor-Demerson,Dadrion Taylor-Demerson,speed,80,85
Dadrion Taylor-Demerson,Dadrion Taylor-Demerson,power,88,83
Dadrion Taylor-Demerson,Dadrion Taylor-Demerson,agility,82,85
Dadrion Taylor-Demerson,Dadrion Taylor-Demerson,burst,84,89
Dadrion Taylor-Demerson,Dadrion Taylor-Demerson,intelligence,79,74
Dadrion Taylor-Demerson,Dadrion Taylor-Demerson,tackle,86,81
Dadrion Taylor-Demerson,Dadrion Taylor-Demerson,manCover,84,79
Dadrion Taylor-Demerson,Dadrion Taylor-Demerson,zoneCover,80,75
Dadrion Taylor-Demerson,Dadrion Taylor-Demerson,catching,0,5
Dadrion Taylor-Demerson,Dadrion Taylor-Demerson,routeRun,0,5
Michael Penix Jr.,Michael Penix Jr,rating,68,72
Michael Penix Jr.,Michael Penix Jr,speed,77,82
Michael Penix Jr.,Michael Penix Jr,power,72,67
Michael Penix Jr.,Michael Penix Jr,agility,84,79
Michael Penix Jr.,Michael Penix Jr,burst,69,74
Michael Penix Jr.,Michael Penix Jr,intelligence,79,74
Michael Penix Jr.,Michael Penix Jr,tackle,0,5
Michael Penix Jr.,Michael Penix Jr,manCover,0,5
Michael Penix Jr.,Michael Penix Jr,zoneCover,0,5
Michael Penix Jr.,Michael Penix Jr,catching,0,5
Michael Penix Jr.,Michael Penix Jr,routeRun,0,5
Alex Wright,Alex Wright,rating,73,72
Alex Wright,Alex Wright,speed,71,76
Alex Wright,Alex Wright,power,83,78
Alex Wright,Alex Wright,agility,72,70
Alex Wright,Alex Wright,burst,79,83
Alex Wright,Alex Wright,intelligence,81,79
Alex Wright,Alex Wright,tackle,84,82
Alex Wright,Alex Wright,manCover,0,5
Alex Wright,Alex Wright,zoneCover,0,5
Alex Wright,Alex Wright,catching,0,5
Alex Wright,Alex Wright,routeRun,0,5
John Michael Schmitz,John Michael Schmitz Jr,rating,68,72
John Michael Schmitz,John Michael Schmitz Jr,speed,79,74
John Michael Schmitz,John Michael Schmitz Jr,power,83,84
John Michael Schmitz,John Michael Schmitz Jr,agility,86,81
John Michael Schmitz,John Michael Schmitz Jr,burst,90,85
John Michael Schmitz,John Michael Schmitz Jr,intelligence,74,79
John Michael Schmitz,John Michael Schmitz Jr,tackle,0,5
John Michael Schmitz,John Michael Schmitz Jr,manCover,0,5
John Michael Schmitz,John Michael Schmitz Jr,zoneCover,0,5
John Michael Schmitz,John Michael Schmitz Jr,catching,0,5
John Michael Schmitz,John Michael Schmitz Jr,routeRun,0,5
Isaac Guerendo,Isaac Guerendo,rating,68,72
Isaac Guerendo,Isaac Guerendo,speed,81,86
Isaac Guerendo,Isaac Guerendo,power,83,78
Isaac Guerendo,Isaac Guerendo,agility,77,82
Isaac Guerendo,Isaac Guerendo,burst,82,87
Isaac Guerendo,Isaac Guerendo,intelligence,78,73
Isaac Guerendo,Isaac Guerendo,tackle,0,5
Isaac Guerendo,Isaac Guerendo,manCover,0,5
Isaac Guerendo,Isaac Guerendo,zoneCover,0,5
Isaac Guerendo,Isaac Guerendo,catching,85,80
Isaac Guerendo,Isaac Guerendo,routeRun,85,80
Javon Kinlaw,Javon Kinlaw,rating,73,72
Javon Kinlaw,Javon Kinlaw,speed,84,79
Javon Kinlaw,Javon Kinlaw,power,93,88
Javon Kinlaw,Javon Kinlaw,agility,78,73
Javon Kinlaw,Javon Kinlaw,burst,70,75
Javon Kinlaw,Javon Kinlaw,intelligence,84,79
Javon Kinlaw,Javon Kinlaw,tackle,82,81
Javon Kinlaw,Javon Kinlaw,manCover,0,5
Javon Kinlaw,Javon Kinlaw,zoneCover,0,5
Javon Kinlaw,Javon Kinlaw,catching,0,5
Javon Kinlaw,Javon Kinlaw,routeRun,0,5
Elijah Wilkinson,Elijah Wilkinson,rating,67,71
Elijah Wilkinson,Elijah Wilkinson,speed,80,75
Elijah Wilkinson,Elijah Wilkinson,power,69,74
Elijah Wilkinson,Elijah Wilkinson,agility,83,78
Elijah Wilkinson,Elijah Wilkinson,burst,80,75
Elijah Wilkinson,Elijah Wilkinson,intelligence,74,79
Elijah Wilkinson,Elijah Wilkinson,tackle,0,5
Elijah Wilkinson,Elijah Wilkinson,manCover,0,5
Elijah Wilkinson,Elijah Wilkinson,zoneCover,0,5
Elijah Wilkinson,Elijah Wilkinson,catching,0,5
Elijah Wilkinson,Elijah Wilkinson,routeRun,0,5
Trevor Etienne,Trevor Etienne,rating,67,71
Trevor Etienne,Trevor Etienne,speed,69,74
Trevor Etienne,Trevor Etienne,power,80,75
Trevor Etienne,Trevor Etienne,agility,72,77
Trevor Etienne,Trevor Etienne,burst,67,72
Trevor Etienne,Trevor Etienne,intelligence,78,73
Trevor Etienne,Trevor Etienne,tackle,0,5
Trevor Etienne,Trevor Etienne,manCover,0,5
Trevor Etienne,Trevor Etienne,zoneCover,0,5
Trevor Etienne,Trevor Etienne,catching,79,74
Trevor Etienne,Trevor Etienne,routeRun,80,75
Josh Newton,Josh Newton,rating,70,71
Josh Newton,Josh Newton,speed,78,83
Josh Newton,Josh Newton,power,76,71
Josh Newton,Josh Newton,burst,85,90
Josh Newton,Josh Newton,intelligence,82,77
Josh Newton,Josh Newton,tackle,77,72
Josh Newton,Josh Newton,manCover,84,79
Josh Newton,Josh Newton,zoneCover,72,69
Josh Newton,Josh Newton,catching,0,5
Josh Newton,Josh Newton,routeRun,0,5
Mo Alie-Cox,Mo Alie-Cox,rating,70,71
Mo Alie-Cox,Mo Alie-Cox,speed,84,82
Mo Alie-Cox,Mo Alie-Cox,power,82,77
Mo Alie-Cox,Mo Alie-Cox,agility,88,83
Mo Alie-Cox,Mo Alie-Cox,burst,82,80
Mo Alie-Cox,Mo Alie-Cox,intelligence,81,76
Mo Alie-Cox,Mo Alie-Cox,tackle,0,5
Mo Alie-Cox,Mo Alie-Cox,manCover,0,5
Mo Alie-Cox,Mo Alie-Cox,zoneCover,0,5
Mo Alie-Cox,Mo Alie-Cox,catching,88,83
Mo Alie-Cox,Mo Alie-Cox,routeRun,69,64
LeQuint Allen Jr.,LeQuint Allen Jr,rating,67,71
LeQuint Allen Jr.,LeQuint Allen Jr,speed,82,87
LeQuint Allen Jr.,LeQuint Allen Jr,power,77,72
LeQuint Allen Jr.,LeQuint Allen Jr,agility,82,86
LeQuint Allen Jr.,LeQuint Allen Jr,burst,80,85
LeQuint Allen Jr.,LeQuint Allen Jr,intelligence,73,68
LeQuint Allen Jr.,LeQuint Allen Jr,tackle,0,5
LeQuint Allen Jr.,LeQuint Allen Jr,manCover,0,5
LeQuint Allen Jr.,LeQuint Allen Jr,zoneCover,0,5
LeQuint Allen Jr.,LeQuint Allen Jr,catching,79,74
LeQuint Allen Jr.,LeQuint Allen Jr,routeRun,82,77
Jay Ward,Jay Ward,rating,75,71
Jay Ward,Jay Ward,speed,84,87
Jay Ward,Jay Ward,power,81,76
Jay Ward,Jay Ward,agility,91,86
Jay Ward,Jay Ward,burst,86,91
Jay Ward,Jay Ward,intelligence,82,77
Jay Ward,Jay Ward,tackle,78,73
Jay Ward,Jay Ward,manCover,88,83
Jay Ward,Jay Ward,zoneCover,69,71
Jay Ward,Jay Ward,catching,0,5
Jay Ward,Jay Ward,routeRun,0,5
Malachi Moore,Malachi Moore,rating,70,71
Malachi Moore,Malachi Moore,speed,68,73
Malachi Moore,Malachi Moore,power,83,78
Malachi Moore,Malachi Moore,agility,89,84
Malachi Moore,Malachi Moore,burst,88,89
Malachi Moore,Malachi Moore,intelligence,89,84
Malachi Moore,Malachi Moore,tackle,82,77
Malachi Moore,Malachi Moore,manCover,77,72
Malachi Moore,Malachi Moore,zoneCover,71,74
Malachi Moore,Malachi Moore,catching,0,5
Malachi Moore,Malachi Moore,routeRun,0,5
Josh Jones,Josh Jones,rating,75,71
Josh Jones,Josh Jones,speed,87,82
Josh Jones,Josh Jones,power,87,85
Josh Jones,Josh Jones,agility,74,69
Josh Jones,Josh Jones,burst,81,76
Josh Jones,Josh Jones,intelligence,76,72
Josh Jones,Josh Jones,tackle,0,5
Josh Jones,Josh Jones,manCover,0,5
Josh Jones,Josh Jones,zoneCover,0,5
Josh Jones,Josh Jones,catching,0,5
Josh Jones,Josh Jones,routeRun,0,5
Bam Knight,Bam Knight,rating,74,70
Bam Knight,Bam Knight,speed,77,82
Bam Knight,Bam Knight,power,74,69
Bam Knight,Bam Knight,agility,89,84
Bam Knight,Bam Knight,burst,76,81
Bam Knight,Bam Knight,intelligence,80,75
Bam Knight,Bam Knight,tackle,0,5
Bam Knight,Bam Knight,manCover,0,5
Bam Knight,Bam Knight,zoneCover,0,5
Bam Knight,Bam Knight,catching,76,71
Bam Knight,Bam Knight,routeRun,90,85
DeWayne Carter,DeWayne Carter,rating,66,70
DeWayne Carter,DeWayne Carter,speed,74,73
DeWayne Carter,DeWayne Carter,power,80,82
DeWayne Carter,DeWayne Carter,agility,73,68
DeWayne Carter,DeWayne Carter,burst,69,74
DeWayne Carter,DeWayne Carter,intelligence,79,74
DeWayne Carter,DeWayne Carter,tackle,67,72
DeWayne Carter,DeWayne Carter,manCover,0,5
DeWayne Carter,DeWayne Carter,zoneCover,0,5
DeWayne Carter,DeWayne Carter,catching,0,5
DeWayne Carter,DeWayne Carter,routeRun,0,4
Thomas Harper,Thomas Harper,rating,69,70
Thomas Harper,Thomas Harper,speed,81,86
Thomas Harper,Thomas Harper,power,81,76
Thomas Harper,Thomas Harper,agility,77,80
Thomas Harper,Thomas Harper,burst,81,86
Thomas Harper,Thomas Harper,intelligence,78,73
Thomas Harper,Thomas Harper,tackle,81,76
Thomas Harper,Thomas Harper,manCover,86,81
Thomas Harper,Thomas Harper,zoneCover,79,74
Thomas Harper,Thomas Harper,catching,0,5
Thomas Harper,Thomas Harper,routeRun,0,5
Barryn Sorrell,Barryn Sorrell,rating,74,70
Barryn Sorrell,Barryn Sorrell,speed,74,79
Barryn Sorrell,Barryn Sorrell,power,76,81
Barryn Sorrell,Barryn Sorrell,agility,75,80
Barryn Sorrell,Barryn Sorrell,burst,81,85
Barryn Sorrell,Barryn Sorrell,intelligence,93,88
Barryn Sorrell,Barryn Sorrell,tackle,88,83
Barryn Sorrell,Barryn Sorrell,manCover,0,5
Barryn Sorrell,Barryn Sorrell,zoneCover,0,5
Barryn Sorrell,Barryn Sorrell,catching,0,5
Barryn Sorrell,Barryn Sorrell,routeRun,0,5
KeAndre Lambert-Smith,KeAndre Lambert-Smith,rating,69,70
KeAndre Lambert-Smith,KeAndre Lambert-Smith,speed,76,81
KeAndre Lambert-Smith,KeAndre Lambert-Smith,power,75,70
KeAndre Lambert-Smith,KeAndre Lambert-Smith,agility,79,84
KeAndre Lambert-Smith,KeAndre Lambert-Smith,burst,79,84
KeAndre Lambert-Smith,KeAndre Lambert-Smith,intelligence,82,77
KeAndre Lambert-Smith,KeAndre Lambert-Smith,tackle,0,5
KeAndre Lambert-Smith,KeAndre Lambert-Smith,manCover,0,5
KeAndre Lambert-Smith,KeAndre Lambert-Smith,zoneCover,0,5
KeAndre Lambert-Smith,KeAndre Lambert-Smith,catching,84,80
KeAndre Lambert-Smith,KeAndre Lambert-Smith,routeRun,85,80
Charles Grant,Charles Grant,rating,66,70
Charles Grant,Charles Grant,speed,86,81
Charles Grant,Charles Grant,power,86,85
Charles Grant,Charles Grant,agility,84,79
Charles Grant,Charles Grant,burst,72,77
Charles Grant,Charles Grant,intelligence,88,83
Charles Grant,Charles Grant,tackle,0,5
Charles Grant,Charles Grant,manCover,0,5
Charles Grant,Charles Grant,zoneCover,0,5
Charles Grant,Charles Grant,catching,0,5
Charles Grant,Charles Grant,routeRun,0,5
Javon Solomon,Javon Solomon,rating,65,69
Javon Solomon,Javon Solomon,speed,83,82
Javon Solomon,Javon Solomon,agility,72,75
Javon Solomon,Javon Solomon,burst,71,76
Javon Solomon,Javon Solomon,intelligence,76,71
Javon Solomon,Javon Solomon,tackle,85,80
Javon Solomon,Javon Solomon,manCover,0,5
Javon Solomon,Javon Solomon,zoneCover,0,5
Javon Solomon,Javon Solomon,catching,0,5
Javon Solomon,Javon Solomon,routeRun,0,5
Miles Frazier,Miles Frazier,rating,68,69
Miles Frazier,Miles Frazier,speed,69,64
Miles Frazier,Miles Frazier,power,78,83
Miles Frazier,Miles Frazier,agility,87,82
Miles Frazier,Miles Frazier,burst,76,71
Miles Frazier,Miles Frazier,intelligence,85,80
Miles Frazier,Miles Frazier,tackle,0,5
Miles Frazier,Miles Frazier,manCover,0,5
Miles Frazier,Miles Frazier,zoneCover,0,5
Miles Frazier,Miles Frazier,catching,0,5
Miles Frazier,Miles Frazier,routeRun,0,5
Kai Kroeger,Kai Kroeger,rating,65,69
Kai Kroeger,Kai Kroeger,speed,82,80
Kai Kroeger,Kai Kroeger,power,82,77
Kai Kroeger,Kai Kroeger,agility,83,78
Kai Kroeger,Kai Kroeger,burst,88,83
Kai Kroeger,Kai Kroeger,intelligence,73,68
Kai Kroeger,Kai Kroeger,tackle,0,5
Kai Kroeger,Kai Kroeger,manCover,0,5
Kai Kroeger,Kai Kroeger,zoneCover,0,5
Kai Kroeger,Kai Kroeger,catching,0,5
Kai Kroeger,Kai Kroeger,routeRun,0,5
Jared Wiley,Jared Wiley,rating,70,69
Jared Wiley,Jared Wiley,speed,81,85
Jared Wiley,Jared Wiley,power,72,75
Jared Wiley,Jared Wiley,agility,72,77
Jared Wiley,Jared Wiley,burst,83,88
Jared Wiley,Jared Wiley,intelligence,73,68
Jared Wiley,Jared Wiley,tackle,0,5
Jared Wiley,Jared Wiley,manCover,0,5
Jared Wiley,Jared Wiley,zoneCover,0,5
Jared Wiley,Jared Wiley,catching,83,81
Jared Wiley,Jared Wiley,routeRun,80,75
Shaun Dolac,Shaun Dolac,rating,70,69
Shaun Dolac,Shaun Dolac,speed,79,84
Shaun Dolac,Shaun Dolac,power,85,80
Shaun Dolac,Shaun Dolac,agility,79,84
Shaun Dolac,Shaun Dolac,burst,73,78
Shaun Dolac,Shaun Dolac,intelligence,83,78
Shaun Dolac,Shaun Dolac,tackle,65,70
Shaun Dolac,Shaun Dolac,manCover,75,70
Shaun Dolac,Shaun Dolac,zoneCover,78,73
Shaun Dolac,Shaun Dolac,catching,0,5
Shaun Dolac,Shaun Dolac,routeRun,0,5
Jason Marshall Jr.,Jason Marshall Jr,rating,70,69
Jason Marshall Jr.,Jason Marshall Jr,speed,85,89
Jason Marshall Jr.,Jason Marshall Jr,power,83,78
Jason Marshall Jr.,Jason Marshall Jr,agility,80,85
Jason Marshall Jr.,Jason Marshall Jr,burst,74,79
Jason Marshall Jr.,Jason Marshall Jr,intelligence,72,69
Jason Marshall Jr.,Jason Marshall Jr,tackle,80,75
Jason Marshall Jr.,Jason Marshall Jr,manCover,83,78
Jason Marshall Jr.,Jason Marshall Jr,zoneCover,83,78
Jason Marshall Jr.,Jason Marshall Jr,catching,0,5
Jason Marshall Jr.,Jason Marshall Jr,routeRun,0,5
Dell Pettus,Dell Pettus,rating,73,69
Dell Pettus,Dell Pettus,speed,80,85
Dell Pettus,Dell Pettus,power,78,73
Dell Pettus,Dell Pettus,agility,80,83
Dell Pettus,Dell Pettus,burst,82,87
Dell Pettus,Dell Pettus,intelligence,82,77
Dell Pettus,Dell Pettus,tackle,83,78
Dell Pettus,Dell Pettus,manCover,81,76
Dell Pettus,Dell Pettus,zoneCover,74,69
Dell Pettus,Dell Pettus,catching,0,5
Dell Pettus,Dell Pettus,routeRun,0,5
CJ West,CJ West,rating,65,69
CJ West,CJ West,speed,77,74
CJ West,CJ West,power,95,90
CJ West,CJ West,agility,76,71
CJ West,CJ West,intelligence,87,82
CJ West,CJ West,tackle,76,75
CJ West,CJ West,manCover,0,5
CJ West,CJ West,zoneCover,0,5
CJ West,CJ West,catching,0,5
CJ West,CJ West,routeRun,0,5
LaCale London,LaCale London,rating,72,68
LaCale London,LaCale London,speed,70,71
LaCale London,LaCale London,power,91,86
LaCale London,LaCale London,agility,79,74
LaCale London,LaCale London,burst,89,84
LaCale London,LaCale London,intelligence,84,79
LaCale London,LaCale London,tackle,88,83
LaCale London,LaCale London,manCover,0,5
LaCale London,LaCale London,zoneCover,0,5
LaCale London,LaCale London,catching,0,5
LaCale London,LaCale London,routeRun,0,5
Chris Brooks,Chris Brooks,rating,72,68
Chris Brooks,Chris Brooks,speed,80,85
Chris Brooks,Chris Brooks,power,68,71
Chris Brooks,Chris Brooks,agility,79,81
Chris Brooks,Chris Brooks,burst,87,88
Chris Brooks,Chris Brooks,intelligence,76,71
Chris Brooks,Chris Brooks,tackle,0,5
Chris Brooks,Chris Brooks,manCover,0,5
Chris Brooks,Chris Brooks,zoneCover,0,5
Chris Brooks,Chris Brooks,catching,82,77
Chris Brooks,Chris Brooks,routeRun,88,83
Dante Trader Jr.,Dante Trader Jr,rating,72,68
Dante Trader Jr.,Dante Trader Jr,speed,75,80
Dante Trader Jr.,Dante Trader Jr,power,83,78
Dante Trader Jr.,Dante Trader Jr,agility,83,81
Dante Trader Jr.,Dante Trader Jr,burst,76,81
Dante Trader Jr.,Dante Trader Jr,intelligence,75,70
Dante Trader Jr.,Dante Trader Jr,tackle,81,76
Dante Trader Jr.,Dante Trader Jr,manCover,82,77
Dante Trader Jr.,Dante Trader Jr,zoneCover,88,83
Dante Trader Jr.,Dante Trader Jr,catching,0,5
Dante Trader Jr.,Dante Trader Jr,routeRun,0,5
Arian Smith,Arian Smith,rating,69,68
Arian Smith,Arian Smith,speed,79,84
Arian Smith,Arian Smith,power,79,74
Arian Smith,Arian Smith,agility,79,84
Arian Smith,Arian Smith,burst,74,79
Arian Smith,Arian Smith,intelligence,89,84
Arian Smith,Arian Smith,tackle,0,5
Arian Smith,Arian Smith,manCover,0,5
Arian Smith,Arian Smith,zoneCover,0,5
Arian Smith,Arian Smith,catching,81,76
Arian Smith,Arian Smith,routeRun,76,71
Jeremy Ruckert,Jeremy Ruckert,rating,64,68
Jeremy Ruckert,Jeremy Ruckert,speed,79,81
Jeremy Ruckert,Jeremy Ruckert,power,79,78
Jeremy Ruckert,Jeremy Ruckert,burst,91,86
Jeremy Ruckert,Jeremy Ruckert,intelligence,77,72
Jeremy Ruckert,Jeremy Ruckert,tackle,0,5
Jeremy Ruckert,Jeremy Ruckert,manCover,0,5
Jeremy Ruckert,Jeremy Ruckert,zoneCover,0,5
Jeremy Ruckert,Jeremy Ruckert,catching,73,78
Jeremy Ruckert,Jeremy Ruckert,routeRun,70,65
Sam Okuayinonu,Sam Okuayinonu,rating,64,68
Sam Okuayinonu,Sam Okuayinonu,speed,72,77
Sam Okuayinonu,Sam Okuayinonu,power,76,81
Sam Okuayinonu,Sam Okuayinonu,agility,78,73
Sam Okuayinonu,Sam Okuayinonu,intelligence,78,73
Sam Okuayinonu,Sam Okuayinonu,tackle,90,85
Sam Okuayinonu,Sam Okuayinonu,manCover,0,5
Sam Okuayinonu,Sam Okuayinonu,zoneCover,0,5
Sam Okuayinonu,Sam Okuayinonu,catching,0,5
Sam Okuayinonu,Sam Okuayinonu,routeRun,0,5
Jackson Slater,Jackson Slater,rating,72,68
Jackson Slater,Jackson Slater,speed,76,72
Jackson Slater,Jackson Slater,agility,84,79
Jackson Slater,Jackson Slater,burst,86,81
Jackson Slater,Jackson Slater,intelligence,89,84
Jackson Slater,Jackson Slater,tackle,0,5
Jackson Slater,Jackson Slater,manCover,0,5
Jackson Slater,Jackson Slater,zoneCover,0,5
Jackson Slater,Jackson Slater,catching,0,5
Jackson Slater,Jackson Slater,routeRun,0,5
Austin Schlottmann,Austin Schlottmann,rating,67,68
Austin Schlottmann,Austin Schlottmann,speed,80,75
Austin Schlottmann,Austin Schlottmann,power,93,88
Austin Schlottmann,Austin Schlottmann,agility,86,81
Austin Schlottmann,Austin Schlottmann,burst,87,82
Austin Schlottmann,Austin Schlottmann,tackle,0,5
Austin Schlottmann,Austin Schlottmann,manCover,0,5
Austin Schlottmann,Austin Schlottmann,zoneCover,0,5
Austin Schlottmann,Austin Schlottmann,catching,0,5
Austin Schlottmann,Austin Schlottmann,routeRun,0,5
Javon Foster,Javon Foster,rating,71,67
Javon Foster,Javon Foster,speed,78,73
Javon Foster,Javon Foster,power,81,83
Javon Foster,Javon Foster,agility,80,75
Javon Foster,Javon Foster,burst,80,75
Javon Foster,Javon Foster,intelligence,76,72
Javon Foster,Javon Foster,tackle,0,5
Javon Foster,Javon Foster,manCover,0,5
Javon Foster,Javon Foster,zoneCover,0,5
Javon Foster,Javon Foster,catching,0,5
Javon Foster,Javon Foster,routeRun,0,5
Jalen Rivers,Jalen Rivers,rating,66,67
Jalen Rivers,Jalen Rivers,speed,80,75
Jalen Rivers,Jalen Rivers,power,57,62
Jalen Rivers,Jalen Rivers,agility,76,71
Jalen Rivers,Jalen Rivers,burst,80,75
Jalen Rivers,Jalen Rivers,intelligence,82,77
Jalen Rivers,Jalen Rivers,tackle,0,5
Jalen Rivers,Jalen Rivers,manCover,0,5
Jalen Rivers,Jalen Rivers,zoneCover,0,5
Jalen Rivers,Jalen Rivers,catching,0,5
Jalen Rivers,Jalen Rivers,routeRun,0,5
Riley Leonard,Riley Leonard,rating,68,67
Riley Leonard,Riley Leonard,speed,87,86
Riley Leonard,Riley Leonard,power,75,70
Riley Leonard,Riley Leonard,agility,74,79
Riley Leonard,Riley Leonard,burst,91,86
Riley Leonard,Riley Leonard,intelligence,74,69
Riley Leonard,Riley Leonard,tackle,0,5
Riley Leonard,Riley Leonard,manCover,0,5
Riley Leonard,Riley Leonard,zoneCover,0,5
Riley Leonard,Riley Leonard,catching,0,5
Riley Leonard,Riley Leonard,routeRun,0,5
Nick Gargiulo,Nick Gargiulo,rating,62,66
Nick Gargiulo,Nick Gargiulo,speed,78,73
Nick Gargiulo,Nick Gargiulo,power,77,82
Nick Gargiulo,Nick Gargiulo,agility,76,71
Nick Gargiulo,Nick Gargiulo,burst,81,76
Nick Gargiulo,Nick Gargiulo,intelligence,72,70
Nick Gargiulo,Nick Gargiulo,tackle,0,5
Nick Gargiulo,Nick Gargiulo,manCover,0,5
Nick Gargiulo,Nick Gargiulo,zoneCover,0,5
Nick Gargiulo,Nick Gargiulo,catching,0,5
Nick Gargiulo,Nick Gargiulo,routeRun,0,5
Max Mitchell,Max Mitchell,rating,65,66
Max Mitchell,Max Mitchell,speed,79,74
Max Mitchell,Max Mitchell,power,71,76
Max Mitchell,Max Mitchell,agility,78,73
Max Mitchell,Max Mitchell,burst,74,71
Max Mitchell,Max Mitchell,intelligence,88,83
Max Mitchell,Max Mitchell,tackle,0,5
Max Mitchell,Max Mitchell,manCover,0,5
Max Mitchell,Max Mitchell,zoneCover,0,5
Max Mitchell,Max Mitchell,catching,0,5
Max Mitchell,Max Mitchell,routeRun,0,5
Kalen King,Kalen King,rating,69,65
Kalen King,Kalen King,speed,83,87
Kalen King,Kalen King,power,90,85
Kalen King,Kalen King,agility,70,75
Kalen King,Kalen King,burst,72,77
Kalen King,Kalen King,intelligence,83,78
Kalen King,Kalen King,tackle,85,80
Kalen King,Kalen King,manCover,77,72
Kalen King,Kalen King,zoneCover,68,65
Kalen King,Kalen King,catching,0,5
Kalen King,Kalen King,routeRun,0,5
Will Mallory,Will Mallory,rating,69,65
Will Mallory,Will Mallory,speed,78,83
Will Mallory,Will Mallory,power,83,78
Will Mallory,Will Mallory,agility,80,77
Will Mallory,Will Mallory,burst,79,84
Will Mallory,Will Mallory,intelligence,65,66
Will Mallory,Will Mallory,tackle,0,5
Will Mallory,Will Mallory,manCover,0,5
Will Mallory,Will Mallory,zoneCover,0,5
Will Mallory,Will Mallory,routeRun,82,77
Austin Ajiake,Austin Ajiake,rating,61,65
Austin Ajiake,Austin Ajiake,speed,81,86
Austin Ajiake,Austin Ajiake,power,69,65
Austin Ajiake,Austin Ajiake,agility,60,65
Austin Ajiake,Austin Ajiake,burst,79,84
Austin Ajiake,Austin Ajiake,intelligence,81,76
Austin Ajiake,Austin Ajiake,tackle,77,80
Austin Ajiake,Austin Ajiake,manCover,83,78
Austin Ajiake,Austin Ajiake,zoneCover,77,72
Austin Ajiake,Austin Ajiake,catching,0,5
Austin Ajiake,Austin Ajiake,routeRun,0,5
Desjuan Johnson,Desjuan Johnson,rating,66,65
Desjuan Johnson,Desjuan Johnson,speed,78,73
Desjuan Johnson,Desjuan Johnson,power,72,77
Desjuan Johnson,Desjuan Johnson,agility,80,75
Desjuan Johnson,Desjuan Johnson,burst,86,81
Desjuan Johnson,Desjuan Johnson,intelligence,78,73
Desjuan Johnson,Desjuan Johnson,tackle,85,80
Desjuan Johnson,Desjuan Johnson,manCover,0,5
Desjuan Johnson,Desjuan Johnson,zoneCover,0,5
Desjuan Johnson,Desjuan Johnson,catching,0,5
Desjuan Johnson,Desjuan Johnson,routeRun,0,5
Jack Driscoll,Jack Driscoll,rating,69,65
Jack Driscoll,Jack Driscoll,speed,80,75
Jack Driscoll,Jack Driscoll,power,90,85
Jack Driscoll,Jack Driscoll,agility,77,72
Jack Driscoll,Jack Driscoll,burst,78,73
Jack Driscoll,Jack Driscoll,intelligence,84,79
Jack Driscoll,Jack Driscoll,tackle,0,5
Jack Driscoll,Jack Driscoll,manCover,0,5
Jack Driscoll,Jack Driscoll,zoneCover,0,5
Jack Driscoll,Jack Driscoll,catching,0,5
Jack Driscoll,Jack Driscoll,routeRun,0,5
Frank Crum,Frank Crum,rating,60,64
Frank Crum,Frank Crum,speed,76,74
Frank Crum,Frank Crum,power,81,85
Frank Crum,Frank Crum,agility,67,71
Frank Crum,Frank Crum,burst,75,79
Frank Crum,Frank Crum,intelligence,74,69
Frank Crum,Frank Crum,tackle,0,5
Frank Crum,Frank Crum,manCover,0,5
Frank Crum,Frank Crum,zoneCover,0,5
Frank Crum,Frank Crum,catching,0,5
Frank Crum,Frank Crum,routeRun,0,5
Blake Whiteheart,Blake Whiteheart,rating,66,62
Blake Whiteheart,Blake Whiteheart,speed,80,82
Blake Whiteheart,Blake Whiteheart,agility,72,77
Blake Whiteheart,Blake Whiteheart,burst,75,80
Blake Whiteheart,Blake Whiteheart,intelligence,78,73
Blake Whiteheart,Blake Whiteheart,tackle,0,5
Blake Whiteheart,Blake Whiteheart,manCover,0,5
Blake Whiteheart,Blake Whiteheart,zoneCover,0,5
Blake Whiteheart,Blake Whiteheart,catching,77,75
Blake Whiteheart,Blake Whiteheart,routeRun,84,79
Karene Reid,Karene Reid,rating,66,62
Karene Reid,Karene Reid,speed,76,81
Karene Reid,Karene Reid,power,84,79
Karene Reid,Karene Reid,agility,76,78
Karene Reid,Karene Reid,burst,76,81
Karene Reid,Karene Reid,intelligence,69,64
Karene Reid,Karene Reid,tackle,72,77
Karene Reid,Karene Reid,manCover,64,59
Karene Reid,Karene Reid,zoneCover,82,77
Karene Reid,Karene Reid,catching,0,5
Karene Reid,Karene Reid,routeRun,0,5
Trey McBride,Trey McBride,rating,94,99
Trey McBride,Trey McBride,speed,85,88
Trey McBride,Trey McBride,power,92,87
Trey McBride,Trey McBride,agility,86,84
Trey McBride,Trey McBride,burst,95,90
Trey McBride,Trey McBride,intelligence,94,99
Trey McBride,Trey McBride,tackle,0,5
Trey McBride,Trey McBride,manCover,0,5
Trey McBride,Trey McBride,zoneCover,0,5
Trey McBride,Trey McBride,routeRun,92,87
Jessie Bates,Jessie Bates III,rating,89,94
Jessie Bates,Jessie Bates III,speed,93,90
Jessie Bates,Jessie Bates III,power,88,83
Jessie Bates,Jessie Bates III,agility,91,87
Jessie Bates,Jessie Bates III,burst,94,90
Jessie Bates,Jessie Bates III,intelligence,82,87
Jessie Bates,Jessie Bates III,tackle,97,92
Jessie Bates,Jessie Bates III,manCover,87,85
Jessie Bates,Jessie Bates III,zoneCover,88,93
Jessie Bates,Jessie Bates III,catching,0,5
Jessie Bates,Jessie Bates III,routeRun,0,5
Davante Adams,Davante Adams,rating,85,90
Davante Adams,Davante Adams,speed,80,85
Davante Adams,Davante Adams,power,74,69
Davante Adams,Davante Adams,agility,78,83
Davante Adams,Davante Adams,burst,82,87
Davante Adams,Davante Adams,intelligence,86,91
Davante Adams,Davante Adams,tackle,0,5
Davante Adams,Davante Adams,manCover,0,5
Davante Adams,Davante Adams,zoneCover,0,5
Davante Adams,Davante Adams,catching,98,93
Davante Adams,Davante Adams,routeRun,97,92
Cooper DeJean,Cooper DeJean,rating,84,89
Cooper DeJean,Cooper DeJean,speed,87,92
Cooper DeJean,Cooper DeJean,power,87,82
Cooper DeJean,Cooper DeJean,agility,85,90
Cooper DeJean,Cooper DeJean,burst,81,86
Cooper DeJean,Cooper DeJean,intelligence,84,89
Cooper DeJean,Cooper DeJean,tackle,85,80
Cooper DeJean,Cooper DeJean,manCover,93,88
Cooper DeJean,Cooper DeJean,zoneCover,90,91
Cooper DeJean,Cooper DeJean,catching,0,5
Cooper DeJean,Cooper DeJean,routeRun,0,5
Jalen Carter,Jalen Carter,rating,84,89
Jalen Carter,Jalen Carter,speed,89,84
Jalen Carter,Jalen Carter,power,87,92
Jalen Carter,Jalen Carter,agility,89,84
Jalen Carter,Jalen Carter,burst,90,88
Jalen Carter,Jalen Carter,intelligence,76,81
Jalen Carter,Jalen Carter,tackle,93,88
Jalen Carter,Jalen Carter,manCover,0,5
Jalen Carter,Jalen Carter,zoneCover,0,5
Jalen Carter,Jalen Carter,catching,0,5
Jalen Carter,Jalen Carter,routeRun,0,5
Leonard Williams,Leonard Williams,rating,93,88
Leonard Williams,Leonard Williams,speed,75,77
Leonard Williams,Leonard Williams,power,97,92
Leonard Williams,Leonard Williams,agility,81,76
Leonard Williams,Leonard Williams,burst,76,75
Leonard Williams,Leonard Williams,intelligence,90,95
Leonard Williams,Leonard Williams,tackle,92,87
Leonard Williams,Leonard Williams,manCover,0,5
Leonard Williams,Leonard Williams,zoneCover,0,5
Leonard Williams,Leonard Williams,catching,0,5
Leonard Williams,Leonard Williams,routeRun,0,5
Nate Landman,Nate Landman,rating,81,86
Nate Landman,Nate Landman,power,82,77
Nate Landman,Nate Landman,agility,90,85
Nate Landman,Nate Landman,burst,82,86
Nate Landman,Nate Landman,intelligence,89,92
Nate Landman,Nate Landman,tackle,89,91
Nate Landman,Nate Landman,manCover,88,83
Nate Landman,Nate Landman,zoneCover,84,79
Nate Landman,Nate Landman,catching,0,5
Nate Landman,Nate Landman,routeRun,0,5
Camryn Bynum,Camryn Bynum,rating,79,84
Camryn Bynum,Camryn Bynum,speed,82,87
Camryn Bynum,Camryn Bynum,power,87,82
Camryn Bynum,Camryn Bynum,agility,88,83
Camryn Bynum,Camryn Bynum,burst,86,88
Camryn Bynum,Camryn Bynum,intelligence,91,86
Camryn Bynum,Camryn Bynum,tackle,83,82
Camryn Bynum,Camryn Bynum,manCover,86,81
Camryn Bynum,Camryn Bynum,zoneCover,70,75
Camryn Bynum,Camryn Bynum,catching,0,5
Camryn Bynum,Camryn Bynum,routeRun,0,5
Hjalte Froholdt,Hjalte Froholdt,rating,78,83
Hjalte Froholdt,Hjalte Froholdt,speed,90,85
Hjalte Froholdt,Hjalte Froholdt,power,84,89
Hjalte Froholdt,Hjalte Froholdt,agility,97,92
Hjalte Froholdt,Hjalte Froholdt,burst,70,67
Hjalte Froholdt,Hjalte Froholdt,intelligence,75,80
Hjalte Froholdt,Hjalte Froholdt,tackle,0,5
Hjalte Froholdt,Hjalte Froholdt,manCover,0,5
Hjalte Froholdt,Hjalte Froholdt,zoneCover,0,5
Hjalte Froholdt,Hjalte Froholdt,catching,0,5
Hjalte Froholdt,Hjalte Froholdt,routeRun,0,5
Alim McNeill,Alim McNeill,rating,78,83
Alim McNeill,Alim McNeill,speed,92,87
Alim McNeill,Alim McNeill,power,82,87
Alim McNeill,Alim McNeill,agility,83,78
Alim McNeill,Alim McNeill,burst,93,88
Alim McNeill,Alim McNeill,intelligence,81,86
Alim McNeill,Alim McNeill,tackle,95,90
Alim McNeill,Alim McNeill,manCover,0,5
Alim McNeill,Alim McNeill,zoneCover,0,5
Alim McNeill,Alim McNeill,catching,0,5
Alim McNeill,Alim McNeill,routeRun,0,5
Poona Ford,Poona Ford,rating,78,83
Poona Ford,Poona Ford,speed,88,83
Poona Ford,Poona Ford,power,81,86
Poona Ford,Poona Ford,agility,88,83
Poona Ford,Poona Ford,burst,93,88
Poona Ford,Poona Ford,intelligence,86,90
Poona Ford,Poona Ford,tackle,79,84
Poona Ford,Poona Ford,manCover,0,5
Poona Ford,Poona Ford,zoneCover,0,5
Poona Ford,Poona Ford,catching,0,5
Poona Ford,Poona Ford,routeRun,0,5
J.K. Dobbins,J.K. Dobbins,rating,77,82
J.K. Dobbins,J.K. Dobbins,speed,80,85
J.K. Dobbins,J.K. Dobbins,power,87,82
J.K. Dobbins,J.K. Dobbins,agility,78,83
J.K. Dobbins,J.K. Dobbins,burst,86,91
J.K. Dobbins,J.K. Dobbins,intelligence,84,81
J.K. Dobbins,J.K. Dobbins,tackle,0,5
J.K. Dobbins,J.K. Dobbins,manCover,0,5
J.K. Dobbins,J.K. Dobbins,zoneCover,0,5
J.K. Dobbins,J.K. Dobbins,catching,78,73
J.K. Dobbins,J.K. Dobbins,routeRun,83,78
TreVeyon Henderson,TreVeyon Henderson,rating,84,82
TreVeyon Henderson,TreVeyon Henderson,speed,94,95
TreVeyon Henderson,TreVeyon Henderson,power,90,85
TreVeyon Henderson,TreVeyon Henderson,agility,92,87
TreVeyon Henderson,TreVeyon Henderson,burst,97,92
TreVeyon Henderson,TreVeyon Henderson,intelligence,84,79
TreVeyon Henderson,TreVeyon Henderson,tackle,0,5
TreVeyon Henderson,TreVeyon Henderson,manCover,0,5
TreVeyon Henderson,TreVeyon Henderson,zoneCover,0,5
TreVeyon Henderson,TreVeyon Henderson,catching,81,76
TreVeyon Henderson,TreVeyon Henderson,routeRun,76,71
Michael Pittman,Michael Pittman,rating,80,82
Michael Pittman,Michael Pittman,speed,87,88
Michael Pittman,Michael Pittman,power,86,81
Michael Pittman,Michael Pittman,agility,90,85
Michael Pittman,Michael Pittman,burst,88,86
Michael Pittman,Michael Pittman,intelligence,82,86
Michael Pittman,Michael Pittman,tackle,0,5
Michael Pittman,Michael Pittman,manCover,0,5
Michael Pittman,Michael Pittman,zoneCover,0,5
Michael Pittman,Michael Pittman,catching,84,89
Michael Pittman,Michael Pittman,routeRun,78,81
Harrison Butker,Harrison Butker,rating,86,81
Harrison Butker,Harrison Butker,speed,78,74
Harrison Butker,Harrison Butker,power,87,82
Harrison Butker,Harrison Butker,agility,73,68
Harrison Butker,Harrison Butker,burst,78,75
Harrison Butker,Harrison Butker,intelligence,75,70
Harrison Butker,Harrison Butker,tackle,0,5
Harrison Butker,Harrison Butker,manCover,0,5
Harrison Butker,Harrison Butker,zoneCover,0,5
Harrison Butker,Harrison Butker,catching,0,5
Harrison Butker,Harrison Butker,routeRun,0,5
Corey Bojorquez,Corey Bojorquez,rating,78,80
Corey Bojorquez,Corey Bojorquez,speed,79,74
Corey Bojorquez,Corey Bojorquez,power,78,73
Corey Bojorquez,Corey Bojorquez,agility,83,78
Corey Bojorquez,Corey Bojorquez,burst,85,80
Corey Bojorquez,Corey Bojorquez,intelligence,82,77
Corey Bojorquez,Corey Bojorquez,tackle,0,5
Corey Bojorquez,Corey Bojorquez,manCover,0,5
Corey Bojorquez,Corey Bojorquez,zoneCover,0,5
Corey Bojorquez,Corey Bojorquez,catching,0,5
Corey Bojorquez,Corey Bojorquez,routeRun,0,5
RJ Harvey,RJ Harvey,rating,75,80
RJ Harvey,RJ Harvey,speed,83,88
RJ Harvey,RJ Harvey,power,92,87
RJ Harvey,RJ Harvey,agility,82,85
RJ Harvey,RJ Harvey,burst,79,84
RJ Harvey,RJ Harvey,intelligence,72,77
RJ Harvey,RJ Harvey,tackle,0,5
RJ Harvey,RJ Harvey,manCover,0,5
RJ Harvey,RJ Harvey,zoneCover,0,5
RJ Harvey,RJ Harvey,catching,89,84
RJ Harvey,RJ Harvey,routeRun,90,85
Juwan Johnson,Juwan Johnson,rating,78,80
Juwan Johnson,Juwan Johnson,speed,78,83
Juwan Johnson,Juwan Johnson,power,89,84
Juwan Johnson,Juwan Johnson,agility,79,82
Juwan Johnson,Juwan Johnson,burst,79,84
Juwan Johnson,Juwan Johnson,intelligence,85,88
Juwan Johnson,Juwan Johnson,tackle,0,5
Juwan Johnson,Juwan Johnson,manCover,0,5
Juwan Johnson,Juwan Johnson,zoneCover,0,5
Juwan Johnson,Juwan Johnson,catching,81,85
Juwan Johnson,Juwan Johnson,routeRun,82,77
Quincy Williams,Quincy Williams,rating,74,79
Quincy Williams,Quincy Williams,speed,88,87
Quincy Williams,Quincy Williams,power,80,75
Quincy Williams,Quincy Williams,agility,82,77
Quincy Williams,Quincy Williams,burst,78,83
Quincy Williams,Quincy Williams,intelligence,87,85
Quincy Williams,Quincy Williams,tackle,80,85
Quincy Williams,Quincy Williams,manCover,0,5
Quincy Williams,Quincy Williams,zoneCover,0,5
Quincy Williams,Quincy Williams,catching,0,5
Quincy Williams,Quincy Williams,routeRun,0,5
Ja'Quan McMillian,Ja'Quan McMillian,rating,84,79
Ja'Quan McMillian,Ja'Quan McMillian,speed,88,90
Ja'Quan McMillian,Ja'Quan McMillian,power,88,83
Ja'Quan McMillian,Ja'Quan McMillian,agility,97,92
Ja'Quan McMillian,Ja'Quan McMillian,burst,93,88
Ja'Quan McMillian,Ja'Quan McMillian,intelligence,89,84
Ja'Quan McMillian,Ja'Quan McMillian,tackle,75,70
Ja'Quan McMillian,Ja'Quan McMillian,manCover,93,88
Ja'Quan McMillian,Ja'Quan McMillian,zoneCover,90,85
Ja'Quan McMillian,Ja'Quan McMillian,catching,0,5
Ja'Quan McMillian,Ja'Quan McMillian,routeRun,0,5
Reed Blankenship,Reed Blankenship,rating,74,79
Reed Blankenship,Reed Blankenship,speed,84,87
Reed Blankenship,Reed Blankenship,power,83,78
Reed Blankenship,Reed Blankenship,agility,91,86
Reed Blankenship,Reed Blankenship,burst,79,84
Reed Blankenship,Reed Blankenship,intelligence,90,85
Reed Blankenship,Reed Blankenship,tackle,82,77
Reed Blankenship,Reed Blankenship,manCover,79,74
Reed Blankenship,Reed Blankenship,zoneCover,82,77
Reed Blankenship,Reed Blankenship,catching,0,5
Reed Blankenship,Reed Blankenship,routeRun,0,5
Mike Gesicki,Mike Gesicki,rating,76,78
Mike Gesicki,Mike Gesicki,speed,80,84
Mike Gesicki,Mike Gesicki,power,80,76
Mike Gesicki,Mike Gesicki,agility,85,86
Mike Gesicki,Mike Gesicki,burst,83,87
Mike Gesicki,Mike Gesicki,intelligence,77,74
Mike Gesicki,Mike Gesicki,tackle,0,5
Mike Gesicki,Mike Gesicki,manCover,0,5
Mike Gesicki,Mike Gesicki,zoneCover,0,5
Mike Gesicki,Mike Gesicki,catching,92,88
Mike Gesicki,Mike Gesicki,routeRun,90,85
Evan Engram,Evan Engram,rating,76,78
Evan Engram,Evan Engram,speed,83,86
Evan Engram,Evan Engram,power,78,73
Evan Engram,Evan Engram,agility,93,88
Evan Engram,Evan Engram,burst,78,83
Evan Engram,Evan Engram,intelligence,89,84
Evan Engram,Evan Engram,tackle,0,5
Evan Engram,Evan Engram,manCover,0,5
Evan Engram,Evan Engram,zoneCover,0,5
Evan Engram,Evan Engram,catching,94,89
Evan Engram,Evan Engram,routeRun,89,84
Jaxson Dart,Jaxson Dart,rating,83,78
Jaxson Dart,Jaxson Dart,speed,90,85
Jaxson Dart,Jaxson Dart,power,84,79
Jaxson Dart,Jaxson Dart,agility,87,82
Jaxson Dart,Jaxson Dart,burst,96,91
Jaxson Dart,Jaxson Dart,intelligence,84,79
Jaxson Dart,Jaxson Dart,tackle,0,5
Jaxson Dart,Jaxson Dart,manCover,0,5
Jaxson Dart,Jaxson Dart,zoneCover,0,5
Jaxson Dart,Jaxson Dart,catching,0,5
Jaxson Dart,Jaxson Dart,routeRun,0,5
Ar'Darius Washington,Ar'Darius Washington,rating,76,78
Ar'Darius Washington,Ar'Darius Washington,speed,82,84
Ar'Darius Washington,Ar'Darius Washington,power,75,70
Ar'Darius Washington,Ar'Darius Washington,agility,78,80
Ar'Darius Washington,Ar'Darius Washington,burst,84,86
Ar'Darius Washington,Ar'Darius Washington,intelligence,97,92
Ar'Darius Washington,Ar'Darius Washington,tackle,75,70
Ar'Darius Washington,Ar'Darius Washington,manCover,93,88
Ar'Darius Washington,Ar'Darius Washington,zoneCover,85,81
Ar'Darius Washington,Ar'Darius Washington,catching,0,5
Ar'Darius Washington,Ar'Darius Washington,routeRun,0,5
David Onyemata,David Onyemata,rating,73,78
David Onyemata,David Onyemata,speed,73,72
David Onyemata,David Onyemata,power,77,82
David Onyemata,David Onyemata,agility,76,71
David Onyemata,David Onyemata,burst,88,83
David Onyemata,David Onyemata,tackle,81,86
David Onyemata,David Onyemata,manCover,0,5
David Onyemata,David Onyemata,zoneCover,0,5
David Onyemata,David Onyemata,catching,0,5
David Onyemata,David Onyemata,routeRun,0,5
Amani Hooker,Amani Hooker,rating,73,78
Amani Hooker,Amani Hooker,speed,86,87
Amani Hooker,Amani Hooker,power,81,76
Amani Hooker,Amani Hooker,agility,84,87
Amani Hooker,Amani Hooker,burst,82,87
Amani Hooker,Amani Hooker,intelligence,77,82
Amani Hooker,Amani Hooker,tackle,90,85
Amani Hooker,Amani Hooker,manCover,77,72
Amani Hooker,Amani Hooker,zoneCover,88,83
Amani Hooker,Amani Hooker,catching,0,5
Amani Hooker,Amani Hooker,routeRun,0,5
Calvin Ridley,Calvin Ridley,rating,73,78
Calvin Ridley,Calvin Ridley,power,82,77
Calvin Ridley,Calvin Ridley,agility,87,91
Calvin Ridley,Calvin Ridley,intelligence,79,76
Calvin Ridley,Calvin Ridley,tackle,0,5
Calvin Ridley,Calvin Ridley,manCover,0,5
Calvin Ridley,Calvin Ridley,zoneCover,0,5
Calvin Ridley,Calvin Ridley,catching,80,82
Calvin Ridley,Calvin Ridley,routeRun,88,83
Rachaad White,Rachaad White,rating,83,78
Rachaad White,Rachaad White,power,88,83
Rachaad White,Rachaad White,agility,78,83
Rachaad White,Rachaad White,burst,74,79
Rachaad White,Rachaad White,intelligence,83,79
Rachaad White,Rachaad White,tackle,0,5
Rachaad White,Rachaad White,manCover,0,5
Rachaad White,Rachaad White,zoneCover,0,5
Rachaad White,Rachaad White,catching,87,82
Rachaad White,Rachaad White,routeRun,72,67
Andrew Wingard,Andrew Wingard,rating,72,77
Andrew Wingard,Andrew Wingard,speed,86,88
Andrew Wingard,Andrew Wingard,power,83,78
Andrew Wingard,Andrew Wingard,agility,79,84
Andrew Wingard,Andrew Wingard,burst,75,80
Andrew Wingard,Andrew Wingard,intelligence,77,81
Andrew Wingard,Andrew Wingard,tackle,82,77
Andrew Wingard,Andrew Wingard,manCover,89,84
Andrew Wingard,Andrew Wingard,zoneCover,80,78
Andrew Wingard,Andrew Wingard,catching,0,5
Andrew Wingard,Andrew Wingard,routeRun,0,5
Will Johnson,Will Johnson,rating,72,77
Will Johnson,Will Johnson,speed,88,89
Will Johnson,Will Johnson,power,81,76
Will Johnson,Will Johnson,agility,89,86
Will Johnson,Will Johnson,burst,91,90
Will Johnson,Will Johnson,intelligence,85,84
Will Johnson,Will Johnson,tackle,74,69
Will Johnson,Will Johnson,manCover,80,75
Will Johnson,Will Johnson,zoneCover,67,72
Will Johnson,Will Johnson,catching,0,5
Will Johnson,Will Johnson,routeRun,0,5
Justice Hill,Justice Hill,rating,82,77
Justice Hill,Justice Hill,speed,75,80
Justice Hill,Justice Hill,power,80,75
Justice Hill,Justice Hill,agility,82,87
Justice Hill,Justice Hill,burst,79,84
Justice Hill,Justice Hill,intelligence,92,87
Justice Hill,Justice Hill,tackle,0,5
Justice Hill,Justice Hill,manCover,0,5
Justice Hill,Justice Hill,zoneCover,0,5
Justice Hill,Justice Hill,catching,82,77
Justice Hill,Justice Hill,routeRun,80,75
Teair Tart,Teair Tart,rating,82,77
Teair Tart,Teair Tart,speed,90,85
Teair Tart,Teair Tart,power,82,87
Teair Tart,Teair Tart,agility,87,82
Teair Tart,Teair Tart,burst,81,76
Teair Tart,Teair Tart,intelligence,82,81
Teair Tart,Teair Tart,tackle,91,86
Teair Tart,Teair Tart,manCover,0,5
Teair Tart,Teair Tart,zoneCover,0,5
Teair Tart,Teair Tart,catching,0,5
Teair Tart,Teair Tart,routeRun,0,5
Theo Johnson,Theo Johnson,rating,72,77
Theo Johnson,Theo Johnson,speed,80,85
Theo Johnson,Theo Johnson,power,86,81
Theo Johnson,Theo Johnson,burst,86,90
Theo Johnson,Theo Johnson,intelligence,88,83
Theo Johnson,Theo Johnson,tackle,0,5
Theo Johnson,Theo Johnson,manCover,0,5
Theo Johnson,Theo Johnson,zoneCover,0,5
Theo Johnson,Theo Johnson,catching,76,81
Theo Johnson,Theo Johnson,routeRun,88,83
Eddy Pineiro,Eddy Pineiro,rating,75,77
Eddy Pineiro,Eddy Pineiro,speed,80,75
Eddy Pineiro,Eddy Pineiro,power,80,75
Eddy Pineiro,Eddy Pineiro,agility,73,68
Eddy Pineiro,Eddy Pineiro,intelligence,82,77
Eddy Pineiro,Eddy Pineiro,tackle,0,5
Eddy Pineiro,Eddy Pineiro,manCover,0,5
Eddy Pineiro,Eddy Pineiro,zoneCover,0,5
Eddy Pineiro,Eddy Pineiro,catching,0,5
Eddy Pineiro,Eddy Pineiro,routeRun,0,5
Samson Ebukam,Samson Ebukam,rating,71,76
Samson Ebukam,Samson Ebukam,speed,79,83
Samson Ebukam,Samson Ebukam,power,74,79
Samson Ebukam,Samson Ebukam,agility,92,87
Samson Ebukam,Samson Ebukam,burst,77,82
Samson Ebukam,Samson Ebukam,intelligence,83,78
Samson Ebukam,Samson Ebukam,tackle,73,78
Samson Ebukam,Samson Ebukam,manCover,0,5
Samson Ebukam,Samson Ebukam,zoneCover,0,5
Samson Ebukam,Samson Ebukam,catching,0,5
Samson Ebukam,Samson Ebukam,routeRun,0,5
Dee Alford,Dee Alford,rating,74,76
Dee Alford,Dee Alford,speed,78,83
Dee Alford,Dee Alford,power,88,83
Dee Alford,Dee Alford,agility,69,74
Dee Alford,Dee Alford,burst,78,83
Dee Alford,Dee Alford,intelligence,77,78
Dee Alford,Dee Alford,tackle,87,82
Dee Alford,Dee Alford,manCover,86,81
Dee Alford,Dee Alford,zoneCover,91,86
Dee Alford,Dee Alford,catching,0,5
Dee Alford,Dee Alford,routeRun,0,5
Tyrique Stevenson,Tyrique Stevenson Sr,rating,71,76
Tyrique Stevenson,Tyrique Stevenson Sr,speed,83,88
Tyrique Stevenson,Tyrique Stevenson Sr,power,73,68
Tyrique Stevenson,Tyrique Stevenson Sr,agility,69,74
Tyrique Stevenson,Tyrique Stevenson Sr,burst,81,86
Tyrique Stevenson,Tyrique Stevenson Sr,intelligence,84,79
Tyrique Stevenson,Tyrique Stevenson Sr,tackle,76,71
Tyrique Stevenson,Tyrique Stevenson Sr,manCover,89,84
Tyrique Stevenson,Tyrique Stevenson Sr,zoneCover,84,79
Tyrique Stevenson,Tyrique Stevenson Sr,catching,0,5
Tyrique Stevenson,Tyrique Stevenson Sr,routeRun,0,5
Ted Karras,Ted Karras,rating,71,76
Ted Karras,Ted Karras,speed,76,71
Ted Karras,Ted Karras,power,88,86
Ted Karras,Ted Karras,agility,80,75
Ted Karras,Ted Karras,burst,80,75
Ted Karras,Ted Karras,intelligence,80,79
Ted Karras,Ted Karras,tackle,0,5
Ted Karras,Ted Karras,manCover,0,5
Ted Karras,Ted Karras,zoneCover,0,5
Ted Karras,Ted Karras,catching,0,5
Ted Karras,Ted Karras,routeRun,0,5
Devaughn Vele,Devaughn Vele,rating,81,76
Devaughn Vele,Devaughn Vele,speed,72,77
Devaughn Vele,Devaughn Vele,power,80,75
Devaughn Vele,Devaughn Vele,agility,94,89
Devaughn Vele,Devaughn Vele,burst,84,89
Devaughn Vele,Devaughn Vele,intelligence,77,80
Devaughn Vele,Devaughn Vele,tackle,0,5
Devaughn Vele,Devaughn Vele,manCover,0,5
Devaughn Vele,Devaughn Vele,zoneCover,0,5
Devaughn Vele,Devaughn Vele,catching,84,88
Devaughn Vele,Devaughn Vele,routeRun,89,84
Oronde Gadsden II,Oronde Gadsden,rating,80,75
Oronde Gadsden II,Oronde Gadsden,speed,84,86
Oronde Gadsden II,Oronde Gadsden,power,85,80
Oronde Gadsden II,Oronde Gadsden,burst,94,89
Oronde Gadsden II,Oronde Gadsden,intelligence,80,79
Oronde Gadsden II,Oronde Gadsden,tackle,0,5
Oronde Gadsden II,Oronde Gadsden,manCover,0,5
Oronde Gadsden II,Oronde Gadsden,zoneCover,0,5
Oronde Gadsden II,Oronde Gadsden,catching,85,82
Oronde Gadsden II,Oronde Gadsden,routeRun,91,86
Keaton Mitchell,Keaton Mitchell,rating,70,75
Keaton Mitchell,Keaton Mitchell,speed,98,94
Keaton Mitchell,Keaton Mitchell,power,68,63
Keaton Mitchell,Keaton Mitchell,agility,87,82
Keaton Mitchell,Keaton Mitchell,burst,99,95
Keaton Mitchell,Keaton Mitchell,tackle,0,5
Keaton Mitchell,Keaton Mitchell,manCover,0,5
Keaton Mitchell,Keaton Mitchell,zoneCover,0,5
Keaton Mitchell,Keaton Mitchell,catching,77,72
Keaton Mitchell,Keaton Mitchell,routeRun,80,75
Donovan Jackson,Donovan Jackson,rating,70,75
Donovan Jackson,Donovan Jackson,speed,71,67
Donovan Jackson,Donovan Jackson,power,86,90
Donovan Jackson,Donovan Jackson,agility,90,85
Donovan Jackson,Donovan Jackson,burst,75,72
Donovan Jackson,Donovan Jackson,intelligence,70,75
Donovan Jackson,Donovan Jackson,tackle,0,5
Donovan Jackson,Donovan Jackson,manCover,0,5
Donovan Jackson,Donovan Jackson,zoneCover,0,5
Donovan Jackson,Donovan Jackson,catching,0,5
Donovan Jackson,Donovan Jackson,routeRun,0,5
Grey Zabel,Grey Zabel,rating,80,75
Grey Zabel,Grey Zabel,speed,85,80
Grey Zabel,Grey Zabel,agility,73,68
Grey Zabel,Grey Zabel,burst,91,86
Grey Zabel,Grey Zabel,intelligence,80,78
Grey Zabel,Grey Zabel,tackle,0,5
Grey Zabel,Grey Zabel,manCover,0,5
Grey Zabel,Grey Zabel,zoneCover,0,5
Grey Zabel,Grey Zabel,catching,0,5
Grey Zabel,Grey Zabel,routeRun,0,5
Drake Thomas,Drake Thomas,rating,80,75
Drake Thomas,Drake Thomas,speed,93,88
Drake Thomas,Drake Thomas,power,76,71
Drake Thomas,Drake Thomas,agility,93,88
Drake Thomas,Drake Thomas,burst,84,87
Drake Thomas,Drake Thomas,intelligence,79,78
Drake Thomas,Drake Thomas,tackle,94,89
Drake Thomas,Drake Thomas,manCover,77,72
Drake Thomas,Drake Thomas,zoneCover,87,82
Drake Thomas,Drake Thomas,catching,0,5
Drake Thomas,Drake Thomas,routeRun,0,5
Cade Otton,Cade Otton,rating,80,75
Cade Otton,Cade Otton,speed,85,81
Cade Otton,Cade Otton,power,82,77
Cade Otton,Cade Otton,agility,86,81
Cade Otton,Cade Otton,burst,84,83
Cade Otton,Cade Otton,intelligence,82,78
Cade Otton,Cade Otton,tackle,0,5
Cade Otton,Cade Otton,manCover,0,5
Cade Otton,Cade Otton,zoneCover,0,5
Cade Otton,Cade Otton,catching,89,87
Cade Otton,Cade Otton,routeRun,89,84
Blake Gillikin,Blake Gillikin,rating,69,74
Blake Gillikin,Blake Gillikin,speed,78,73
Blake Gillikin,Blake Gillikin,power,84,79
Blake Gillikin,Blake Gillikin,agility,85,80
Blake Gillikin,Blake Gillikin,intelligence,81,76
Blake Gillikin,Blake Gillikin,tackle,0,5
Blake Gillikin,Blake Gillikin,manCover,0,5
Blake Gillikin,Blake Gillikin,zoneCover,0,5
Blake Gillikin,Blake Gillikin,catching,0,5
Blake Gillikin,Blake Gillikin,routeRun,0,5
Dalton Risner,Dalton Risner,rating,69,74
Dalton Risner,Dalton Risner,speed,76,71
Dalton Risner,Dalton Risner,power,92,87
Dalton Risner,Dalton Risner,agility,80,75
Dalton Risner,Dalton Risner,burst,80,75
Dalton Risner,Dalton Risner,intelligence,79,81
Dalton Risner,Dalton Risner,tackle,0,5
Dalton Risner,Dalton Risner,manCover,0,5
Dalton Risner,Dalton Risner,zoneCover,0,5
Dalton Risner,Dalton Risner,catching,0,5
Dalton Risner,Dalton Risner,routeRun,0,5
Christian Izien,Christian Izien,rating,69,74
Christian Izien,Christian Izien,speed,78,83
Christian Izien,Christian Izien,power,87,82
Christian Izien,Christian Izien,agility,80,85
Christian Izien,Christian Izien,burst,80,85
Christian Izien,Christian Izien,intelligence,73,75
Christian Izien,Christian Izien,tackle,85,80
Christian Izien,Christian Izien,manCover,79,74
Christian Izien,Christian Izien,zoneCover,79,74
Christian Izien,Christian Izien,catching,0,5
Christian Izien,Christian Izien,routeRun,0,5
Robert Hainsey,Robert Hainsey,rating,69,74
Robert Hainsey,Robert Hainsey,speed,71,66
Robert Hainsey,Robert Hainsey,power,83,87
Robert Hainsey,Robert Hainsey,agility,86,81
Robert Hainsey,Robert Hainsey,burst,80,75
Robert Hainsey,Robert Hainsey,intelligence,79,82
Robert Hainsey,Robert Hainsey,tackle,0,5
Robert Hainsey,Robert Hainsey,manCover,0,5
Robert Hainsey,Robert Hainsey,zoneCover,0,5
Robert Hainsey,Robert Hainsey,catching,0,5
Robert Hainsey,Robert Hainsey,routeRun,0,5
Nohl Williams,Nohl Williams,rating,72,74
Nohl Williams,Nohl Williams,speed,82,87
Nohl Williams,Nohl Williams,power,86,81
Nohl Williams,Nohl Williams,agility,70,75
Nohl Williams,Nohl Williams,burst,84,89
Nohl Williams,Nohl Williams,intelligence,78,75
Nohl Williams,Nohl Williams,tackle,85,80
Nohl Williams,Nohl Williams,manCover,72,76
Nohl Williams,Nohl Williams,zoneCover,82,77
Nohl Williams,Nohl Williams,catching,0,5
Nohl Williams,Nohl Williams,routeRun,0,5
Tyler Davis,Tyler Davis,rating,76,74
Tyler Davis,Tyler Davis,speed,71,72
Tyler Davis,Tyler Davis,power,83,88
Tyler Davis,Tyler Davis,agility,75,70
Tyler Davis,Tyler Davis,burst,85,80
Tyler Davis,Tyler Davis,intelligence,81,76
Tyler Davis,Tyler Davis,tackle,81,86
Tyler Davis,Tyler Davis,manCover,0,5
Tyler Davis,Tyler Davis,zoneCover,0,5
Tyler Davis,Tyler Davis,catching,0,5
Tyler Davis,Tyler Davis,routeRun,0,4
Jason Pinnock,Jason Pinnock,rating,68,73
Jason Pinnock,Jason Pinnock,speed,75,80
Jason Pinnock,Jason Pinnock,power,72,67
Jason Pinnock,Jason Pinnock,burst,81,86
Jason Pinnock,Jason Pinnock,intelligence,82,77
Jason Pinnock,Jason Pinnock,tackle,77,72
Jason Pinnock,Jason Pinnock,manCover,89,84
Jason Pinnock,Jason Pinnock,zoneCover,83,78
Jason Pinnock,Jason Pinnock,catching,0,5
Jason Pinnock,Jason Pinnock,routeRun,0,5
Josh Conerly Jr.,Josh Conerly Jr,rating,75,73
Josh Conerly Jr.,Josh Conerly Jr,speed,79,74
Josh Conerly Jr.,Josh Conerly Jr,power,81,82
Josh Conerly Jr.,Josh Conerly Jr,agility,80,75
Josh Conerly Jr.,Josh Conerly Jr,burst,89,84
Josh Conerly Jr.,Josh Conerly Jr,intelligence,70,73
Josh Conerly Jr.,Josh Conerly Jr,tackle,0,5
Josh Conerly Jr.,Josh Conerly Jr,manCover,0,5
Josh Conerly Jr.,Josh Conerly Jr,zoneCover,0,5
Josh Conerly Jr.,Josh Conerly Jr,catching,0,5
Josh Conerly Jr.,Josh Conerly Jr,routeRun,0,5
Jacoby Brissett,Jacoby Brissett,rating,77,72
Jacoby Brissett,Jacoby Brissett,speed,82,81
Jacoby Brissett,Jacoby Brissett,power,89,84
Jacoby Brissett,Jacoby Brissett,agility,78,77
Jacoby Brissett,Jacoby Brissett,burst,83,78
Jacoby Brissett,Jacoby Brissett,intelligence,82,77
Jacoby Brissett,Jacoby Brissett,tackle,0,5
Jacoby Brissett,Jacoby Brissett,manCover,0,5
Jacoby Brissett,Jacoby Brissett,zoneCover,0,5
Jacoby Brissett,Jacoby Brissett,catching,0,5
Jacoby Brissett,Jacoby Brissett,routeRun,0,5
Isaiah McGuire,Isaiah McGuire,rating,77,72
Isaiah McGuire,Isaiah McGuire,speed,82,79
Isaiah McGuire,Isaiah McGuire,power,93,88
Isaiah McGuire,Isaiah McGuire,agility,80,75
Isaiah McGuire,Isaiah McGuire,burst,77,82
Isaiah McGuire,Isaiah McGuire,intelligence,83,78
Isaiah McGuire,Isaiah McGuire,tackle,83,79
Isaiah McGuire,Isaiah McGuire,manCover,0,5
Isaiah McGuire,Isaiah McGuire,zoneCover,0,5
Isaiah McGuire,Isaiah McGuire,catching,0,5
Isaiah McGuire,Isaiah McGuire,routeRun,0,5
Ennis Rakestraw Jr.,Ennis Rakestraw Jr,rating,77,72
Ennis Rakestraw Jr.,Ennis Rakestraw Jr,speed,80,85
Ennis Rakestraw Jr.,Ennis Rakestraw Jr,power,87,82
Ennis Rakestraw Jr.,Ennis Rakestraw Jr,agility,78,83
Ennis Rakestraw Jr.,Ennis Rakestraw Jr,burst,77,82
Ennis Rakestraw Jr.,Ennis Rakestraw Jr,intelligence,94,89
Ennis Rakestraw Jr.,Ennis Rakestraw Jr,tackle,81,76
Ennis Rakestraw Jr.,Ennis Rakestraw Jr,manCover,93,88
Ennis Rakestraw Jr.,Ennis Rakestraw Jr,catching,0,5
Ennis Rakestraw Jr.,Ennis Rakestraw Jr,routeRun,0,5
Christian Mahogany,Christian Mahogany,rating,74,72
Christian Mahogany,Christian Mahogany,speed,64,68
Christian Mahogany,Christian Mahogany,power,77,82
Christian Mahogany,Christian Mahogany,agility,87,82
Christian Mahogany,Christian Mahogany,burst,81,76
Christian Mahogany,Christian Mahogany,intelligence,89,84
Christian Mahogany,Christian Mahogany,tackle,0,5
Christian Mahogany,Christian Mahogany,manCover,0,5
Christian Mahogany,Christian Mahogany,zoneCover,0,5
Christian Mahogany,Christian Mahogany,catching,0,5
Christian Mahogany,Christian Mahogany,routeRun,0,5
Michael Mayer,Michael Mayer,rating,77,72
Michael Mayer,Michael Mayer,speed,66,71
Michael Mayer,Michael Mayer,power,80,79
Michael Mayer,Michael Mayer,agility,85,80
Michael Mayer,Michael Mayer,burst,87,86
Michael Mayer,Michael Mayer,intelligence,76,71
Michael Mayer,Michael Mayer,tackle,0,5
Michael Mayer,Michael Mayer,manCover,0,5
Michael Mayer,Michael Mayer,zoneCover,0,5
Michael Mayer,Michael Mayer,catching,76,81
Michael Mayer,Michael Mayer,routeRun,78,73
Marcus Mariota,Marcus Mariota,rating,74,72
Marcus Mariota,Marcus Mariota,speed,82,86
Marcus Mariota,Marcus Mariota,power,79,74
Marcus Mariota,Marcus Mariota,agility,89,85
Marcus Mariota,Marcus Mariota,burst,81,86
Marcus Mariota,Marcus Mariota,intelligence,75,73
Marcus Mariota,Marcus Mariota,tackle,0,5
Marcus Mariota,Marcus Mariota,manCover,0,5
Marcus Mariota,Marcus Mariota,zoneCover,0,5
Marcus Mariota,Marcus Mariota,catching,0,5
Marcus Mariota,Marcus Mariota,routeRun,0,5
Luke Fortner,Luke Fortner,rating,66,71
Luke Fortner,Luke Fortner,speed,84,79
Luke Fortner,Luke Fortner,power,76,81
Luke Fortner,Luke Fortner,agility,74,69
Luke Fortner,Luke Fortner,burst,73,72
Luke Fortner,Luke Fortner,intelligence,84,79
Luke Fortner,Luke Fortner,tackle,0,5
Luke Fortner,Luke Fortner,manCover,0,5
Luke Fortner,Luke Fortner,zoneCover,0,5
Luke Fortner,Luke Fortner,catching,0,5
Luke Fortner,Luke Fortner,routeRun,0,5
D'Marco Jackson,D'Marco Jackson,rating,76,71
D'Marco Jackson,D'Marco Jackson,power,92,87
D'Marco Jackson,D'Marco Jackson,agility,74,77
D'Marco Jackson,D'Marco Jackson,burst,87,92
D'Marco Jackson,D'Marco Jackson,intelligence,83,78
D'Marco Jackson,D'Marco Jackson,tackle,81,83
D'Marco Jackson,D'Marco Jackson,manCover,0,5
D'Marco Jackson,D'Marco Jackson,zoneCover,0,5
D'Marco Jackson,D'Marco Jackson,catching,0,5
D'Marco Jackson,D'Marco Jackson,routeRun,0,5
Jordan Phillips,Jordan Phillips,rating,76,71
Jordan Phillips,Jordan Phillips,speed,89,84
Jordan Phillips,Jordan Phillips,power,85,89
Jordan Phillips,Jordan Phillips,agility,75,70
Jordan Phillips,Jordan Phillips,burst,86,81
Jordan Phillips,Jordan Phillips,intelligence,76,71
Jordan Phillips,Jordan Phillips,tackle,74,79
Jordan Phillips,Jordan Phillips,manCover,0,5
Jordan Phillips,Jordan Phillips,zoneCover,0,5
Jordan Phillips,Jordan Phillips,catching,0,5
Jordan Phillips,Jordan Phillips,routeRun,0,5
Mac McWilliams,Mac McWilliams,rating,76,71
Mac McWilliams,Mac McWilliams,speed,79,84
Mac McWilliams,Mac McWilliams,power,80,75
Mac McWilliams,Mac McWilliams,agility,83,86
Mac McWilliams,Mac McWilliams,burst,81,86
Mac McWilliams,Mac McWilliams,intelligence,81,76
Mac McWilliams,Mac McWilliams,tackle,86,81
Mac McWilliams,Mac McWilliams,manCover,82,77
Mac McWilliams,Mac McWilliams,zoneCover,77,73
Mac McWilliams,Mac McWilliams,catching,0,5
Mac McWilliams,Mac McWilliams,routeRun,0,5
Sean Tucker,Sean Tucker,rating,69,71
Sean Tucker,Sean Tucker,speed,75,80
Sean Tucker,Sean Tucker,power,90,85
Sean Tucker,Sean Tucker,agility,80,82
Sean Tucker,Sean Tucker,burst,75,80
Sean Tucker,Sean Tucker,intelligence,80,77
Sean Tucker,Sean Tucker,tackle,0,5
Sean Tucker,Sean Tucker,manCover,0,5
Sean Tucker,Sean Tucker,zoneCover,0,5
Sean Tucker,Sean Tucker,catching,78,73
Sean Tucker,Sean Tucker,routeRun,77,72
Durham Smythe,Durham Smythe,rating,65,70
Durham Smythe,Durham Smythe,speed,71,76
Durham Smythe,Durham Smythe,power,76,75
Durham Smythe,Durham Smythe,agility,85,80
Durham Smythe,Durham Smythe,burst,77,82
Durham Smythe,Durham Smythe,intelligence,84,79
Durham Smythe,Durham Smythe,tackle,0,5
Durham Smythe,Durham Smythe,manCover,0,5
Durham Smythe,Durham Smythe,zoneCover,0,5
Durham Smythe,Durham Smythe,catching,83,86
Durham Smythe,Durham Smythe,routeRun,76,71
Cedric Johnson,Cedric Johnson,rating,68,70
Cedric Johnson,Cedric Johnson,speed,78,83
Cedric Johnson,Cedric Johnson,power,74,79
Cedric Johnson,Cedric Johnson,agility,88,83
Cedric Johnson,Cedric Johnson,burst,76,81
Cedric Johnson,Cedric Johnson,intelligence,82,77
Cedric Johnson,Cedric Johnson,tackle,81,76
Cedric Johnson,Cedric Johnson,manCover,0,5
Cedric Johnson,Cedric Johnson,zoneCover,0,5
Cedric Johnson,Cedric Johnson,catching,0,5
Cedric Johnson,Cedric Johnson,routeRun,0,5
Mekhi Wingo,Mekhi Wingo,rating,65,70
Mekhi Wingo,Mekhi Wingo,speed,78,77
Mekhi Wingo,Mekhi Wingo,agility,80,75
Mekhi Wingo,Mekhi Wingo,burst,75,80
Mekhi Wingo,Mekhi Wingo,intelligence,83,78
Mekhi Wingo,Mekhi Wingo,tackle,82,83
Mekhi Wingo,Mekhi Wingo,manCover,0,5
Mekhi Wingo,Mekhi Wingo,zoneCover,0,5
Mekhi Wingo,Mekhi Wingo,catching,0,5
Mekhi Wingo,Mekhi Wingo,routeRun,0,5
Larry Borom,Larry Borom,rating,65,70
Larry Borom,Larry Borom,speed,76,71
Larry Borom,Larry Borom,power,74,79
Larry Borom,Larry Borom,agility,78,73
Larry Borom,Larry Borom,burst,79,74
Larry Borom,Larry Borom,intelligence,68,73
Larry Borom,Larry Borom,tackle,0,5
Larry Borom,Larry Borom,manCover,0,5
Larry Borom,Larry Borom,zoneCover,0,5
Larry Borom,Larry Borom,catching,0,5
Larry Borom,Larry Borom,routeRun,0,5
Savion Williams,Savion Williams,rating,65,70
Savion Williams,Savion Williams,speed,70,75
Savion Williams,Savion Williams,power,77,72
Savion Williams,Savion Williams,agility,79,84
Savion Williams,Savion Williams,burst,69,74
Savion Williams,Savion Williams,intelligence,70,75
Savion Williams,Savion Williams,tackle,0,5
Savion Williams,Savion Williams,manCover,0,5
Savion Williams,Savion Williams,zoneCover,0,5
Savion Williams,Savion Williams,routeRun,82,77
Justin Walley,Justin Walley,rating,72,70
Justin Walley,Justin Walley,speed,75,80
Justin Walley,Justin Walley,power,85,80
Justin Walley,Justin Walley,agility,80,83
Justin Walley,Justin Walley,burst,83,88
Justin Walley,Justin Walley,intelligence,87,82
Justin Walley,Justin Walley,tackle,84,79
Justin Walley,Justin Walley,manCover,86,81
Justin Walley,Justin Walley,zoneCover,71,75
Justin Walley,Justin Walley,catching,0,5
Justin Walley,Justin Walley,routeRun,0,5
Logan Lee,Logan Lee,rating,65,70
Logan Lee,Logan Lee,speed,79,74
Logan Lee,Logan Lee,power,79,83
Logan Lee,Logan Lee,agility,85,80
Logan Lee,Logan Lee,burst,70,73
Logan Lee,Logan Lee,intelligence,71,70
Logan Lee,Logan Lee,tackle,73,78
Logan Lee,Logan Lee,manCover,0,5
Logan Lee,Logan Lee,zoneCover,0,5
Logan Lee,Logan Lee,catching,0,5
Logan Lee,Logan Lee,routeRun,0,5
Tatum Bethune,Tatum Bethune,rating,65,70
Tatum Bethune,Tatum Bethune,speed,77,81
Tatum Bethune,Tatum Bethune,power,66,67
Tatum Bethune,Tatum Bethune,agility,80,83
Tatum Bethune,Tatum Bethune,burst,78,83
Tatum Bethune,Tatum Bethune,intelligence,81,76
Tatum Bethune,Tatum Bethune,manCover,74,69
Tatum Bethune,Tatum Bethune,zoneCover,81,76
Tatum Bethune,Tatum Bethune,catching,0,5
Tatum Bethune,Tatum Bethune,routeRun,0,5
Oren Burks,Oren Burks,rating,74,69
Oren Burks,Oren Burks,speed,78,83
Oren Burks,Oren Burks,power,76,72
Oren Burks,Oren Burks,agility,77,82
Oren Burks,Oren Burks,burst,82,85
Oren Burks,Oren Burks,intelligence,82,77
Oren Burks,Oren Burks,tackle,81,78
Oren Burks,Oren Burks,manCover,0,5
Oren Burks,Oren Burks,zoneCover,0,5
Oren Burks,Oren Burks,catching,0,5
Oren Burks,Oren Burks,routeRun,0,5
Jalen Sundell,Jalen Sundell,rating,71,69
Jalen Sundell,Jalen Sundell,speed,86,81
Jalen Sundell,Jalen Sundell,power,82,84
Jalen Sundell,Jalen Sundell,agility,75,70
Jalen Sundell,Jalen Sundell,burst,80,75
Jalen Sundell,Jalen Sundell,intelligence,90,85
Jalen Sundell,Jalen Sundell,tackle,0,5
Jalen Sundell,Jalen Sundell,manCover,0,5
Jalen Sundell,Jalen Sundell,zoneCover,0,5
Jalen Sundell,Jalen Sundell,catching,0,5
Jalen Sundell,Jalen Sundell,routeRun,0,5
Dylan Laube,Dylan Laube,rating,73,68
Dylan Laube,Dylan Laube,speed,84,88
Dylan Laube,Dylan Laube,power,87,82
Dylan Laube,Dylan Laube,agility,71,76
Dylan Laube,Dylan Laube,burst,79,84
Dylan Laube,Dylan Laube,intelligence,88,83
Dylan Laube,Dylan Laube,tackle,0,5
Dylan Laube,Dylan Laube,manCover,0,5
Dylan Laube,Dylan Laube,zoneCover,0,5
Dylan Laube,Dylan Laube,catching,92,87
Dylan Laube,Dylan Laube,routeRun,89,84
Alex Forsyth,Alex Forsyth,rating,72,67
Alex Forsyth,Alex Forsyth,speed,78,73
Alex Forsyth,Alex Forsyth,power,79,84
Alex Forsyth,Alex Forsyth,agility,74,69
Alex Forsyth,Alex Forsyth,burst,82,77
Alex Forsyth,Alex Forsyth,intelligence,74,71
Alex Forsyth,Alex Forsyth,tackle,0,5
Alex Forsyth,Alex Forsyth,manCover,0,5
Alex Forsyth,Alex Forsyth,zoneCover,0,5
Alex Forsyth,Alex Forsyth,catching,0,5
Alex Forsyth,Alex Forsyth,routeRun,0,5
Giovanni Manu,Giovanni Manu,rating,72,67
Giovanni Manu,Giovanni Manu,speed,88,83
Giovanni Manu,Giovanni Manu,power,85,86
Giovanni Manu,Giovanni Manu,agility,80,75
Giovanni Manu,Giovanni Manu,burst,78,75
Giovanni Manu,Giovanni Manu,intelligence,72,67
Giovanni Manu,Giovanni Manu,tackle,0,5
Giovanni Manu,Giovanni Manu,manCover,0,5
Giovanni Manu,Giovanni Manu,zoneCover,0,5
Giovanni Manu,Giovanni Manu,catching,0,5
Giovanni Manu,Giovanni Manu,routeRun,0,5
Dylan Horton,Dylan Horton,rating,72,67
Dylan Horton,Dylan Horton,speed,69,74
Dylan Horton,Dylan Horton,power,69,73
Dylan Horton,Dylan Horton,agility,88,83
Dylan Horton,Dylan Horton,burst,83,82
Dylan Horton,Dylan Horton,intelligence,74,69
Dylan Horton,Dylan Horton,tackle,76,81
Dylan Horton,Dylan Horton,manCover,0,5
Dylan Horton,Dylan Horton,zoneCover,0,5
Dylan Horton,Dylan Horton,catching,0,5
Dylan Horton,Dylan Horton,routeRun,0,5
Deane Leonard,Deane Leonard,rating,62,67
Deane Leonard,Deane Leonard,speed,64,69
Deane Leonard,Deane Leonard,power,79,74
Deane Leonard,Deane Leonard,agility,83,81
Deane Leonard,Deane Leonard,burst,74,79
Deane Leonard,Deane Leonard,intelligence,84,79
Deane Leonard,Deane Leonard,tackle,70,65
Deane Leonard,Deane Leonard,manCover,71,67
Deane Leonard,Deane Leonard,zoneCover,78,73
Deane Leonard,Deane Leonard,catching,0,5
Deane Leonard,Deane Leonard,routeRun,0,5
Danny Pinter,Danny Pinter,rating,71,66
Danny Pinter,Danny Pinter,speed,75,73
Danny Pinter,Danny Pinter,power,85,82
Danny Pinter,Danny Pinter,agility,75,70
Danny Pinter,Danny Pinter,burst,80,75
Danny Pinter,Danny Pinter,intelligence,81,76
Danny Pinter,Danny Pinter,tackle,0,5
Danny Pinter,Danny Pinter,manCover,0,5
Danny Pinter,Danny Pinter,zoneCover,0,5
Danny Pinter,Danny Pinter,catching,0,5
Danny Pinter,Danny Pinter,routeRun,0,5
Alijah Clark,Alijah Clark,rating,70,65
Alijah Clark,Alijah Clark,speed,90,89
Alijah Clark,Alijah Clark,power,72,67
Alijah Clark,Alijah Clark,agility,80,83
Alijah Clark,Alijah Clark,burst,81,86
Alijah Clark,Alijah Clark,intelligence,77,72
Alijah Clark,Alijah Clark,tackle,78,73
Alijah Clark,Alijah Clark,manCover,87,82
Alijah Clark,Alijah Clark,zoneCover,73,68
Alijah Clark,Alijah Clark,catching,0,5
Alijah Clark,Alijah Clark,routeRun,0,5
Thomas Fidone II,Thomas Fidone II,rating,67,65
Thomas Fidone II,Thomas Fidone II,speed,74,79
Thomas Fidone II,Thomas Fidone II,power,82,77
Thomas Fidone II,Thomas Fidone II,agility,80,83
Thomas Fidone II,Thomas Fidone II,burst,85,89
Thomas Fidone II,Thomas Fidone II,intelligence,68,63
Thomas Fidone II,Thomas Fidone II,tackle,0,5
Thomas Fidone II,Thomas Fidone II,manCover,0,5
Thomas Fidone II,Thomas Fidone II,zoneCover,0,5
Thomas Fidone II,Thomas Fidone II,routeRun,67,62
PJ Jules,PJ Jules,rating,68,63
PJ Jules,PJ Jules,speed,76,81
PJ Jules,PJ Jules,power,69,65
PJ Jules,PJ Jules,agility,72,77
PJ Jules,PJ Jules,burst,83,88
PJ Jules,PJ Jules,intelligence,78,73
PJ Jules,PJ Jules,tackle,89,84
PJ Jules,PJ Jules,manCover,83,78
PJ Jules,PJ Jules,zoneCover,68,67
PJ Jules,PJ Jules,catching,0,5
PJ Jules,PJ Jules,routeRun,0,5
Tyler Batty,Tyler Batty,rating,68,63
Tyler Batty,Tyler Batty,speed,76,80
Tyler Batty,Tyler Batty,power,80,83
Tyler Batty,Tyler Batty,agility,84,79
Tyler Batty,Tyler Batty,burst,77,81
Tyler Batty,Tyler Batty,intelligence,86,81
Tyler Batty,Tyler Batty,tackle,80,77
Tyler Batty,Tyler Batty,manCover,0,5
Tyler Batty,Tyler Batty,zoneCover,0,5
Tyler Batty,Tyler Batty,catching,0,5
Tyler Batty,Tyler Batty,routeRun,0,5
Joe Burrow,Joe Burrow,rating,91,97
Joe Burrow,Joe Burrow,speed,86,83
Joe Burrow,Joe Burrow,power,77,72
Joe Burrow,Joe Burrow,agility,82,83
Joe Burrow,Joe Burrow,burst,84,85
Joe Burrow,Joe Burrow,intelligence,95,99
Joe Burrow,Joe Burrow,tackle,0,5
Joe Burrow,Joe Burrow,manCover,0,5
Joe Burrow,Joe Burrow,zoneCover,0,5
Joe Burrow,Joe Burrow,catching,0,5
Joe Burrow,Joe Burrow,routeRun,0,5
George Kittle,George Kittle,rating,94,97
George Kittle,George Kittle,speed,80,85
George Kittle,George Kittle,power,97,92
George Kittle,George Kittle,agility,88,83
George Kittle,George Kittle,burst,82,86
George Kittle,George Kittle,intelligence,89,94
George Kittle,George Kittle,tackle,0,5
George Kittle,George Kittle,manCover,0,5
George Kittle,George Kittle,zoneCover,0,5
George Kittle,George Kittle,catching,84,89
George Kittle,George Kittle,routeRun,90,85
James Cook,James Cook III,rating,90,93
James Cook,James Cook III,speed,97,93
James Cook,James Cook III,power,90,85
James Cook,James Cook III,agility,88,93
James Cook,James Cook III,burst,96,94
James Cook,James Cook III,intelligence,82,87
James Cook,James Cook III,tackle,0,5
James Cook,James Cook III,manCover,0,5
James Cook,James Cook III,zoneCover,0,5
James Cook,James Cook III,catching,82,77
James Cook,James Cook III,routeRun,90,85
Andrew Thomas,Andrew Thomas,rating,87,93
Andrew Thomas,Andrew Thomas,speed,88,83
Andrew Thomas,Andrew Thomas,power,92,90
Andrew Thomas,Andrew Thomas,agility,86,81
Andrew Thomas,Andrew Thomas,burst,86,81
Andrew Thomas,Andrew Thomas,intelligence,96,91
Andrew Thomas,Andrew Thomas,tackle,0,5
Andrew Thomas,Andrew Thomas,manCover,0,5
Andrew Thomas,Andrew Thomas,zoneCover,0,5
Andrew Thomas,Andrew Thomas,catching,0,5
Andrew Thomas,Andrew Thomas,routeRun,0,5
Nick Bosa,Nick Bosa,rating,90,93
Nick Bosa,Nick Bosa,speed,85,80
Nick Bosa,Nick Bosa,power,95,94
Nick Bosa,Nick Bosa,agility,92,87
Nick Bosa,Nick Bosa,burst,95,90
Nick Bosa,Nick Bosa,intelligence,96,92
Nick Bosa,Nick Bosa,manCover,0,5
Nick Bosa,Nick Bosa,zoneCover,0,5
Nick Bosa,Nick Bosa,catching,0,5
Nick Bosa,Nick Bosa,routeRun,0,5
Brian Branch,Brian Branch,rating,94,91
Brian Branch,Brian Branch,speed,98,93
Brian Branch,Brian Branch,power,84,79
Brian Branch,Brian Branch,agility,95,90
Brian Branch,Brian Branch,burst,98,93
Brian Branch,Brian Branch,intelligence,94,90
Brian Branch,Brian Branch,tackle,91,86
Brian Branch,Brian Branch,manCover,84,86
Brian Branch,Brian Branch,zoneCover,91,87
Brian Branch,Brian Branch,catching,0,5
Brian Branch,Brian Branch,routeRun,0,5
Jared Goff,Jared Goff,rating,86,89
Jared Goff,Jared Goff,speed,77,74
Jared Goff,Jared Goff,power,94,89
Jared Goff,Jared Goff,agility,82,77
Jared Goff,Jared Goff,burst,71,76
Jared Goff,Jared Goff,intelligence,94,90
Jared Goff,Jared Goff,tackle,0,5
Jared Goff,Jared Goff,manCover,0,5
Jared Goff,Jared Goff,zoneCover,0,5
Jared Goff,Jared Goff,catching,0,5
Jared Goff,Jared Goff,routeRun,0,5
Trey Hendrickson,Trey Hendrickson,rating,94,88
Trey Hendrickson,Trey Hendrickson,speed,90,85
Trey Hendrickson,Trey Hendrickson,power,89,84
Trey Hendrickson,Trey Hendrickson,agility,95,90
Trey Hendrickson,Trey Hendrickson,burst,90,86
Trey Hendrickson,Trey Hendrickson,intelligence,91,90
Trey Hendrickson,Trey Hendrickson,tackle,84,87
Trey Hendrickson,Trey Hendrickson,manCover,0,5
Trey Hendrickson,Trey Hendrickson,zoneCover,0,5
Trey Hendrickson,Trey Hendrickson,catching,0,5
Trey Hendrickson,Trey Hendrickson,routeRun,0,5
DeMarcus Lawrence,DeMarcus Lawrence,rating,81,87
DeMarcus Lawrence,DeMarcus Lawrence,speed,94,89
DeMarcus Lawrence,DeMarcus Lawrence,power,97,92
DeMarcus Lawrence,DeMarcus Lawrence,agility,84,79
DeMarcus Lawrence,DeMarcus Lawrence,burst,90,85
DeMarcus Lawrence,DeMarcus Lawrence,intelligence,82,87
DeMarcus Lawrence,DeMarcus Lawrence,tackle,90,86
DeMarcus Lawrence,DeMarcus Lawrence,manCover,0,5
DeMarcus Lawrence,DeMarcus Lawrence,zoneCover,0,5
DeMarcus Lawrence,DeMarcus Lawrence,catching,0,5
DeMarcus Lawrence,DeMarcus Lawrence,routeRun,0,5
Tanor Bortolini,Tanor Bortolini,rating,80,86
Tanor Bortolini,Tanor Bortolini,speed,78,74
Tanor Bortolini,Tanor Bortolini,power,83,88
Tanor Bortolini,Tanor Bortolini,agility,82,78
Tanor Bortolini,Tanor Bortolini,burst,92,87
Tanor Bortolini,Tanor Bortolini,intelligence,89,90
Tanor Bortolini,Tanor Bortolini,tackle,0,5
Tanor Bortolini,Tanor Bortolini,manCover,0,5
Tanor Bortolini,Tanor Bortolini,zoneCover,0,5
Tanor Bortolini,Tanor Bortolini,catching,0,5
Tanor Bortolini,Tanor Bortolini,routeRun,0,5
Julian Love,Julian Love,rating,80,86
Julian Love,Julian Love,speed,81,86
Julian Love,Julian Love,power,79,74
Julian Love,Julian Love,burst,88,87
Julian Love,Julian Love,intelligence,87,90
Julian Love,Julian Love,tackle,79,75
Julian Love,Julian Love,manCover,94,89
Julian Love,Julian Love,catching,0,5
Julian Love,Julian Love,routeRun,0,5
Spencer Brown,Spencer Brown,rating,79,85
Spencer Brown,Spencer Brown,speed,80,75
Spencer Brown,Spencer Brown,power,88,91
Spencer Brown,Spencer Brown,agility,77,74
Spencer Brown,Spencer Brown,burst,89,84
Spencer Brown,Spencer Brown,intelligence,83,85
Spencer Brown,Spencer Brown,tackle,0,5
Spencer Brown,Spencer Brown,manCover,0,5
Spencer Brown,Spencer Brown,zoneCover,0,5
Spencer Brown,Spencer Brown,catching,0,5
Spencer Brown,Spencer Brown,routeRun,0,5
Peter Skoronski,Peter Skoronski,rating,78,84
Peter Skoronski,Peter Skoronski,speed,88,83
Peter Skoronski,Peter Skoronski,power,79,84
Peter Skoronski,Peter Skoronski,agility,89,84
Peter Skoronski,Peter Skoronski,burst,79,80
Peter Skoronski,Peter Skoronski,intelligence,98,93
Peter Skoronski,Peter Skoronski,tackle,0,5
Peter Skoronski,Peter Skoronski,manCover,0,5
Peter Skoronski,Peter Skoronski,zoneCover,0,5
Peter Skoronski,Peter Skoronski,catching,0,5
Peter Skoronski,Peter Skoronski,routeRun,0,5
DaRon Bland,DaRon Bland,rating,77,83
DaRon Bland,DaRon Bland,speed,85,90
DaRon Bland,DaRon Bland,power,78,73
DaRon Bland,DaRon Bland,agility,80,84
DaRon Bland,DaRon Bland,burst,84,89
DaRon Bland,DaRon Bland,intelligence,87,83
DaRon Bland,DaRon Bland,tackle,91,86
DaRon Bland,DaRon Bland,zoneCover,87,82
DaRon Bland,DaRon Bland,catching,0,5
DaRon Bland,DaRon Bland,routeRun,0,5
Elgton Jenkins,Elgton Jenkins,rating,76,82
Elgton Jenkins,Elgton Jenkins,speed,83,78
Elgton Jenkins,Elgton Jenkins,power,76,81
Elgton Jenkins,Elgton Jenkins,agility,80,75
Elgton Jenkins,Elgton Jenkins,burst,83,78
Elgton Jenkins,Elgton Jenkins,intelligence,91,86
Elgton Jenkins,Elgton Jenkins,tackle,0,5
Elgton Jenkins,Elgton Jenkins,manCover,0,5
Elgton Jenkins,Elgton Jenkins,zoneCover,0,5
Elgton Jenkins,Elgton Jenkins,catching,0,5
Elgton Jenkins,Elgton Jenkins,routeRun,0,5
Cameron Dicker,Cameron Dicker,rating,88,82
Cameron Dicker,Cameron Dicker,speed,92,87
Cameron Dicker,Cameron Dicker,power,88,83
Cameron Dicker,Cameron Dicker,agility,81,76
Cameron Dicker,Cameron Dicker,burst,87,82
Cameron Dicker,Cameron Dicker,intelligence,97,92
Cameron Dicker,Cameron Dicker,tackle,0,5
Cameron Dicker,Cameron Dicker,manCover,0,5
Cameron Dicker,Cameron Dicker,zoneCover,0,5
Cameron Dicker,Cameron Dicker,catching,0,5
Cameron Dicker,Cameron Dicker,routeRun,0,5
Donte Jackson,Donte Jackson,rating,76,82
Donte Jackson,Donte Jackson,speed,86,91
Donte Jackson,Donte Jackson,power,89,84
Donte Jackson,Donte Jackson,agility,87,91
Donte Jackson,Donte Jackson,burst,75,80
Donte Jackson,Donte Jackson,intelligence,82,85
Donte Jackson,Donte Jackson,tackle,90,85
Donte Jackson,Donte Jackson,manCover,81,82
Donte Jackson,Donte Jackson,zoneCover,85,80
Donte Jackson,Donte Jackson,catching,0,5
Donte Jackson,Donte Jackson,routeRun,0,5
Abdul Carter,Abdul Carter,rating,76,82
Abdul Carter,Abdul Carter,speed,93,88
Abdul Carter,Abdul Carter,power,82,80
Abdul Carter,Abdul Carter,agility,88,86
Abdul Carter,Abdul Carter,burst,90,91
Abdul Carter,Abdul Carter,intelligence,77,82
Abdul Carter,Abdul Carter,tackle,94,89
Abdul Carter,Abdul Carter,manCover,0,5
Abdul Carter,Abdul Carter,zoneCover,0,5
Abdul Carter,Abdul Carter,catching,0,5
Abdul Carter,Abdul Carter,routeRun,0,5
Jalen Hurts,Jalen Hurts,rating,88,82
Jalen Hurts,Jalen Hurts,power,82,77
Jalen Hurts,Jalen Hurts,agility,83,88
Jalen Hurts,Jalen Hurts,burst,92,90
Jalen Hurts,Jalen Hurts,intelligence,93,88
Jalen Hurts,Jalen Hurts,tackle,0,5
Jalen Hurts,Jalen Hurts,manCover,0,5
Jalen Hurts,Jalen Hurts,zoneCover,0,5
Jalen Hurts,Jalen Hurts,catching,0,5
Jalen Hurts,Jalen Hurts,routeRun,0,5
Chuba Hubbard,Chuba Hubbard,rating,75,81
Chuba Hubbard,Chuba Hubbard,speed,88,91
Chuba Hubbard,Chuba Hubbard,power,85,80
Chuba Hubbard,Chuba Hubbard,agility,84,87
Chuba Hubbard,Chuba Hubbard,burst,83,88
Chuba Hubbard,Chuba Hubbard,intelligence,90,85
Chuba Hubbard,Chuba Hubbard,tackle,0,5
Chuba Hubbard,Chuba Hubbard,manCover,0,5
Chuba Hubbard,Chuba Hubbard,zoneCover,0,5
Chuba Hubbard,Chuba Hubbard,catching,82,77
Chuba Hubbard,Chuba Hubbard,routeRun,83,78
Omarion Hampton,Omarion Hampton,rating,75,81
Omarion Hampton,Omarion Hampton,speed,79,84
Omarion Hampton,Omarion Hampton,power,88,83
Omarion Hampton,Omarion Hampton,agility,74,79
Omarion Hampton,Omarion Hampton,burst,88,93
Omarion Hampton,Omarion Hampton,intelligence,79,75
Omarion Hampton,Omarion Hampton,tackle,0,5
Omarion Hampton,Omarion Hampton,manCover,0,5
Omarion Hampton,Omarion Hampton,zoneCover,0,5
Omarion Hampton,Omarion Hampton,catching,79,74
Omarion Hampton,Omarion Hampton,routeRun,82,77
Emeka Egbuka,Emeka Egbuka,rating,78,81
Emeka Egbuka,Emeka Egbuka,speed,82,87
Emeka Egbuka,Emeka Egbuka,power,81,76
Emeka Egbuka,Emeka Egbuka,agility,85,86
Emeka Egbuka,Emeka Egbuka,burst,83,88
Emeka Egbuka,Emeka Egbuka,intelligence,79,82
Emeka Egbuka,Emeka Egbuka,tackle,0,5
Emeka Egbuka,Emeka Egbuka,manCover,0,5
Emeka Egbuka,Emeka Egbuka,zoneCover,0,5
Emeka Egbuka,Emeka Egbuka,catching,88,85
Emeka Egbuka,Emeka Egbuka,routeRun,90,86
Tytus Howard,Tytus Howard,rating,74,80
Tytus Howard,Tytus Howard,speed,84,79
Tytus Howard,Tytus Howard,power,79,84
Tytus Howard,Tytus Howard,agility,75,70
Tytus Howard,Tytus Howard,burst,83,78
Tytus Howard,Tytus Howard,intelligence,88,85
Tytus Howard,Tytus Howard,tackle,0,5
Tytus Howard,Tytus Howard,manCover,0,5
Tytus Howard,Tytus Howard,zoneCover,0,5
Tytus Howard,Tytus Howard,catching,0,5
Tytus Howard,Tytus Howard,routeRun,0,5
Brian Thomas Jr.,Brian Thomas Jr,rating,77,80
Brian Thomas Jr.,Brian Thomas Jr,speed,88,93
Brian Thomas Jr.,Brian Thomas Jr,power,79,74
Brian Thomas Jr.,Brian Thomas Jr,agility,75,80
Brian Thomas Jr.,Brian Thomas Jr,burst,90,95
Brian Thomas Jr.,Brian Thomas Jr,intelligence,82,77
Brian Thomas Jr.,Brian Thomas Jr,tackle,0,5
Brian Thomas Jr.,Brian Thomas Jr,manCover,0,5
Brian Thomas Jr.,Brian Thomas Jr,zoneCover,0,5
Brian Thomas Jr.,Brian Thomas Jr,catching,87,82
Brian Thomas Jr.,Brian Thomas Jr,routeRun,84,81
Tyler Shough,Tyler Shough,rating,82,79
Tyler Shough,Tyler Shough,speed,81,86
Tyler Shough,Tyler Shough,power,86,81
Tyler Shough,Tyler Shough,agility,74,77
Tyler Shough,Tyler Shough,burst,87,86
Tyler Shough,Tyler Shough,intelligence,93,88
Tyler Shough,Tyler Shough,tackle,0,5
Tyler Shough,Tyler Shough,manCover,0,5
Tyler Shough,Tyler Shough,zoneCover,0,5
Tyler Shough,Tyler Shough,catching,0,5
Tyler Shough,Tyler Shough,routeRun,0,5
Frankie Luvu,Frankie Luvu,rating,76,79
Frankie Luvu,Frankie Luvu,speed,87,85
Frankie Luvu,Frankie Luvu,power,91,86
Frankie Luvu,Frankie Luvu,agility,81,80
Frankie Luvu,Frankie Luvu,burst,78,83
Frankie Luvu,Frankie Luvu,intelligence,83,85
Frankie Luvu,Frankie Luvu,tackle,83,82
Frankie Luvu,Frankie Luvu,manCover,0,5
Frankie Luvu,Frankie Luvu,zoneCover,0,5
Frankie Luvu,Frankie Luvu,catching,0,5
Frankie Luvu,Frankie Luvu,routeRun,0,5
Bryce Young,Bryce Young,rating,84,78
Bryce Young,Bryce Young,speed,86,87
Bryce Young,Bryce Young,power,81,76
Bryce Young,Bryce Young,agility,95,90
Bryce Young,Bryce Young,burst,83,88
Bryce Young,Bryce Young,intelligence,80,77
Bryce Young,Bryce Young,tackle,0,5
Bryce Young,Bryce Young,manCover,0,5
Bryce Young,Bryce Young,zoneCover,0,5
Bryce Young,Bryce Young,catching,0,5
Bryce Young,Bryce Young,routeRun,0,5
Christian Kirk,Christian Kirk,rating,72,78
Christian Kirk,Christian Kirk,speed,71,76
Christian Kirk,Christian Kirk,power,85,80
Christian Kirk,Christian Kirk,agility,78,83
Christian Kirk,Christian Kirk,burst,79,84
Christian Kirk,Christian Kirk,intelligence,82,79
Christian Kirk,Christian Kirk,tackle,0,5
Christian Kirk,Christian Kirk,manCover,0,5
Christian Kirk,Christian Kirk,zoneCover,0,5
Christian Kirk,Christian Kirk,catching,74,79
Christian Kirk,Christian Kirk,routeRun,93,88
James Pierre,James Pierre,rating,80,77
James Pierre,James Pierre,speed,83,88
James Pierre,James Pierre,power,79,74
James Pierre,James Pierre,agility,81,83
James Pierre,James Pierre,burst,81,86
James Pierre,James Pierre,intelligence,88,83
James Pierre,James Pierre,tackle,83,78
James Pierre,James Pierre,manCover,91,86
James Pierre,James Pierre,zoneCover,86,83
James Pierre,James Pierre,catching,0,5
James Pierre,James Pierre,routeRun,0,5
Will Fries,Will Fries,rating,71,77
Will Fries,Will Fries,speed,92,87
Will Fries,Will Fries,power,71,76
Will Fries,Will Fries,agility,81,76
Will Fries,Will Fries,burst,81,76
Will Fries,Will Fries,tackle,0,5
Will Fries,Will Fries,manCover,0,5
Will Fries,Will Fries,zoneCover,0,5
Will Fries,Will Fries,catching,0,5
Will Fries,Will Fries,routeRun,0,5
Isaiah Likely,Isaiah Likely,rating,83,77
Isaiah Likely,Isaiah Likely,speed,89,84
Isaiah Likely,Isaiah Likely,power,90,85
Isaiah Likely,Isaiah Likely,agility,82,81
Isaiah Likely,Isaiah Likely,intelligence,82,77
Isaiah Likely,Isaiah Likely,tackle,0,5
Isaiah Likely,Isaiah Likely,manCover,0,5
Isaiah Likely,Isaiah Likely,zoneCover,0,5
Isaiah Likely,Isaiah Likely,catching,92,89
Isaiah Likely,Isaiah Likely,routeRun,84,79
Dylan Parham,Dylan Parham,rating,83,77
Dylan Parham,Dylan Parham,speed,78,74
Dylan Parham,Dylan Parham,power,88,84
Dylan Parham,Dylan Parham,agility,76,71
Dylan Parham,Dylan Parham,burst,92,87
Dylan Parham,Dylan Parham,intelligence,79,84
Dylan Parham,Dylan Parham,tackle,0,5
Dylan Parham,Dylan Parham,manCover,0,5
Dylan Parham,Dylan Parham,zoneCover,0,5
Dylan Parham,Dylan Parham,catching,0,5
Dylan Parham,Dylan Parham,routeRun,0,5
Tank Bigsby,Tank Bigsby,rating,71,77
Tank Bigsby,Tank Bigsby,speed,81,86
Tank Bigsby,Tank Bigsby,power,82,77
Tank Bigsby,Tank Bigsby,agility,82,84
Tank Bigsby,Tank Bigsby,burst,71,76
Tank Bigsby,Tank Bigsby,intelligence,73,77
Tank Bigsby,Tank Bigsby,tackle,0,5
Tank Bigsby,Tank Bigsby,manCover,0,5
Tank Bigsby,Tank Bigsby,zoneCover,0,5
Tank Bigsby,Tank Bigsby,catching,86,81
Tank Bigsby,Tank Bigsby,routeRun,80,75
Jake Brendel,Jake Brendel,rating,74,77
Jake Brendel,Jake Brendel,speed,78,73
Jake Brendel,Jake Brendel,power,78,83
Jake Brendel,Jake Brendel,agility,77,72
Jake Brendel,Jake Brendel,burst,95,90
Jake Brendel,Jake Brendel,intelligence,83,86
Jake Brendel,Jake Brendel,tackle,0,5
Jake Brendel,Jake Brendel,manCover,0,5
Jake Brendel,Jake Brendel,zoneCover,0,5
Jake Brendel,Jake Brendel,catching,0,5
Jake Brendel,Jake Brendel,routeRun,0,5
Elic Ayomanor,Elic Ayomanor,rating,71,77
Elic Ayomanor,Elic Ayomanor,speed,88,91
Elic Ayomanor,Elic Ayomanor,power,80,75
Elic Ayomanor,Elic Ayomanor,agility,91,86
Elic Ayomanor,Elic Ayomanor,intelligence,69,74
Elic Ayomanor,Elic Ayomanor,tackle,0,5
Elic Ayomanor,Elic Ayomanor,manCover,0,5
Elic Ayomanor,Elic Ayomanor,zoneCover,0,5
Elic Ayomanor,Elic Ayomanor,catching,79,83
Elic Ayomanor,Elic Ayomanor,routeRun,90,85
Kyle Dugger,Kyle Dugger,rating,70,76
Kyle Dugger,Kyle Dugger,speed,73,78
Kyle Dugger,Kyle Dugger,power,75,77
Kyle Dugger,Kyle Dugger,agility,84,86
Kyle Dugger,Kyle Dugger,burst,76,81
Kyle Dugger,Kyle Dugger,intelligence,91,86
Kyle Dugger,Kyle Dugger,tackle,86,81
Kyle Dugger,Kyle Dugger,manCover,72,69
Kyle Dugger,Kyle Dugger,zoneCover,77,73
Kyle Dugger,Kyle Dugger,catching,0,5
Kyle Dugger,Kyle Dugger,routeRun,0,5
Amarius Mims,Amarius Mims,rating,73,76
Amarius Mims,Amarius Mims,speed,88,83
Amarius Mims,Amarius Mims,power,78,83
Amarius Mims,Amarius Mims,agility,82,77
Amarius Mims,Amarius Mims,burst,82,77
Amarius Mims,Amarius Mims,intelligence,82,80
Amarius Mims,Amarius Mims,tackle,0,5
Amarius Mims,Amarius Mims,manCover,0,5
Amarius Mims,Amarius Mims,zoneCover,0,5
Amarius Mims,Amarius Mims,catching,0,5
Amarius Mims,Amarius Mims,routeRun,0,5
Logan Cooke,Logan Cooke,rating,82,76
Logan Cooke,Logan Cooke,speed,86,81
Logan Cooke,Logan Cooke,power,84,79
Logan Cooke,Logan Cooke,agility,93,88
Logan Cooke,Logan Cooke,burst,95,90
Logan Cooke,Logan Cooke,intelligence,89,84
Logan Cooke,Logan Cooke,tackle,0,5
Logan Cooke,Logan Cooke,manCover,0,5
Logan Cooke,Logan Cooke,zoneCover,0,5
Logan Cooke,Logan Cooke,catching,0,5
Logan Cooke,Logan Cooke,routeRun,0,5
Denzel Perryman,Denzel Perryman,rating,70,76
Denzel Perryman,Denzel Perryman,speed,78,81
Denzel Perryman,Denzel Perryman,power,81,84
Denzel Perryman,Denzel Perryman,agility,72,75
Denzel Perryman,Denzel Perryman,burst,79,81
Denzel Perryman,Denzel Perryman,intelligence,79,81
Denzel Perryman,Denzel Perryman,tackle,82,83
Denzel Perryman,Denzel Perryman,manCover,85,80
Denzel Perryman,Denzel Perryman,zoneCover,82,77
Denzel Perryman,Denzel Perryman,catching,0,5
Denzel Perryman,Denzel Perryman,routeRun,0,5
Mack Hollins,Mack Hollins,rating,73,76
Mack Hollins,Mack Hollins,speed,95,90
Mack Hollins,Mack Hollins,power,88,83
Mack Hollins,Mack Hollins,agility,69,74
Mack Hollins,Mack Hollins,burst,81,86
Mack Hollins,Mack Hollins,intelligence,74,79
Mack Hollins,Mack Hollins,tackle,0,5
Mack Hollins,Mack Hollins,manCover,0,5
Mack Hollins,Mack Hollins,zoneCover,0,5
Mack Hollins,Mack Hollins,catching,73,78
Mack Hollins,Mack Hollins,routeRun,75,78
Brandon Stephens,Brandon Stephens,rating,82,76
Brandon Stephens,Brandon Stephens,speed,86,90
Brandon Stephens,Brandon Stephens,power,90,85
Brandon Stephens,Brandon Stephens,agility,95,90
Brandon Stephens,Brandon Stephens,burst,84,86
Brandon Stephens,Brandon Stephens,intelligence,78,80
Brandon Stephens,Brandon Stephens,tackle,85,80
Brandon Stephens,Brandon Stephens,manCover,92,87
Brandon Stephens,Brandon Stephens,zoneCover,80,78
Brandon Stephens,Brandon Stephens,catching,0,5
Brandon Stephens,Brandon Stephens,routeRun,0,5
Brandon Aiyuk,Brandon Aiyuk,rating,82,76
Brandon Aiyuk,Brandon Aiyuk,speed,85,90
Brandon Aiyuk,Brandon Aiyuk,power,88,83
Brandon Aiyuk,Brandon Aiyuk,agility,91,89
Brandon Aiyuk,Brandon Aiyuk,burst,90,91
Brandon Aiyuk,Brandon Aiyuk,intelligence,83,78
Brandon Aiyuk,Brandon Aiyuk,tackle,0,5
Brandon Aiyuk,Brandon Aiyuk,manCover,0,5
Brandon Aiyuk,Brandon Aiyuk,zoneCover,0,5
Brandon Aiyuk,Brandon Aiyuk,catching,84,89
Brandon Aiyuk,Brandon Aiyuk,routeRun,83,78
Samaje Perine,Samaje Perine,rating,72,75
Samaje Perine,Samaje Perine,speed,79,84
Samaje Perine,Samaje Perine,power,80,84
Samaje Perine,Samaje Perine,agility,78,79
Samaje Perine,Samaje Perine,burst,77,82
Samaje Perine,Samaje Perine,intelligence,83,78
Samaje Perine,Samaje Perine,tackle,0,5
Samaje Perine,Samaje Perine,manCover,0,5
Samaje Perine,Samaje Perine,zoneCover,0,5
Samaje Perine,Samaje Perine,catching,85,80
Samaje Perine,Samaje Perine,routeRun,97,92
Ryan Rehkow,Ryan Rehkow,rating,78,75
Ryan Rehkow,Ryan Rehkow,speed,99,94
Ryan Rehkow,Ryan Rehkow,power,83,78
Ryan Rehkow,Ryan Rehkow,agility,88,83
Ryan Rehkow,Ryan Rehkow,burst,87,82
Ryan Rehkow,Ryan Rehkow,intelligence,76,71
Ryan Rehkow,Ryan Rehkow,tackle,0,5
Ryan Rehkow,Ryan Rehkow,manCover,0,5
Ryan Rehkow,Ryan Rehkow,zoneCover,0,5
Ryan Rehkow,Ryan Rehkow,catching,0,5
Ryan Rehkow,Ryan Rehkow,routeRun,0,5
Dylan Sampson,Dylan Sampson,rating,72,75
Dylan Sampson,Dylan Sampson,speed,78,83
Dylan Sampson,Dylan Sampson,power,76,71
Dylan Sampson,Dylan Sampson,agility,79,84
Dylan Sampson,Dylan Sampson,burst,76,81
Dylan Sampson,Dylan Sampson,intelligence,80,75
Dylan Sampson,Dylan Sampson,tackle,0,5
Dylan Sampson,Dylan Sampson,manCover,0,5
Dylan Sampson,Dylan Sampson,zoneCover,0,5
Dylan Sampson,Dylan Sampson,catching,84,79
Dylan Sampson,Dylan Sampson,routeRun,84,79
Terence Steele,Terence Steele,rating,69,75
Terence Steele,Terence Steele,speed,85,80
Terence Steele,Terence Steele,power,84,88
Terence Steele,Terence Steele,agility,91,86
Terence Steele,Terence Steele,burst,83,78
Terence Steele,Terence Steele,intelligence,76,73
Terence Steele,Terence Steele,tackle,0,5
Terence Steele,Terence Steele,manCover,0,5
Terence Steele,Terence Steele,zoneCover,0,5
Terence Steele,Terence Steele,catching,0,5
Terence Steele,Terence Steele,routeRun,0,5
Deone Walker,Deone Walker,rating,68,74
Deone Walker,Deone Walker,speed,78,73
Deone Walker,Deone Walker,power,88,84
Deone Walker,Deone Walker,agility,76,71
Deone Walker,Deone Walker,burst,77,73
Deone Walker,Deone Walker,intelligence,83,79
Deone Walker,Deone Walker,tackle,83,84
Deone Walker,Deone Walker,manCover,0,5
Deone Walker,Deone Walker,zoneCover,0,5
Deone Walker,Deone Walker,catching,0,5
Deone Walker,Deone Walker,routeRun,0,5
Shemar Stewart,Shemar Stewart,rating,68,74
Shemar Stewart,Shemar Stewart,speed,77,82
Shemar Stewart,Shemar Stewart,power,80,85
Shemar Stewart,Shemar Stewart,agility,81,86
Shemar Stewart,Shemar Stewart,burst,71,76
Shemar Stewart,Shemar Stewart,intelligence,72,71
Shemar Stewart,Shemar Stewart,tackle,75,72
Shemar Stewart,Shemar Stewart,manCover,0,5
Shemar Stewart,Shemar Stewart,zoneCover,0,5
Shemar Stewart,Shemar Stewart,catching,0,5
Shemar Stewart,Shemar Stewart,routeRun,0,5
Wyatt Teller,Wyatt Teller,rating,68,74
Wyatt Teller,Wyatt Teller,speed,84,79
Wyatt Teller,Wyatt Teller,power,94,93
Wyatt Teller,Wyatt Teller,agility,84,79
Wyatt Teller,Wyatt Teller,burst,84,79
Wyatt Teller,Wyatt Teller,intelligence,86,81
Wyatt Teller,Wyatt Teller,tackle,0,5
Wyatt Teller,Wyatt Teller,manCover,0,5
Wyatt Teller,Wyatt Teller,zoneCover,0,5
Wyatt Teller,Wyatt Teller,catching,0,5
Wyatt Teller,Wyatt Teller,routeRun,0,5
JT Tuimoloau,JT Tuimoloau,rating,68,74
JT Tuimoloau,JT Tuimoloau,speed,84,80
JT Tuimoloau,JT Tuimoloau,power,76,81
JT Tuimoloau,JT Tuimoloau,agility,81,77
JT Tuimoloau,JT Tuimoloau,burst,80,85
JT Tuimoloau,JT Tuimoloau,intelligence,80,75
JT Tuimoloau,JT Tuimoloau,tackle,82,77
JT Tuimoloau,JT Tuimoloau,manCover,0,5
JT Tuimoloau,JT Tuimoloau,zoneCover,0,5
JT Tuimoloau,JT Tuimoloau,catching,0,5
JT Tuimoloau,JT Tuimoloau,routeRun,0,5
Emanuel Wilson,Emanuel Wilson,rating,80,74
Emanuel Wilson,Emanuel Wilson,speed,87,90
Emanuel Wilson,Emanuel Wilson,power,84,79
Emanuel Wilson,Emanuel Wilson,agility,95,90
Emanuel Wilson,Emanuel Wilson,burst,89,93
Emanuel Wilson,Emanuel Wilson,intelligence,82,79
Emanuel Wilson,Emanuel Wilson,tackle,0,5
Emanuel Wilson,Emanuel Wilson,manCover,0,5
Emanuel Wilson,Emanuel Wilson,zoneCover,0,5
Emanuel Wilson,Emanuel Wilson,catching,81,76
Emanuel Wilson,Emanuel Wilson,routeRun,79,74
Cam Ward,Cam Ward,rating,80,74
Cam Ward,Cam Ward,speed,86,82
Cam Ward,Cam Ward,power,87,82
Cam Ward,Cam Ward,agility,72,77
Cam Ward,Cam Ward,burst,90,85
Cam Ward,Cam Ward,intelligence,86,81
Cam Ward,Cam Ward,tackle,0,5
Cam Ward,Cam Ward,manCover,0,5
Cam Ward,Cam Ward,zoneCover,0,5
Cam Ward,Cam Ward,catching,0,5
Cam Ward,Cam Ward,routeRun,0,5
Dayo Odeyingbo,Dayo Odeyingbo,rating,70,73
Dayo Odeyingbo,Dayo Odeyingbo,speed,71,76
Dayo Odeyingbo,Dayo Odeyingbo,power,79,84
Dayo Odeyingbo,Dayo Odeyingbo,agility,74,78
Dayo Odeyingbo,Dayo Odeyingbo,burst,81,83
Dayo Odeyingbo,Dayo Odeyingbo,intelligence,82,77
Dayo Odeyingbo,Dayo Odeyingbo,tackle,81,82
Dayo Odeyingbo,Dayo Odeyingbo,manCover,0,5
Dayo Odeyingbo,Dayo Odeyingbo,zoneCover,0,5
Dayo Odeyingbo,Dayo Odeyingbo,catching,0,5
Dayo Odeyingbo,Dayo Odeyingbo,routeRun,0,5
Pat Bryant,Pat Bryant II,rating,79,73
Pat Bryant,Pat Bryant II,speed,91,89
Pat Bryant,Pat Bryant II,power,90,85
Pat Bryant,Pat Bryant II,agility,70,75
Pat Bryant,Pat Bryant II,burst,85,88
Pat Bryant,Pat Bryant II,intelligence,88,83
Pat Bryant,Pat Bryant II,tackle,0,5
Pat Bryant,Pat Bryant II,manCover,0,5
Pat Bryant,Pat Bryant II,zoneCover,0,5
Pat Bryant,Pat Bryant II,catching,86,83
Pat Bryant,Pat Bryant II,routeRun,81,76
Robbie Ouzts,Robbie Ouzts,rating,70,73
Robbie Ouzts,Robbie Ouzts,speed,89,84
Robbie Ouzts,Robbie Ouzts,power,86,82
Robbie Ouzts,Robbie Ouzts,agility,70,72
Robbie Ouzts,Robbie Ouzts,burst,70,74
Robbie Ouzts,Robbie Ouzts,intelligence,78,73
Robbie Ouzts,Robbie Ouzts,tackle,0,5
Robbie Ouzts,Robbie Ouzts,manCover,0,5
Robbie Ouzts,Robbie Ouzts,zoneCover,0,5
Robbie Ouzts,Robbie Ouzts,catching,84,79
Robbie Ouzts,Robbie Ouzts,routeRun,68,63
Dan Moore Jr.,Dan Moore,rating,70,73
Dan Moore Jr.,Dan Moore,speed,80,75
Dan Moore Jr.,Dan Moore,power,76,81
Dan Moore Jr.,Dan Moore,agility,85,80
Dan Moore Jr.,Dan Moore,burst,82,77
Dan Moore Jr.,Dan Moore,intelligence,92,87
Dan Moore Jr.,Dan Moore,tackle,0,5
Dan Moore Jr.,Dan Moore,manCover,0,5
Dan Moore Jr.,Dan Moore,zoneCover,0,5
Dan Moore Jr.,Dan Moore,catching,0,5
Dan Moore Jr.,Dan Moore,routeRun,0,5
Mike Hall Jr.,Mike Hall Jr,rating,66,72
Mike Hall Jr.,Mike Hall Jr,speed,78,81
Mike Hall Jr.,Mike Hall Jr,power,77,79
Mike Hall Jr.,Mike Hall Jr,agility,77,72
Mike Hall Jr.,Mike Hall Jr,burst,74,79
Mike Hall Jr.,Mike Hall Jr,intelligence,74,73
Mike Hall Jr.,Mike Hall Jr,tackle,69,74
Mike Hall Jr.,Mike Hall Jr,manCover,0,5
Mike Hall Jr.,Mike Hall Jr,zoneCover,0,5
Mike Hall Jr.,Mike Hall Jr,catching,0,5
Mike Hall Jr.,Mike Hall Jr,routeRun,0,5
Chris Manhertz,Chris Manhertz,rating,77,71
Chris Manhertz,Chris Manhertz,speed,77,78
Chris Manhertz,Chris Manhertz,power,81,77
Chris Manhertz,Chris Manhertz,agility,80,81
Chris Manhertz,Chris Manhertz,burst,86,83
Chris Manhertz,Chris Manhertz,intelligence,77,72
Chris Manhertz,Chris Manhertz,tackle,0,5
Chris Manhertz,Chris Manhertz,manCover,0,5
Chris Manhertz,Chris Manhertz,zoneCover,0,5
Chris Manhertz,Chris Manhertz,catching,96,91
Chris Manhertz,Chris Manhertz,routeRun,82,77
Zak Zinter,Zak Zinter,rating,64,70
Zak Zinter,Zak Zinter,speed,90,85
Zak Zinter,Zak Zinter,power,81,86
Zak Zinter,Zak Zinter,agility,85,80
Zak Zinter,Zak Zinter,burst,70,65
Zak Zinter,Zak Zinter,intelligence,67,72
Zak Zinter,Zak Zinter,tackle,0,5
Zak Zinter,Zak Zinter,manCover,0,5
Zak Zinter,Zak Zinter,zoneCover,0,5
Zak Zinter,Zak Zinter,catching,0,5
Zak Zinter,Zak Zinter,routeRun,0,5
Derius Davis,Derius Davis,rating,73,70
Derius Davis,Derius Davis,speed,83,88
Derius Davis,Derius Davis,power,83,78
Derius Davis,Derius Davis,agility,76,81
Derius Davis,Derius Davis,burst,81,86
Derius Davis,Derius Davis,intelligence,69,64
Derius Davis,Derius Davis,tackle,0,5
Derius Davis,Derius Davis,manCover,0,5
Derius Davis,Derius Davis,zoneCover,0,5
Derius Davis,Derius Davis,catching,85,82
Derius Davis,Derius Davis,routeRun,89,84
Theo Jackson,Theo Jackson,rating,67,70
Theo Jackson,Theo Jackson,speed,88,90
Theo Jackson,Theo Jackson,power,70,65
Theo Jackson,Theo Jackson,agility,79,76
Theo Jackson,Theo Jackson,burst,78,83
Theo Jackson,Theo Jackson,intelligence,89,84
Theo Jackson,Theo Jackson,tackle,75,70
Theo Jackson,Theo Jackson,manCover,81,76
Theo Jackson,Theo Jackson,zoneCover,78,73
Theo Jackson,Theo Jackson,catching,0,5
Theo Jackson,Theo Jackson,routeRun,0,5
Khristian Boyd,Khristian Boyd,rating,64,70
Khristian Boyd,Khristian Boyd,speed,66,63
Khristian Boyd,Khristian Boyd,power,76,81
Khristian Boyd,Khristian Boyd,agility,78,73
Khristian Boyd,Khristian Boyd,burst,81,76
Khristian Boyd,Khristian Boyd,intelligence,76,71
Khristian Boyd,Khristian Boyd,tackle,81,82
Khristian Boyd,Khristian Boyd,manCover,0,5
Khristian Boyd,Khristian Boyd,zoneCover,0,5
Khristian Boyd,Khristian Boyd,catching,0,5
Khristian Boyd,Khristian Boyd,routeRun,0,5
Mitchell Evans,Mitchell Evans,rating,75,69
Mitchell Evans,Mitchell Evans,speed,87,82
Mitchell Evans,Mitchell Evans,power,91,86
Mitchell Evans,Mitchell Evans,agility,81,79
Mitchell Evans,Mitchell Evans,burst,75,80
Mitchell Evans,Mitchell Evans,intelligence,80,75
Mitchell Evans,Mitchell Evans,tackle,0,5
Mitchell Evans,Mitchell Evans,manCover,0,5
Mitchell Evans,Mitchell Evans,zoneCover,0,5
Mitchell Evans,Mitchell Evans,catching,73,78
Mitchell Evans,Mitchell Evans,routeRun,77,72
Tyler Baron,Tyler Baron,rating,66,69
Tyler Baron,Tyler Baron,speed,80,85
Tyler Baron,Tyler Baron,power,68,73
Tyler Baron,Tyler Baron,agility,85,80
Tyler Baron,Tyler Baron,burst,85,89
Tyler Baron,Tyler Baron,intelligence,79,74
Tyler Baron,Tyler Baron,tackle,74,77
Tyler Baron,Tyler Baron,manCover,0,5
Tyler Baron,Tyler Baron,zoneCover,0,5
Tyler Baron,Tyler Baron,catching,0,5
Tyler Baron,Tyler Baron,routeRun,0,5
Josh Hayes,Josh Hayes,rating,75,69
Josh Hayes,Josh Hayes,speed,92,91
Josh Hayes,Josh Hayes,power,64,59
Josh Hayes,Josh Hayes,agility,80,81
Josh Hayes,Josh Hayes,burst,80,85
Josh Hayes,Josh Hayes,intelligence,77,72
Josh Hayes,Josh Hayes,tackle,82,77
Josh Hayes,Josh Hayes,manCover,92,87
Josh Hayes,Josh Hayes,zoneCover,94,89
Josh Hayes,Josh Hayes,catching,0,5
Josh Hayes,Josh Hayes,routeRun,0,5
Jonah Savaiinaea,Jonah Savaiinaea,rating,62,68
Jonah Savaiinaea,Jonah Savaiinaea,speed,68,73
Jonah Savaiinaea,Jonah Savaiinaea,power,73,78
Jonah Savaiinaea,Jonah Savaiinaea,agility,77,72
Jonah Savaiinaea,Jonah Savaiinaea,burst,68,73
Jonah Savaiinaea,Jonah Savaiinaea,intelligence,82,77
Jonah Savaiinaea,Jonah Savaiinaea,tackle,0,5
Jonah Savaiinaea,Jonah Savaiinaea,manCover,0,5
Jonah Savaiinaea,Jonah Savaiinaea,zoneCover,0,5
Jonah Savaiinaea,Jonah Savaiinaea,catching,0,5
Jonah Savaiinaea,Jonah Savaiinaea,routeRun,0,5
Qwan'tez Stiggers,Qwan'tez Stiggers,rating,62,68
Qwan'tez Stiggers,Qwan'tez Stiggers,speed,75,80
Qwan'tez Stiggers,Qwan'tez Stiggers,power,69,64
Qwan'tez Stiggers,Qwan'tez Stiggers,agility,86,83
Qwan'tez Stiggers,Qwan'tez Stiggers,burst,78,83
Qwan'tez Stiggers,Qwan'tez Stiggers,intelligence,72,67
Qwan'tez Stiggers,Qwan'tez Stiggers,tackle,73,68
Qwan'tez Stiggers,Qwan'tez Stiggers,manCover,75,70
Qwan'tez Stiggers,Qwan'tez Stiggers,zoneCover,79,74
Qwan'tez Stiggers,Qwan'tez Stiggers,catching,0,5
Qwan'tez Stiggers,Qwan'tez Stiggers,routeRun,0,5
Aeneas Peebles,Aeneas Peebles,rating,64,67
Aeneas Peebles,Aeneas Peebles,speed,76,73
Aeneas Peebles,Aeneas Peebles,power,79,81
Aeneas Peebles,Aeneas Peebles,agility,78,73
Aeneas Peebles,Aeneas Peebles,burst,88,83
Aeneas Peebles,Aeneas Peebles,intelligence,74,69
Aeneas Peebles,Aeneas Peebles,tackle,70,75
Aeneas Peebles,Aeneas Peebles,manCover,0,5
Aeneas Peebles,Aeneas Peebles,zoneCover,0,5
Aeneas Peebles,Aeneas Peebles,catching,0,5
Aeneas Peebles,Aeneas Peebles,routeRun,0,5
Elijah Hicks,Elijah Hicks,rating,70,67
Elijah Hicks,Elijah Hicks,speed,86,87
Elijah Hicks,Elijah Hicks,power,88,83
Elijah Hicks,Elijah Hicks,agility,87,82
Elijah Hicks,Elijah Hicks,burst,77,82
Elijah Hicks,Elijah Hicks,intelligence,80,75
Elijah Hicks,Elijah Hicks,tackle,86,81
Elijah Hicks,Elijah Hicks,manCover,89,84
Elijah Hicks,Elijah Hicks,zoneCover,88,83
Elijah Hicks,Elijah Hicks,catching,0,5
Elijah Hicks,Elijah Hicks,routeRun,0,5
Cade Stover,Cade Stover,rating,61,67
Cade Stover,Cade Stover,speed,76,81
Cade Stover,Cade Stover,power,75,74
Cade Stover,Cade Stover,agility,76,71
Cade Stover,Cade Stover,burst,69,74
Cade Stover,Cade Stover,intelligence,70,69
Cade Stover,Cade Stover,tackle,0,5
Cade Stover,Cade Stover,manCover,0,5
Cade Stover,Cade Stover,zoneCover,0,5
Cade Stover,Cade Stover,catching,84,79
Cade Stover,Cade Stover,routeRun,69,64
Jeffrey Bassa,Jeffrey Bassa,rating,70,67
Jeffrey Bassa,Jeffrey Bassa,speed,93,88
Jeffrey Bassa,Jeffrey Bassa,power,77,72
Jeffrey Bassa,Jeffrey Bassa,agility,83,78
Jeffrey Bassa,Jeffrey Bassa,burst,85,89
Jeffrey Bassa,Jeffrey Bassa,intelligence,87,82
Jeffrey Bassa,Jeffrey Bassa,tackle,82,81
Jeffrey Bassa,Jeffrey Bassa,manCover,0,5
Jeffrey Bassa,Jeffrey Bassa,zoneCover,0,5
Jeffrey Bassa,Jeffrey Bassa,catching,0,5
Jeffrey Bassa,Jeffrey Bassa,routeRun,0,5
Tyrion Ingram-Dawkins,Tyrion Ingram-Dawkins,rating,61,67
Tyrion Ingram-Dawkins,Tyrion Ingram-Dawkins,speed,84,79
Tyrion Ingram-Dawkins,Tyrion Ingram-Dawkins,power,74,79
Tyrion Ingram-Dawkins,Tyrion Ingram-Dawkins,agility,80,75
Tyrion Ingram-Dawkins,Tyrion Ingram-Dawkins,burst,70,75
Tyrion Ingram-Dawkins,Tyrion Ingram-Dawkins,intelligence,84,79
Tyrion Ingram-Dawkins,Tyrion Ingram-Dawkins,tackle,86,81
Tyrion Ingram-Dawkins,Tyrion Ingram-Dawkins,manCover,0,5
Tyrion Ingram-Dawkins,Tyrion Ingram-Dawkins,zoneCover,0,5
Tyrion Ingram-Dawkins,Tyrion Ingram-Dawkins,catching,0,5
Tyrion Ingram-Dawkins,Tyrion Ingram-Dawkins,routeRun,0,5
Isaiah Williams,Isaiah Williams,rating,73,67
Isaiah Williams,Isaiah Williams,speed,80,85
Isaiah Williams,Isaiah Williams,power,80,75
Isaiah Williams,Isaiah Williams,agility,71,76
Isaiah Williams,Isaiah Williams,burst,83,88
Isaiah Williams,Isaiah Williams,intelligence,82,77
Isaiah Williams,Isaiah Williams,tackle,0,5
Isaiah Williams,Isaiah Williams,manCover,0,5
Isaiah Williams,Isaiah Williams,zoneCover,0,5
Isaiah Williams,Isaiah Williams,catching,84,81
Isaiah Williams,Isaiah Williams,routeRun,79,74
Jelani Woods,Jelani Woods,rating,64,67
Jelani Woods,Jelani Woods,speed,73,78
Jelani Woods,Jelani Woods,agility,65,70
Jelani Woods,Jelani Woods,burst,83,87
Jelani Woods,Jelani Woods,intelligence,87,82
Jelani Woods,Jelani Woods,tackle,0,5
Jelani Woods,Jelani Woods,manCover,0,5
Jelani Woods,Jelani Woods,zoneCover,0,5
Jelani Woods,Jelani Woods,catching,82,78
Jelani Woods,Jelani Woods,routeRun,64,61
Dillon Gabriel,Dillon Gabriel,rating,72,66
Dillon Gabriel,Dillon Gabriel,speed,69,74
Dillon Gabriel,Dillon Gabriel,power,67,62
Dillon Gabriel,Dillon Gabriel,agility,70,75
Dillon Gabriel,Dillon Gabriel,burst,79,84
Dillon Gabriel,Dillon Gabriel,intelligence,83,78
Dillon Gabriel,Dillon Gabriel,tackle,0,5
Dillon Gabriel,Dillon Gabriel,manCover,0,5
Dillon Gabriel,Dillon Gabriel,zoneCover,0,5
Dillon Gabriel,Dillon Gabriel,catching,0,5
Dillon Gabriel,Dillon Gabriel,routeRun,0,5
Ty'Ron Hopper,Ty'Ron Hopper,rating,60,66
Ty'Ron Hopper,Ty'Ron Hopper,speed,85,83
Ty'Ron Hopper,Ty'Ron Hopper,power,68,66
Ty'Ron Hopper,Ty'Ron Hopper,agility,74,77
Ty'Ron Hopper,Ty'Ron Hopper,burst,76,81
Ty'Ron Hopper,Ty'Ron Hopper,intelligence,86,81
Ty'Ron Hopper,Ty'Ron Hopper,tackle,88,83
Ty'Ron Hopper,Ty'Ron Hopper,manCover,0,5
Ty'Ron Hopper,Ty'Ron Hopper,zoneCover,0,5
Ty'Ron Hopper,Ty'Ron Hopper,catching,0,5
Ty'Ron Hopper,Ty'Ron Hopper,routeRun,0,5
BJ Green II,BJ Green II,rating,70,64
BJ Green II,BJ Green II,speed,85,82
BJ Green II,BJ Green II,power,85,80
BJ Green II,BJ Green II,agility,72,73
BJ Green II,BJ Green II,burst,68,73
BJ Green II,BJ Green II,intelligence,79,74
BJ Green II,BJ Green II,manCover,0,5
BJ Green II,BJ Green II,zoneCover,0,5
BJ Green II,BJ Green II,catching,0,5
BJ Green II,BJ Green II,routeRun,0,5
Gavin Bartholomew,Gavin Bartholomew,rating,70,64
Gavin Bartholomew,Gavin Bartholomew,speed,86,82
Gavin Bartholomew,Gavin Bartholomew,power,76,71
Gavin Bartholomew,Gavin Bartholomew,agility,85,82
Gavin Bartholomew,Gavin Bartholomew,burst,70,75
Gavin Bartholomew,Gavin Bartholomew,intelligence,82,77
Gavin Bartholomew,Gavin Bartholomew,tackle,0,5
Gavin Bartholomew,Gavin Bartholomew,manCover,0,5
Gavin Bartholomew,Gavin Bartholomew,zoneCover,0,5
Gavin Bartholomew,Gavin Bartholomew,catching,80,76
Gavin Bartholomew,Gavin Bartholomew,routeRun,63,58
Luke Farrell,Luke Farrell,rating,67,64
Luke Farrell,Luke Farrell,speed,92,87
Luke Farrell,Luke Farrell,power,74,77
Luke Farrell,Luke Farrell,burst,78,79
Luke Farrell,Luke Farrell,intelligence,70,65
Luke Farrell,Luke Farrell,tackle,0,5
Luke Farrell,Luke Farrell,manCover,0,5
Luke Farrell,Luke Farrell,zoneCover,0,5
Luke Farrell,Luke Farrell,routeRun,81,76
Robert Beal Jr.,Robert Beal Jr,rating,69,63
Robert Beal Jr.,Robert Beal Jr,speed,86,90
Robert Beal Jr.,Robert Beal Jr,power,83,78
Robert Beal Jr.,Robert Beal Jr,agility,70,75
Robert Beal Jr.,Robert Beal Jr,burst,67,72
Robert Beal Jr.,Robert Beal Jr,intelligence,79,74
Robert Beal Jr.,Robert Beal Jr,tackle,80,75
Robert Beal Jr.,Robert Beal Jr,manCover,0,5
Robert Beal Jr.,Robert Beal Jr,zoneCover,0,5
Robert Beal Jr.,Robert Beal Jr,catching,0,5
Robert Beal Jr.,Robert Beal Jr,routeRun,0,5
Elijah Williams,Elijah Williams,rating,59,62
Elijah Williams,Elijah Williams,speed,73,68
Elijah Williams,Elijah Williams,power,76,81
Elijah Williams,Elijah Williams,agility,69,71
Elijah Williams,Elijah Williams,burst,87,82
Elijah Williams,Elijah Williams,intelligence,73,68
Elijah Williams,Elijah Williams,tackle,74,77
Elijah Williams,Elijah Williams,manCover,0,5
Elijah Williams,Elijah Williams,zoneCover,0,5
Elijah Williams,Elijah Williams,catching,0,5
Elijah Williams,Elijah Williams,routeRun,0,5
David Martin-Robinson,David Martin-Robinson,rating,68,62
David Martin-Robinson,David Martin-Robinson,power,78,73
David Martin-Robinson,David Martin-Robinson,agility,75,80
David Martin-Robinson,David Martin-Robinson,burst,92,87
David Martin-Robinson,David Martin-Robinson,intelligence,83,78
David Martin-Robinson,David Martin-Robinson,tackle,0,5
David Martin-Robinson,David Martin-Robinson,manCover,0,5
David Martin-Robinson,David Martin-Robinson,zoneCover,0,5
David Martin-Robinson,David Martin-Robinson,catching,75,78
David Martin-Robinson,David Martin-Robinson,routeRun,82,77
Nick Kallerup,Nick Kallerup,rating,66,60
Nick Kallerup,Nick Kallerup,speed,63,68
Nick Kallerup,Nick Kallerup,power,82,77
Nick Kallerup,Nick Kallerup,agility,85,80
Nick Kallerup,Nick Kallerup,burst,65,70
Nick Kallerup,Nick Kallerup,intelligence,77,72
Nick Kallerup,Nick Kallerup,tackle,0,5
Nick Kallerup,Nick Kallerup,manCover,0,5
Nick Kallerup,Nick Kallerup,zoneCover,0,5
Nick Kallerup,Nick Kallerup,catching,72,73
Nick Kallerup,Nick Kallerup,routeRun,82,77
Tyson Bagent,Tyson Bagent,rating,65,59
Tyson Bagent,Tyson Bagent,speed,82,79
Tyson Bagent,Tyson Bagent,power,73,68
Tyson Bagent,Tyson Bagent,agility,89,85
Tyson Bagent,Tyson Bagent,burst,81,86
Tyson Bagent,Tyson Bagent,intelligence,67,62
Tyson Bagent,Tyson Bagent,tackle,0,5
Tyson Bagent,Tyson Bagent,manCover,0,5
Tyson Bagent,Tyson Bagent,zoneCover,0,5
Tyson Bagent,Tyson Bagent,catching,0,5
Tyson Bagent,Tyson Bagent,routeRun,0,5
Amon-Ra St. Brown,Amon-Ra St. Brown,rating,92,96
Amon-Ra St. Brown,Amon-Ra St. Brown,speed,86,90
Amon-Ra St. Brown,Amon-Ra St. Brown,power,92,87
Amon-Ra St. Brown,Amon-Ra St. Brown,agility,92,91
Amon-Ra St. Brown,Amon-Ra St. Brown,burst,94,91
Amon-Ra St. Brown,Amon-Ra St. Brown,intelligence,86,91
Amon-Ra St. Brown,Amon-Ra St. Brown,tackle,0,5
Amon-Ra St. Brown,Amon-Ra St. Brown,manCover,0,5
Amon-Ra St. Brown,Amon-Ra St. Brown,zoneCover,0,5
Amon-Ra St. Brown,Amon-Ra St. Brown,routeRun,99,95
Trent McDuffie,Trent McDuffie,rating,90,94
Trent McDuffie,Trent McDuffie,speed,97,93
Trent McDuffie,Trent McDuffie,power,93,88
Trent McDuffie,Trent McDuffie,agility,92,94
Trent McDuffie,Trent McDuffie,burst,98,94
Trent McDuffie,Trent McDuffie,intelligence,86,91
Trent McDuffie,Trent McDuffie,tackle,88,83
Trent McDuffie,Trent McDuffie,manCover,96,94
Trent McDuffie,Trent McDuffie,zoneCover,90,92
Trent McDuffie,Trent McDuffie,catching,0,5
Trent McDuffie,Trent McDuffie,routeRun,0,5
DeVonta Smith,DeVonta Smith,rating,86,93
DeVonta Smith,DeVonta Smith,speed,84,89
DeVonta Smith,DeVonta Smith,power,72,67
DeVonta Smith,DeVonta Smith,burst,84,89
DeVonta Smith,DeVonta Smith,intelligence,92,96
DeVonta Smith,DeVonta Smith,tackle,0,5
DeVonta Smith,DeVonta Smith,manCover,0,5
DeVonta Smith,DeVonta Smith,zoneCover,0,5
DeVonta Smith,DeVonta Smith,catching,94,97
DeVonta Smith,DeVonta Smith,routeRun,90,93
Nnamdi Madubuike,Nnamdi Madubuike,rating,83,90
Nnamdi Madubuike,Nnamdi Madubuike,speed,82,80
Nnamdi Madubuike,Nnamdi Madubuike,power,85,90
Nnamdi Madubuike,Nnamdi Madubuike,agility,85,80
Nnamdi Madubuike,Nnamdi Madubuike,burst,93,88
Nnamdi Madubuike,Nnamdi Madubuike,intelligence,82,85
Nnamdi Madubuike,Nnamdi Madubuike,tackle,80,85
Nnamdi Madubuike,Nnamdi Madubuike,manCover,0,5
Nnamdi Madubuike,Nnamdi Madubuike,zoneCover,0,5
Nnamdi Madubuike,Nnamdi Madubuike,catching,0,5
Nnamdi Madubuike,Nnamdi Madubuike,routeRun,0,5
Aaron Brewer,Aaron Brewer,rating,86,90
Aaron Brewer,Aaron Brewer,speed,83,78
Aaron Brewer,Aaron Brewer,agility,91,86
Aaron Brewer,Aaron Brewer,burst,88,83
Aaron Brewer,Aaron Brewer,intelligence,89,94
Aaron Brewer,Aaron Brewer,tackle,0,5
Aaron Brewer,Aaron Brewer,manCover,0,5
Aaron Brewer,Aaron Brewer,zoneCover,0,5
Aaron Brewer,Aaron Brewer,catching,0,5
Aaron Brewer,Aaron Brewer,routeRun,0,5
Mike Evans,Mike Evans,rating,83,90
Mike Evans,Mike Evans,speed,75,80
Mike Evans,Mike Evans,power,93,88
Mike Evans,Mike Evans,agility,74,79
Mike Evans,Mike Evans,burst,76,81
Mike Evans,Mike Evans,intelligence,82,87
Mike Evans,Mike Evans,tackle,0,5
Mike Evans,Mike Evans,manCover,0,5
Mike Evans,Mike Evans,zoneCover,0,5
Mike Evans,Mike Evans,catching,98,93
Mike Evans,Mike Evans,routeRun,86,87
De'Von Achane,De'Von Achane,rating,92,88
De'Von Achane,De'Von Achane,speed,97,96
De'Von Achane,De'Von Achane,power,86,81
De'Von Achane,De'Von Achane,agility,87,91
De'Von Achane,De'Von Achane,burst,99,96
De'Von Achane,De'Von Achane,intelligence,92,87
De'Von Achane,De'Von Achane,tackle,0,5
De'Von Achane,De'Von Achane,manCover,0,5
De'Von Achane,De'Von Achane,zoneCover,0,5
De'Von Achane,De'Von Achane,catching,96,91
De'Von Achane,De'Von Achane,routeRun,84,79
Tetairoa McMillan,Tetairoa McMillan,rating,79,86
Tetairoa McMillan,Tetairoa McMillan,speed,83,88
Tetairoa McMillan,Tetairoa McMillan,power,91,86
Tetairoa McMillan,Tetairoa McMillan,agility,77,82
Tetairoa McMillan,Tetairoa McMillan,burst,77,82
Tetairoa McMillan,Tetairoa McMillan,intelligence,88,91
Tetairoa McMillan,Tetairoa McMillan,tackle,0,5
Tetairoa McMillan,Tetairoa McMillan,manCover,0,5
Tetairoa McMillan,Tetairoa McMillan,zoneCover,0,5
Tetairoa McMillan,Tetairoa McMillan,catching,83,88
Tetairoa McMillan,Tetairoa McMillan,routeRun,92,87
Trevor Lawrence,Trevor Lawrence,rating,89,85
Trevor Lawrence,Trevor Lawrence,speed,83,88
Trevor Lawrence,Trevor Lawrence,power,93,88
Trevor Lawrence,Trevor Lawrence,agility,82,87
Trevor Lawrence,Trevor Lawrence,burst,80,85
Trevor Lawrence,Trevor Lawrence,intelligence,94,89
Trevor Lawrence,Trevor Lawrence,tackle,0,5
Trevor Lawrence,Trevor Lawrence,manCover,0,5
Trevor Lawrence,Trevor Lawrence,zoneCover,0,5
Trevor Lawrence,Trevor Lawrence,catching,0,5
Trevor Lawrence,Trevor Lawrence,routeRun,0,5
Chase Brown,Chase Brown,rating,77,84
Chase Brown,Chase Brown,speed,91,93
Chase Brown,Chase Brown,power,81,76
Chase Brown,Chase Brown,agility,79,84
Chase Brown,Chase Brown,burst,78,83
Chase Brown,Chase Brown,intelligence,79,84
Chase Brown,Chase Brown,tackle,0,5
Chase Brown,Chase Brown,manCover,0,5
Chase Brown,Chase Brown,zoneCover,0,5
Chase Brown,Chase Brown,catching,80,75
Chase Brown,Chase Brown,routeRun,91,86
Rashan Gary,Rashan Gary,rating,77,84
Rashan Gary,Rashan Gary,speed,84,85
Rashan Gary,Rashan Gary,power,86,83
Rashan Gary,Rashan Gary,agility,86,81
Rashan Gary,Rashan Gary,intelligence,75,80
Rashan Gary,Rashan Gary,tackle,77,82
Rashan Gary,Rashan Gary,manCover,0,5
Rashan Gary,Rashan Gary,zoneCover,0,5
Rashan Gary,Rashan Gary,catching,0,5
Rashan Gary,Rashan Gary,routeRun,0,5
Landon Dickerson,Landon Dickerson,rating,80,84
Landon Dickerson,Landon Dickerson,speed,86,81
Landon Dickerson,Landon Dickerson,power,87,92
Landon Dickerson,Landon Dickerson,agility,86,81
Landon Dickerson,Landon Dickerson,burst,77,72
Landon Dickerson,Landon Dickerson,intelligence,79,84
Landon Dickerson,Landon Dickerson,tackle,0,5
Landon Dickerson,Landon Dickerson,manCover,0,5
Landon Dickerson,Landon Dickerson,zoneCover,0,5
Landon Dickerson,Landon Dickerson,catching,0,5
Landon Dickerson,Landon Dickerson,routeRun,0,5
Charles Cross,Charles Cross,rating,77,84
Charles Cross,Charles Cross,speed,84,79
Charles Cross,Charles Cross,power,98,93
Charles Cross,Charles Cross,agility,78,73
Charles Cross,Charles Cross,burst,84,79
Charles Cross,Charles Cross,intelligence,83,88
Charles Cross,Charles Cross,tackle,0,5
Charles Cross,Charles Cross,manCover,0,5
Charles Cross,Charles Cross,zoneCover,0,5
Charles Cross,Charles Cross,catching,0,5
Charles Cross,Charles Cross,routeRun,0,5
Jaylen Warren,Jaylen Warren,rating,79,83
Jaylen Warren,Jaylen Warren,speed,82,87
Jaylen Warren,Jaylen Warren,power,85,80
Jaylen Warren,Jaylen Warren,agility,77,80
Jaylen Warren,Jaylen Warren,burst,86,91
Jaylen Warren,Jaylen Warren,intelligence,88,87
Jaylen Warren,Jaylen Warren,tackle,0,5
Jaylen Warren,Jaylen Warren,manCover,0,5
Jaylen Warren,Jaylen Warren,zoneCover,0,5
Jaylen Warren,Jaylen Warren,catching,95,90
Jaylen Warren,Jaylen Warren,routeRun,90,85
Tony Pollard,Tony Pollard,rating,76,83
Tony Pollard,Tony Pollard,speed,93,90
Tony Pollard,Tony Pollard,power,84,79
Tony Pollard,Tony Pollard,agility,94,89
Tony Pollard,Tony Pollard,burst,95,93
Tony Pollard,Tony Pollard,intelligence,88,85
Tony Pollard,Tony Pollard,tackle,0,5
Tony Pollard,Tony Pollard,manCover,0,5
Tony Pollard,Tony Pollard,zoneCover,0,5
Tony Pollard,Tony Pollard,catching,88,83
Tony Pollard,Tony Pollard,routeRun,83,78
Tremaine Edmunds,Tremaine Edmunds,rating,75,82
Tremaine Edmunds,Tremaine Edmunds,speed,83,85
Tremaine Edmunds,Tremaine Edmunds,power,86,81
Tremaine Edmunds,Tremaine Edmunds,agility,81,84
Tremaine Edmunds,Tremaine Edmunds,burst,75,80
Tremaine Edmunds,Tremaine Edmunds,intelligence,79,84
Tremaine Edmunds,Tremaine Edmunds,tackle,84,88
Tremaine Edmunds,Tremaine Edmunds,manCover,84,79
Tremaine Edmunds,Tremaine Edmunds,zoneCover,88,83
Tremaine Edmunds,Tremaine Edmunds,catching,0,5
Tremaine Edmunds,Tremaine Edmunds,routeRun,0,5
Jayden Reed,Jayden Reed,rating,73,80
Jayden Reed,Jayden Reed,speed,79,84
Jayden Reed,Jayden Reed,power,85,80
Jayden Reed,Jayden Reed,agility,85,89
Jayden Reed,Jayden Reed,burst,90,94
Jayden Reed,Jayden Reed,intelligence,73,76
Jayden Reed,Jayden Reed,tackle,0,5
Jayden Reed,Jayden Reed,manCover,0,5
Jayden Reed,Jayden Reed,zoneCover,0,5
Jayden Reed,Jayden Reed,catching,86,81
Jayden Reed,Jayden Reed,routeRun,83,82
Tarheeb Still,Tarheeb Still,rating,73,80
Tarheeb Still,Tarheeb Still,speed,83,88
Tarheeb Still,Tarheeb Still,power,84,79
Tarheeb Still,Tarheeb Still,agility,90,85
Tarheeb Still,Tarheeb Still,burst,74,79
Tarheeb Still,Tarheeb Still,intelligence,86,81
Tarheeb Still,Tarheeb Still,tackle,79,74
Tarheeb Still,Tarheeb Still,manCover,78,77
Tarheeb Still,Tarheeb Still,catching,0,5
Tarheeb Still,Tarheeb Still,routeRun,0,5
Jayden Daniels,Jayden Daniels,rating,87,80
Jayden Daniels,Jayden Daniels,speed,92,90
Jayden Daniels,Jayden Daniels,power,74,69
Jayden Daniels,Jayden Daniels,agility,98,93
Jayden Daniels,Jayden Daniels,burst,94,91
Jayden Daniels,Jayden Daniels,intelligence,80,75
Jayden Daniels,Jayden Daniels,tackle,0,5
Jayden Daniels,Jayden Daniels,manCover,0,5
Jayden Daniels,Jayden Daniels,zoneCover,0,5
Jayden Daniels,Jayden Daniels,catching,0,5
Jayden Daniels,Jayden Daniels,routeRun,0,5
Travis Jones,Travis Jones,rating,83,79
Travis Jones,Travis Jones,speed,82,77
Travis Jones,Travis Jones,power,94,95
Travis Jones,Travis Jones,agility,77,72
Travis Jones,Travis Jones,burst,84,79
Travis Jones,Travis Jones,intelligence,85,80
Travis Jones,Travis Jones,tackle,76,81
Travis Jones,Travis Jones,manCover,0,5
Travis Jones,Travis Jones,zoneCover,0,5
Travis Jones,Travis Jones,catching,0,5
Travis Jones,Travis Jones,routeRun,0,5
Cole Bishop,Cole Bishop,rating,75,79
Cole Bishop,Cole Bishop,speed,87,91
Cole Bishop,Cole Bishop,power,80,75
Cole Bishop,Cole Bishop,agility,91,86
Cole Bishop,Cole Bishop,burst,84,89
Cole Bishop,Cole Bishop,intelligence,82,79
Cole Bishop,Cole Bishop,tackle,74,70
Cole Bishop,Cole Bishop,manCover,89,84
Cole Bishop,Cole Bishop,zoneCover,74,79
Cole Bishop,Cole Bishop,catching,0,5
Cole Bishop,Cole Bishop,routeRun,0,5
David Edwards,David Edwards,rating,86,79
David Edwards,David Edwards,speed,84,79
David Edwards,David Edwards,power,95,90
David Edwards,David Edwards,agility,91,86
David Edwards,David Edwards,burst,86,81
David Edwards,David Edwards,intelligence,85,87
David Edwards,David Edwards,tackle,0,5
David Edwards,David Edwards,manCover,0,5
David Edwards,David Edwards,zoneCover,0,5
David Edwards,David Edwards,catching,0,5
David Edwards,David Edwards,routeRun,0,5
Greg Newsome II,Greg Newsome II,rating,72,79
Greg Newsome II,Greg Newsome II,speed,90,91
Greg Newsome II,Greg Newsome II,power,88,83
Greg Newsome II,Greg Newsome II,agility,74,79
Greg Newsome II,Greg Newsome II,burst,89,92
Greg Newsome II,Greg Newsome II,intelligence,71,76
Greg Newsome II,Greg Newsome II,tackle,82,77
Greg Newsome II,Greg Newsome II,manCover,94,89
Greg Newsome II,Greg Newsome II,zoneCover,87,82
Greg Newsome II,Greg Newsome II,catching,0,5
Greg Newsome II,Greg Newsome II,routeRun,0,5
Walter Nolen,Walter Nolen III,rating,74,78
Walter Nolen,Walter Nolen III,power,95,90
Walter Nolen,Walter Nolen III,agility,91,86
Walter Nolen,Walter Nolen III,burst,87,88
Walter Nolen,Walter Nolen III,intelligence,81,76
Walter Nolen,Walter Nolen III,tackle,93,88
Walter Nolen,Walter Nolen III,manCover,0,5
Walter Nolen,Walter Nolen III,zoneCover,0,5
Walter Nolen,Walter Nolen III,catching,0,5
Walter Nolen,Walter Nolen III,routeRun,0,5
Jalen Coker,Jalen Coker,rating,74,78
Jalen Coker,Jalen Coker,speed,72,77
Jalen Coker,Jalen Coker,power,84,79
Jalen Coker,Jalen Coker,agility,86,81
Jalen Coker,Jalen Coker,burst,88,92
Jalen Coker,Jalen Coker,intelligence,80,83
Jalen Coker,Jalen Coker,tackle,0,5
Jalen Coker,Jalen Coker,manCover,0,5
Jalen Coker,Jalen Coker,zoneCover,0,5
Jalen Coker,Jalen Coker,catching,88,89
Jalen Coker,Jalen Coker,routeRun,79,80
Chuck Clark,Chuck Clark,rating,71,78
Chuck Clark,Chuck Clark,speed,85,87
Chuck Clark,Chuck Clark,power,87,82
Chuck Clark,Chuck Clark,agility,85,84
Chuck Clark,Chuck Clark,intelligence,83,82
Chuck Clark,Chuck Clark,tackle,73,78
Chuck Clark,Chuck Clark,zoneCover,86,81
Chuck Clark,Chuck Clark,catching,0,5
Chuck Clark,Chuck Clark,routeRun,0,5
Jaylinn Hawkins,Jaylinn Hawkins,rating,84,77
Jaylinn Hawkins,Jaylinn Hawkins,speed,79,84
Jaylinn Hawkins,Jaylinn Hawkins,power,80,75
Jaylinn Hawkins,Jaylinn Hawkins,agility,84,82
Jaylinn Hawkins,Jaylinn Hawkins,burst,90,87
Jaylinn Hawkins,Jaylinn Hawkins,intelligence,82,81
Jaylinn Hawkins,Jaylinn Hawkins,tackle,96,91
Jaylinn Hawkins,Jaylinn Hawkins,manCover,81,76
Jaylinn Hawkins,Jaylinn Hawkins,zoneCover,84,79
Jaylinn Hawkins,Jaylinn Hawkins,catching,0,5
Jaylinn Hawkins,Jaylinn Hawkins,routeRun,0,5
Teven Jenkins,Teven Jenkins,rating,84,77
Teven Jenkins,Teven Jenkins,speed,78,74
Teven Jenkins,Teven Jenkins,power,92,91
Teven Jenkins,Teven Jenkins,agility,88,83
Teven Jenkins,Teven Jenkins,burst,89,84
Teven Jenkins,Teven Jenkins,intelligence,85,80
Teven Jenkins,Teven Jenkins,tackle,0,5
Teven Jenkins,Teven Jenkins,manCover,0,5
Teven Jenkins,Teven Jenkins,zoneCover,0,5
Teven Jenkins,Teven Jenkins,catching,0,5
Teven Jenkins,Teven Jenkins,routeRun,0,5
Daniel Jones,Daniel Jones,rating,84,77
Daniel Jones,Daniel Jones,speed,88,87
Daniel Jones,Daniel Jones,power,85,80
Daniel Jones,Daniel Jones,agility,95,90
Daniel Jones,Daniel Jones,burst,93,88
Daniel Jones,Daniel Jones,intelligence,75,77
Daniel Jones,Daniel Jones,tackle,0,5
Daniel Jones,Daniel Jones,manCover,0,5
Daniel Jones,Daniel Jones,zoneCover,0,5
Daniel Jones,Daniel Jones,catching,0,5
Daniel Jones,Daniel Jones,routeRun,0,5
Keeanu Benton,Keeanu Benton,rating,70,77
Keeanu Benton,Keeanu Benton,speed,82,77
Keeanu Benton,Keeanu Benton,power,94,89
Keeanu Benton,Keeanu Benton,agility,73,69
Keeanu Benton,Keeanu Benton,burst,74,75
Keeanu Benton,Keeanu Benton,intelligence,92,87
Keeanu Benton,Keeanu Benton,tackle,86,84
Keeanu Benton,Keeanu Benton,manCover,0,5
Keeanu Benton,Keeanu Benton,zoneCover,0,5
Keeanu Benton,Keeanu Benton,catching,0,5
Keeanu Benton,Keeanu Benton,routeRun,0,5
Tyjae Spears,Tyjae Spears,rating,70,77
Tyjae Spears,Tyjae Spears,speed,82,87
Tyjae Spears,Tyjae Spears,power,84,79
Tyjae Spears,Tyjae Spears,agility,74,79
Tyjae Spears,Tyjae Spears,burst,77,82
Tyjae Spears,Tyjae Spears,intelligence,76,71
Tyjae Spears,Tyjae Spears,tackle,0,5
Tyjae Spears,Tyjae Spears,manCover,0,5
Tyjae Spears,Tyjae Spears,zoneCover,0,5
Tyjae Spears,Tyjae Spears,catching,76,74
Tyjae Spears,Tyjae Spears,routeRun,71,66
Ronnie Hickman Jr.,Ronnie Hickman,rating,72,76
Ronnie Hickman Jr.,Ronnie Hickman,speed,85,86
Ronnie Hickman Jr.,Ronnie Hickman,power,91,86
Ronnie Hickman Jr.,Ronnie Hickman,agility,86,81
Ronnie Hickman Jr.,Ronnie Hickman,burst,86,89
Ronnie Hickman Jr.,Ronnie Hickman,intelligence,75,77
Ronnie Hickman Jr.,Ronnie Hickman,tackle,79,75
Ronnie Hickman Jr.,Ronnie Hickman,manCover,75,74
Ronnie Hickman Jr.,Ronnie Hickman,zoneCover,79,74
Ronnie Hickman Jr.,Ronnie Hickman,catching,0,5
Ronnie Hickman Jr.,Ronnie Hickman,routeRun,0,5
D.J. Jones,D.J. Jones,rating,83,76
D.J. Jones,D.J. Jones,speed,93,88
D.J. Jones,D.J. Jones,power,93,88
D.J. Jones,D.J. Jones,agility,90,85
D.J. Jones,D.J. Jones,burst,90,85
D.J. Jones,D.J. Jones,intelligence,83,85
D.J. Jones,D.J. Jones,tackle,80,77
D.J. Jones,D.J. Jones,manCover,0,5
D.J. Jones,D.J. Jones,zoneCover,0,5
D.J. Jones,D.J. Jones,catching,0,5
D.J. Jones,D.J. Jones,routeRun,0,5
Evan Williams,Evan Williams,rating,69,76
Evan Williams,Evan Williams,speed,74,79
Evan Williams,Evan Williams,power,85,80
Evan Williams,Evan Williams,agility,87,82
Evan Williams,Evan Williams,burst,77,82
Evan Williams,Evan Williams,intelligence,87,82
Evan Williams,Evan Williams,tackle,78,74
Evan Williams,Evan Williams,manCover,79,74
Evan Williams,Evan Williams,zoneCover,77,75
Evan Williams,Evan Williams,catching,0,5
Evan Williams,Evan Williams,routeRun,0,5
Arik Armstead,Arik Armstead,rating,83,76
Arik Armstead,Arik Armstead,speed,86,81
Arik Armstead,Arik Armstead,power,97,92
Arik Armstead,Arik Armstead,agility,93,88
Arik Armstead,Arik Armstead,burst,77,72
Arik Armstead,Arik Armstead,intelligence,86,81
Arik Armstead,Arik Armstead,tackle,83,85
Arik Armstead,Arik Armstead,manCover,0,5
Arik Armstead,Arik Armstead,zoneCover,0,5
Arik Armstead,Arik Armstead,catching,0,5
Arik Armstead,Arik Armstead,routeRun,0,5
Darnell Washington,Darnell Washington,rating,69,76
Darnell Washington,Darnell Washington,speed,74,79
Darnell Washington,Darnell Washington,power,98,93
Darnell Washington,Darnell Washington,agility,79,84
Darnell Washington,Darnell Washington,burst,76,81
Darnell Washington,Darnell Washington,intelligence,75,70
Darnell Washington,Darnell Washington,tackle,0,5
Darnell Washington,Darnell Washington,manCover,0,5
Darnell Washington,Darnell Washington,zoneCover,0,5
Darnell Washington,Darnell Washington,catching,81,78
Darnell Washington,Darnell Washington,routeRun,84,79
Demarcus Robinson,Demarcus Robinson,rating,80,76
Demarcus Robinson,Demarcus Robinson,speed,84,87
Demarcus Robinson,Demarcus Robinson,power,89,84
Demarcus Robinson,Demarcus Robinson,burst,83,88
Demarcus Robinson,Demarcus Robinson,intelligence,96,91
Demarcus Robinson,Demarcus Robinson,tackle,0,5
Demarcus Robinson,Demarcus Robinson,manCover,0,5
Demarcus Robinson,Demarcus Robinson,zoneCover,0,5
Demarcus Robinson,Demarcus Robinson,catching,85,86
Demarcus Robinson,Demarcus Robinson,routeRun,90,85
Graham Barton,Graham Barton,rating,69,76
Graham Barton,Graham Barton,speed,86,81
Graham Barton,Graham Barton,power,72,77
Graham Barton,Graham Barton,agility,69,73
Graham Barton,Graham Barton,intelligence,84,83
Graham Barton,Graham Barton,tackle,0,5
Graham Barton,Graham Barton,manCover,0,5
Graham Barton,Graham Barton,zoneCover,0,5
Graham Barton,Graham Barton,catching,0,5
Graham Barton,Graham Barton,routeRun,0,5
Josh Palmer,Joshua Palmer,rating,79,75
Josh Palmer,Joshua Palmer,speed,93,88
Josh Palmer,Joshua Palmer,power,75,70
Josh Palmer,Joshua Palmer,agility,74,79
Josh Palmer,Joshua Palmer,burst,80,85
Josh Palmer,Joshua Palmer,intelligence,82,84
Josh Palmer,Joshua Palmer,tackle,0,5
Josh Palmer,Joshua Palmer,manCover,0,5
Josh Palmer,Joshua Palmer,zoneCover,0,5
Josh Palmer,Joshua Palmer,catching,81,84
Josh Palmer,Joshua Palmer,routeRun,88,83
Ryan Wright,Ryan Wright,rating,82,75
Ryan Wright,Ryan Wright,speed,76,80
Ryan Wright,Ryan Wright,power,93,88
Ryan Wright,Ryan Wright,agility,71,66
Ryan Wright,Ryan Wright,intelligence,71,66
Ryan Wright,Ryan Wright,tackle,0,5
Ryan Wright,Ryan Wright,manCover,0,5
Ryan Wright,Ryan Wright,zoneCover,0,5
Ryan Wright,Ryan Wright,catching,0,5
Ryan Wright,Ryan Wright,routeRun,0,5
Devin Singletary,Devin Singletary,rating,71,75
Devin Singletary,Devin Singletary,speed,73,78
Devin Singletary,Devin Singletary,power,91,86
Devin Singletary,Devin Singletary,agility,78,83
Devin Singletary,Devin Singletary,burst,74,79
Devin Singletary,Devin Singletary,intelligence,90,85
Devin Singletary,Devin Singletary,tackle,0,5
Devin Singletary,Devin Singletary,manCover,0,5
Devin Singletary,Devin Singletary,zoneCover,0,5
Devin Singletary,Devin Singletary,catching,91,86
Devin Singletary,Devin Singletary,routeRun,80,75
Tyler Bass,Tyler Bass,rating,81,74
Tyler Bass,Tyler Bass,speed,83,85
Tyler Bass,Tyler Bass,power,79,74
Tyler Bass,Tyler Bass,agility,79,74
Tyler Bass,Tyler Bass,burst,84,80
Tyler Bass,Tyler Bass,intelligence,90,85
Tyler Bass,Tyler Bass,tackle,0,5
Tyler Bass,Tyler Bass,manCover,0,5
Tyler Bass,Tyler Bass,zoneCover,0,5
Tyler Bass,Tyler Bass,catching,0,5
Tyler Bass,Tyler Bass,routeRun,0,5
Bobby Brown III,Bobby Brown III,rating,67,74
Bobby Brown III,Bobby Brown III,speed,78,73
Bobby Brown III,Bobby Brown III,power,81,86
Bobby Brown III,Bobby Brown III,agility,74,69
Bobby Brown III,Bobby Brown III,burst,85,80
Bobby Brown III,Bobby Brown III,intelligence,67,72
Bobby Brown III,Bobby Brown III,tackle,85,86
Bobby Brown III,Bobby Brown III,manCover,0,5
Bobby Brown III,Bobby Brown III,zoneCover,0,5
Bobby Brown III,Bobby Brown III,catching,0,5
Bobby Brown III,Bobby Brown III,routeRun,0,5
P.J. Locke,P.J. Locke,rating,67,74
P.J. Locke,P.J. Locke,speed,82,87
P.J. Locke,P.J. Locke,power,81,76
P.J. Locke,P.J. Locke,agility,79,80
P.J. Locke,P.J. Locke,burst,72,77
P.J. Locke,P.J. Locke,intelligence,70,75
P.J. Locke,P.J. Locke,tackle,78,73
P.J. Locke,P.J. Locke,manCover,74,69
P.J. Locke,P.J. Locke,zoneCover,77,74
P.J. Locke,P.J. Locke,catching,0,5
P.J. Locke,P.J. Locke,routeRun,0,5
Malik Willis,Malik Willis,rating,81,74
Malik Willis,Malik Willis,speed,83,88
Malik Willis,Malik Willis,power,84,79
Malik Willis,Malik Willis,agility,82,87
Malik Willis,Malik Willis,burst,84,89
Malik Willis,Malik Willis,intelligence,84,79
Malik Willis,Malik Willis,tackle,0,5
Malik Willis,Malik Willis,manCover,0,5
Malik Willis,Malik Willis,zoneCover,0,5
Malik Willis,Malik Willis,catching,0,5
Malik Willis,Malik Willis,routeRun,0,5
Kris Abrams-Draine,Kris Abrams-Draine,rating,69,73
Kris Abrams-Draine,Kris Abrams-Draine,speed,68,73
Kris Abrams-Draine,Kris Abrams-Draine,power,87,82
Kris Abrams-Draine,Kris Abrams-Draine,agility,72,77
Kris Abrams-Draine,Kris Abrams-Draine,burst,83,88
Kris Abrams-Draine,Kris Abrams-Draine,intelligence,84,79
Kris Abrams-Draine,Kris Abrams-Draine,tackle,85,80
Kris Abrams-Draine,Kris Abrams-Draine,manCover,74,75
Kris Abrams-Draine,Kris Abrams-Draine,zoneCover,82,77
Kris Abrams-Draine,Kris Abrams-Draine,catching,0,5
Kris Abrams-Draine,Kris Abrams-Draine,routeRun,0,5
Jaylin Noel,Jaylin Noel,rating,77,73
Jaylin Noel,Jaylin Noel,speed,82,87
Jaylin Noel,Jaylin Noel,power,89,84
Jaylin Noel,Jaylin Noel,agility,81,86
Jaylin Noel,Jaylin Noel,burst,92,94
Jaylin Noel,Jaylin Noel,intelligence,77,72
Jaylin Noel,Jaylin Noel,tackle,0,5
Jaylin Noel,Jaylin Noel,manCover,0,5
Jaylin Noel,Jaylin Noel,zoneCover,0,5
Jaylin Noel,Jaylin Noel,routeRun,87,82
Tre Harris,Tre' Harris,rating,66,73
Tre Harris,Tre' Harris,speed,76,81
Tre Harris,Tre' Harris,power,82,77
Tre Harris,Tre' Harris,agility,84,82
Tre Harris,Tre' Harris,burst,83,88
Tre Harris,Tre' Harris,intelligence,79,76
Tre Harris,Tre' Harris,tackle,0,5
Tre Harris,Tre' Harris,manCover,0,5
Tre Harris,Tre' Harris,zoneCover,0,5
Tre Harris,Tre' Harris,catching,73,78
James Houston,James Houston IV,rating,65,72
James Houston,James Houston IV,speed,93,88
James Houston,James Houston IV,power,84,79
James Houston,James Houston IV,agility,79,74
James Houston,James Houston IV,burst,73,78
James Houston,James Houston IV,intelligence,70,72
James Houston,James Houston IV,tackle,83,78
James Houston,James Houston IV,manCover,0,5
James Houston,James Houston IV,zoneCover,0,5
James Houston,James Houston IV,catching,0,5
James Houston,James Houston IV,routeRun,0,5
Josh Myers,Josh Myers,rating,65,72
Josh Myers,Josh Myers,speed,80,75
Josh Myers,Josh Myers,power,87,89
Josh Myers,Josh Myers,agility,77,72
Josh Myers,Josh Myers,burst,81,76
Josh Myers,Josh Myers,intelligence,83,80
Josh Myers,Josh Myers,tackle,0,5
Josh Myers,Josh Myers,manCover,0,5
Josh Myers,Josh Myers,zoneCover,0,5
Josh Myers,Josh Myers,catching,0,5
Josh Myers,Josh Myers,routeRun,0,5
Dylan Fairchild,Dylan Fairchild,rating,78,71
Dylan Fairchild,Dylan Fairchild,speed,74,71
Dylan Fairchild,Dylan Fairchild,agility,73,68
Dylan Fairchild,Dylan Fairchild,burst,77,78
Dylan Fairchild,Dylan Fairchild,intelligence,79,75
Dylan Fairchild,Dylan Fairchild,tackle,0,5
Dylan Fairchild,Dylan Fairchild,manCover,0,5
Dylan Fairchild,Dylan Fairchild,zoneCover,0,5
Dylan Fairchild,Dylan Fairchild,catching,0,5
Dylan Fairchild,Dylan Fairchild,routeRun,0,5
Tylan Wallace,Tylan Wallace,rating,64,71
Tylan Wallace,Tylan Wallace,speed,92,90
Tylan Wallace,Tylan Wallace,power,73,68
Tylan Wallace,Tylan Wallace,agility,86,89
Tylan Wallace,Tylan Wallace,burst,86,91
Tylan Wallace,Tylan Wallace,intelligence,83,78
Tylan Wallace,Tylan Wallace,tackle,0,5
Tylan Wallace,Tylan Wallace,manCover,0,5
Tylan Wallace,Tylan Wallace,zoneCover,0,5
Tylan Wallace,Tylan Wallace,catching,75,80
Tylan Wallace,Tylan Wallace,routeRun,69,70
Caelen Carson,Caelen Carson,rating,64,71
Caelen Carson,Caelen Carson,speed,81,86
Caelen Carson,Caelen Carson,power,75,70
Caelen Carson,Caelen Carson,agility,80,85
Caelen Carson,Caelen Carson,burst,76,81
Caelen Carson,Caelen Carson,intelligence,75,70
Caelen Carson,Caelen Carson,tackle,84,79
Caelen Carson,Caelen Carson,manCover,77,72
Caelen Carson,Caelen Carson,zoneCover,70,73
Caelen Carson,Caelen Carson,catching,0,5
Caelen Carson,Caelen Carson,routeRun,0,5
Ty Hamilton,Ty Hamilton,rating,64,71
Ty Hamilton,Ty Hamilton,speed,77,75
Ty Hamilton,Ty Hamilton,power,70,75
Ty Hamilton,Ty Hamilton,agility,70,65
Ty Hamilton,Ty Hamilton,burst,79,80
Ty Hamilton,Ty Hamilton,intelligence,66,69
Ty Hamilton,Ty Hamilton,tackle,68,73
Ty Hamilton,Ty Hamilton,manCover,0,5
Ty Hamilton,Ty Hamilton,zoneCover,0,5
Ty Hamilton,Ty Hamilton,catching,0,5
Ty Hamilton,Ty Hamilton,routeRun,0,5
Joshua Farmer,Joshua Farmer,rating,78,71
Joshua Farmer,Joshua Farmer,speed,82,77
Joshua Farmer,Joshua Farmer,power,93,88
Joshua Farmer,Joshua Farmer,agility,83,78
Joshua Farmer,Joshua Farmer,intelligence,84,79
Joshua Farmer,Joshua Farmer,tackle,84,81
Joshua Farmer,Joshua Farmer,manCover,0,5
Joshua Farmer,Joshua Farmer,zoneCover,0,5
Joshua Farmer,Joshua Farmer,catching,0,5
Joshua Farmer,Joshua Farmer,routeRun,0,5
Jacob Cowing,Jacob Cowing,rating,64,71
Jacob Cowing,Jacob Cowing,speed,72,77
Jacob Cowing,Jacob Cowing,power,71,66
Jacob Cowing,Jacob Cowing,burst,75,80
Jacob Cowing,Jacob Cowing,intelligence,89,84
Jacob Cowing,Jacob Cowing,tackle,0,5
Jacob Cowing,Jacob Cowing,manCover,0,5
Jacob Cowing,Jacob Cowing,zoneCover,0,5
Jacob Cowing,Jacob Cowing,routeRun,74,76
Gunnar Helm,Gunnar Helm,rating,75,71
Gunnar Helm,Gunnar Helm,speed,72,77
Gunnar Helm,Gunnar Helm,power,83,78
Gunnar Helm,Gunnar Helm,agility,86,81
Gunnar Helm,Gunnar Helm,burst,71,76
Gunnar Helm,Gunnar Helm,intelligence,74,79
Gunnar Helm,Gunnar Helm,tackle,0,5
Gunnar Helm,Gunnar Helm,manCover,0,5
Gunnar Helm,Gunnar Helm,zoneCover,0,5
Gunnar Helm,Gunnar Helm,catching,94,89
Gunnar Helm,Gunnar Helm,routeRun,88,83
Cam Jackson,Cam Jackson,rating,77,70
Cam Jackson,Cam Jackson,speed,77,72
Cam Jackson,Cam Jackson,power,85,87
Cam Jackson,Cam Jackson,agility,75,70
Cam Jackson,Cam Jackson,burst,83,78
Cam Jackson,Cam Jackson,intelligence,76,71
Cam Jackson,Cam Jackson,tackle,86,81
Cam Jackson,Cam Jackson,manCover,0,5
Cam Jackson,Cam Jackson,zoneCover,0,5
Cam Jackson,Cam Jackson,catching,0,5
Cam Jackson,Cam Jackson,routeRun,0,5
Luke Musgrave,Luke Musgrave,rating,66,70
Luke Musgrave,Luke Musgrave,speed,72,77
Luke Musgrave,Luke Musgrave,power,76,75
Luke Musgrave,Luke Musgrave,agility,88,83
Luke Musgrave,Luke Musgrave,burst,80,85
Luke Musgrave,Luke Musgrave,intelligence,76,71
Luke Musgrave,Luke Musgrave,tackle,0,5
Luke Musgrave,Luke Musgrave,manCover,0,5
Luke Musgrave,Luke Musgrave,zoneCover,0,5
Luke Musgrave,Luke Musgrave,catching,82,85
Luke Musgrave,Luke Musgrave,routeRun,83,78
Jalen Travis,Jalen Travis,rating,63,70
Jalen Travis,Jalen Travis,speed,84,79
Jalen Travis,Jalen Travis,power,90,88
Jalen Travis,Jalen Travis,agility,84,79
Jalen Travis,Jalen Travis,burst,84,79
Jalen Travis,Jalen Travis,intelligence,89,84
Jalen Travis,Jalen Travis,tackle,0,5
Jalen Travis,Jalen Travis,manCover,0,5
Jalen Travis,Jalen Travis,zoneCover,0,5
Jalen Travis,Jalen Travis,catching,0,5
Jalen Travis,Jalen Travis,routeRun,0,5
Isaiah Adams,Isaiah Adams,rating,76,69
Isaiah Adams,Isaiah Adams,speed,80,75
Isaiah Adams,Isaiah Adams,power,87,86
Isaiah Adams,Isaiah Adams,agility,74,69
Isaiah Adams,Isaiah Adams,burst,84,79
Isaiah Adams,Isaiah Adams,intelligence,82,77
Isaiah Adams,Isaiah Adams,tackle,0,5
Isaiah Adams,Isaiah Adams,manCover,0,5
Isaiah Adams,Isaiah Adams,zoneCover,0,5
Isaiah Adams,Isaiah Adams,catching,0,5
Isaiah Adams,Isaiah Adams,routeRun,0,5
Raheim Sanders,Raheim Sanders,rating,73,69
Raheim Sanders,Raheim Sanders,speed,83,88
Raheim Sanders,Raheim Sanders,power,80,75
Raheim Sanders,Raheim Sanders,agility,74,79
Raheim Sanders,Raheim Sanders,burst,81,86
Raheim Sanders,Raheim Sanders,intelligence,85,80
Raheim Sanders,Raheim Sanders,tackle,0,5
Raheim Sanders,Raheim Sanders,manCover,0,5
Raheim Sanders,Raheim Sanders,zoneCover,0,5
Raheim Sanders,Raheim Sanders,catching,78,73
Raheim Sanders,Raheim Sanders,routeRun,90,85
Tommy Eichenberg,Tommy Eichenberg,rating,62,69
Tommy Eichenberg,Tommy Eichenberg,speed,79,78
Tommy Eichenberg,Tommy Eichenberg,power,78,75
Tommy Eichenberg,Tommy Eichenberg,agility,62,67
Tommy Eichenberg,Tommy Eichenberg,burst,76,81
Tommy Eichenberg,Tommy Eichenberg,intelligence,81,76
Tommy Eichenberg,Tommy Eichenberg,tackle,73,78
Tommy Eichenberg,Tommy Eichenberg,manCover,80,75
Tommy Eichenberg,Tommy Eichenberg,zoneCover,81,76
Tommy Eichenberg,Tommy Eichenberg,catching,0,5
Tommy Eichenberg,Tommy Eichenberg,routeRun,0,5
Spencer Rattler,Spencer Rattler,rating,73,69
Spencer Rattler,Spencer Rattler,speed,81,83
Spencer Rattler,Spencer Rattler,power,69,64
Spencer Rattler,Spencer Rattler,agility,83,78
Spencer Rattler,Spencer Rattler,intelligence,87,82
Spencer Rattler,Spencer Rattler,tackle,0,5
Spencer Rattler,Spencer Rattler,manCover,0,5
Spencer Rattler,Spencer Rattler,zoneCover,0,5
Spencer Rattler,Spencer Rattler,catching,0,5
Spencer Rattler,Spencer Rattler,routeRun,0,5
Chris Rumph II,Chris Rumph II,rating,65,69
Chris Rumph II,Chris Rumph II,speed,88,83
Chris Rumph II,Chris Rumph II,power,75,74
Chris Rumph II,Chris Rumph II,agility,77,79
Chris Rumph II,Chris Rumph II,burst,76,81
Chris Rumph II,Chris Rumph II,intelligence,78,73
Chris Rumph II,Chris Rumph II,manCover,0,5
Chris Rumph II,Chris Rumph II,zoneCover,0,5
Chris Rumph II,Chris Rumph II,catching,0,5
Chris Rumph II,Chris Rumph II,routeRun,0,5
Jordan Watkins,Jordan Watkins,rating,76,69
Jordan Watkins,Jordan Watkins,speed,80,85
Jordan Watkins,Jordan Watkins,power,80,75
Jordan Watkins,Jordan Watkins,agility,67,72
Jordan Watkins,Jordan Watkins,burst,96,93
Jordan Watkins,Jordan Watkins,intelligence,74,69
Jordan Watkins,Jordan Watkins,tackle,0,5
Jordan Watkins,Jordan Watkins,manCover,0,5
Jordan Watkins,Jordan Watkins,zoneCover,0,5
Jordan Watkins,Jordan Watkins,catching,89,84
Jordan Watkins,Jordan Watkins,routeRun,81,76
Efton Chism III,Efton Chism III,rating,72,68
Efton Chism III,Efton Chism III,speed,76,81
Efton Chism III,Efton Chism III,power,72,67
Efton Chism III,Efton Chism III,agility,88,90
Efton Chism III,Efton Chism III,burst,84,87
Efton Chism III,Efton Chism III,intelligence,80,75
Efton Chism III,Efton Chism III,tackle,0,5
Efton Chism III,Efton Chism III,manCover,0,5
Efton Chism III,Efton Chism III,zoneCover,0,5
Efton Chism III,Efton Chism III,catching,85,81
Efton Chism III,Efton Chism III,routeRun,82,77
Donte Kent,Donte Kent,rating,64,68
Donte Kent,Donte Kent,speed,74,79
Donte Kent,Donte Kent,power,78,73
Donte Kent,Donte Kent,agility,72,77
Donte Kent,Donte Kent,burst,77,82
Donte Kent,Donte Kent,intelligence,85,80
Donte Kent,Donte Kent,tackle,71,66
Donte Kent,Donte Kent,manCover,82,77
Donte Kent,Donte Kent,zoneCover,81,76
Donte Kent,Donte Kent,catching,0,5
Donte Kent,Donte Kent,routeRun,0,5
Kitan Oladapo,Kitan Oladapo,rating,71,67
Kitan Oladapo,Kitan Oladapo,speed,79,84
Kitan Oladapo,Kitan Oladapo,power,78,73
Kitan Oladapo,Kitan Oladapo,agility,76,79
Kitan Oladapo,Kitan Oladapo,burst,91,89
Kitan Oladapo,Kitan Oladapo,intelligence,75,70
Kitan Oladapo,Kitan Oladapo,tackle,75,73
Kitan Oladapo,Kitan Oladapo,manCover,90,85
Kitan Oladapo,Kitan Oladapo,zoneCover,84,79
Kitan Oladapo,Kitan Oladapo,catching,0,5
Kitan Oladapo,Kitan Oladapo,routeRun,0,5
Davis Allen,Davis Allen,rating,60,67
Davis Allen,Davis Allen,speed,63,68
Davis Allen,Davis Allen,power,72,69
Davis Allen,Davis Allen,agility,75,78
Davis Allen,Davis Allen,burst,70,75
Davis Allen,Davis Allen,intelligence,71,72
Davis Allen,Davis Allen,tackle,0,5
Davis Allen,Davis Allen,manCover,0,5
Davis Allen,Davis Allen,zoneCover,0,5
Davis Allen,Davis Allen,catching,80,82
Davis Allen,Davis Allen,routeRun,85,80
Luke Newman,Luke Newman,rating,73,66
Luke Newman,Luke Newman,speed,76,71
Luke Newman,Luke Newman,power,83,87
Luke Newman,Luke Newman,agility,83,78
Luke Newman,Luke Newman,burst,88,83
Luke Newman,Luke Newman,intelligence,78,73
Luke Newman,Luke Newman,tackle,0,5
Luke Newman,Luke Newman,manCover,0,5
Luke Newman,Luke Newman,zoneCover,0,5
Luke Newman,Luke Newman,catching,0,5
Luke Newman,Luke Newman,routeRun,0,5
Dalton Tucker,Dalton Tucker,rating,58,65
Dalton Tucker,Dalton Tucker,speed,73,68
Dalton Tucker,Dalton Tucker,power,77,82
Dalton Tucker,Dalton Tucker,agility,71,66
Dalton Tucker,Dalton Tucker,burst,72,67
Dalton Tucker,Dalton Tucker,intelligence,66,63
Dalton Tucker,Dalton Tucker,tackle,0,5
Dalton Tucker,Dalton Tucker,manCover,0,5
Dalton Tucker,Dalton Tucker,zoneCover,0,5
Dalton Tucker,Dalton Tucker,catching,0,5
Dalton Tucker,Dalton Tucker,routeRun,0,5
Chigozie Anusiem,Chigozie Anusiem,rating,61,65
Chigozie Anusiem,Chigozie Anusiem,speed,72,77
Chigozie Anusiem,Chigozie Anusiem,power,81,76
Chigozie Anusiem,Chigozie Anusiem,agility,77,82
Chigozie Anusiem,Chigozie Anusiem,burst,77,82
Chigozie Anusiem,Chigozie Anusiem,intelligence,67,63
Chigozie Anusiem,Chigozie Anusiem,tackle,76,71
Chigozie Anusiem,Chigozie Anusiem,manCover,83,78
Chigozie Anusiem,Chigozie Anusiem,zoneCover,78,73
Chigozie Anusiem,Chigozie Anusiem,catching,0,5
Chigozie Anusiem,Chigozie Anusiem,routeRun,0,5
Julian Ashby,Julian Ashby,rating,58,65
Julian Ashby,Julian Ashby,speed,82,77
Julian Ashby,Julian Ashby,power,84,79
Julian Ashby,Julian Ashby,agility,71,72
Julian Ashby,Julian Ashby,burst,81,83
Julian Ashby,Julian Ashby,intelligence,86,81
Julian Ashby,Julian Ashby,tackle,0,5
Julian Ashby,Julian Ashby,manCover,0,5
Julian Ashby,Julian Ashby,zoneCover,0,5
Julian Ashby,Julian Ashby,catching,0,5
Julian Ashby,Julian Ashby,routeRun,0,5
Liam McCullough,Liam McCullough,rating,57,64
Liam McCullough,Liam McCullough,speed,80,75
Liam McCullough,Liam McCullough,power,84,79
Liam McCullough,Liam McCullough,agility,81,76
Liam McCullough,Liam McCullough,burst,90,85
Liam McCullough,Liam McCullough,intelligence,67,62
Liam McCullough,Liam McCullough,tackle,0,5
Liam McCullough,Liam McCullough,manCover,0,5
Liam McCullough,Liam McCullough,zoneCover,0,5
Liam McCullough,Liam McCullough,catching,0,5
Liam McCullough,Liam McCullough,routeRun,0,5
Payne Durham,Payne Durham,rating,71,64
Payne Durham,Payne Durham,speed,88,83
Payne Durham,Payne Durham,power,74,73
Payne Durham,Payne Durham,agility,81,80
Payne Durham,Payne Durham,burst,88,84
Payne Durham,Payne Durham,intelligence,77,72
Payne Durham,Payne Durham,tackle,0,5
Payne Durham,Payne Durham,manCover,0,5
Payne Durham,Payne Durham,zoneCover,0,5
Payne Durham,Payne Durham,catching,80,78
Payne Durham,Payne Durham,routeRun,87,82
Tylan Grable,Tylan Grable,rating,67,63
Tylan Grable,Tylan Grable,speed,66,71
Tylan Grable,Tylan Grable,power,74,79
Tylan Grable,Tylan Grable,agility,88,83
Tylan Grable,Tylan Grable,burst,77,81
Tylan Grable,Tylan Grable,intelligence,87,82
Tylan Grable,Tylan Grable,tackle,0,5
Tylan Grable,Tylan Grable,manCover,0,5
Tylan Grable,Tylan Grable,zoneCover,0,5
Tylan Grable,Tylan Grable,catching,0,5
Tylan Grable,Tylan Grable,routeRun,0,5
Jonah Monheim,Jonah Monheim,rating,70,63
Jonah Monheim,Jonah Monheim,speed,68,72
Jonah Monheim,Jonah Monheim,power,73,78
Jonah Monheim,Jonah Monheim,agility,87,82
Jonah Monheim,Jonah Monheim,burst,78,80
Jonah Monheim,Jonah Monheim,intelligence,74,70
Jonah Monheim,Jonah Monheim,tackle,0,5
Jonah Monheim,Jonah Monheim,manCover,0,5
Jonah Monheim,Jonah Monheim,zoneCover,0,5
Jonah Monheim,Jonah Monheim,catching,0,5
Jonah Monheim,Jonah Monheim,routeRun,0,5
Patrick O'Connell,Patrick O'Connell,rating,64,57
Patrick O'Connell,Patrick O'Connell,speed,75,80
Patrick O'Connell,Patrick O'Connell,power,80,75
Patrick O'Connell,Patrick O'Connell,burst,78,83
Patrick O'Connell,Patrick O'Connell,intelligence,75,70
Patrick O'Connell,Patrick O'Connell,tackle,81,76
Patrick O'Connell,Patrick O'Connell,manCover,79,74
Patrick O'Connell,Patrick O'Connell,zoneCover,87,82
Patrick O'Connell,Patrick O'Connell,catching,0,5
Patrick O'Connell,Patrick O'Connell,routeRun,0,5
Ryan McCollum,Ryan McCollum,rating,61,54
Ryan McCollum,Ryan McCollum,speed,84,79
Ryan McCollum,Ryan McCollum,power,81,80
Ryan McCollum,Ryan McCollum,agility,80,75
Ryan McCollum,Ryan McCollum,burst,79,74
Ryan McCollum,Ryan McCollum,intelligence,73,68
Ryan McCollum,Ryan McCollum,tackle,0,5
Ryan McCollum,Ryan McCollum,manCover,0,5
Ryan McCollum,Ryan McCollum,zoneCover,0,5
Ryan McCollum,Ryan McCollum,catching,0,5
Ryan McCollum,Ryan McCollum,routeRun,0,5
Penei Sewell,Penei Sewell,rating,93,98
Penei Sewell,Penei Sewell,speed,88,83
Penei Sewell,Penei Sewell,power,98,97
Penei Sewell,Penei Sewell,agility,86,81
Penei Sewell,Penei Sewell,burst,84,79
Penei Sewell,Penei Sewell,intelligence,82,87
Penei Sewell,Penei Sewell,tackle,0,5
Penei Sewell,Penei Sewell,manCover,0,5
Penei Sewell,Penei Sewell,zoneCover,0,5
Penei Sewell,Penei Sewell,catching,0,5
Penei Sewell,Penei Sewell,routeRun,0,5
DeForest Buckner,DeForest Buckner,rating,84,92
DeForest Buckner,DeForest Buckner,speed,90,85
DeForest Buckner,DeForest Buckner,power,92,90
DeForest Buckner,DeForest Buckner,agility,81,80
DeForest Buckner,DeForest Buckner,burst,86,81
DeForest Buckner,DeForest Buckner,intelligence,80,85
DeForest Buckner,DeForest Buckner,tackle,85,90
DeForest Buckner,DeForest Buckner,manCover,0,5
DeForest Buckner,DeForest Buckner,zoneCover,0,5
DeForest Buckner,DeForest Buckner,catching,0,5
DeForest Buckner,DeForest Buckner,routeRun,0,5
Kenneth Walker III,Kenneth Walker,rating,87,92
Kenneth Walker III,Kenneth Walker,speed,97,93
Kenneth Walker III,Kenneth Walker,power,86,81
Kenneth Walker III,Kenneth Walker,agility,90,92
Kenneth Walker III,Kenneth Walker,burst,90,93
Kenneth Walker III,Kenneth Walker,intelligence,92,91
Kenneth Walker III,Kenneth Walker,tackle,0,5
Kenneth Walker III,Kenneth Walker,manCover,0,5
Kenneth Walker III,Kenneth Walker,zoneCover,0,5
Kenneth Walker III,Kenneth Walker,catching,79,74
Kenneth Walker III,Kenneth Walker,routeRun,89,84
Terry McLaurin,Terry McLaurin,rating,86,91
Terry McLaurin,Terry McLaurin,speed,88,93
Terry McLaurin,Terry McLaurin,power,91,86
Terry McLaurin,Terry McLaurin,agility,93,88
Terry McLaurin,Terry McLaurin,burst,83,88
Terry McLaurin,Terry McLaurin,intelligence,85,90
Terry McLaurin,Terry McLaurin,tackle,0,5
Terry McLaurin,Terry McLaurin,manCover,0,5
Terry McLaurin,Terry McLaurin,zoneCover,0,5
Terry McLaurin,Terry McLaurin,catching,90,94
Terry McLaurin,Terry McLaurin,routeRun,87,89
Mark Andrews,Mark Andrews,rating,85,90
Mark Andrews,Mark Andrews,speed,85,87
Mark Andrews,Mark Andrews,power,87,82
Mark Andrews,Mark Andrews,agility,89,84
Mark Andrews,Mark Andrews,burst,80,85
Mark Andrews,Mark Andrews,intelligence,90,92
Mark Andrews,Mark Andrews,tackle,0,5
Mark Andrews,Mark Andrews,manCover,0,5
Mark Andrews,Mark Andrews,zoneCover,0,5
Mark Andrews,Mark Andrews,routeRun,95,90
Zay Flowers,Zay Flowers,rating,84,89
Zay Flowers,Zay Flowers,speed,96,93
Zay Flowers,Zay Flowers,power,74,69
Zay Flowers,Zay Flowers,agility,92,93
Zay Flowers,Zay Flowers,burst,97,92
Zay Flowers,Zay Flowers,intelligence,75,80
Zay Flowers,Zay Flowers,tackle,0,5
Zay Flowers,Zay Flowers,manCover,0,5
Zay Flowers,Zay Flowers,zoneCover,0,5
Zay Flowers,Zay Flowers,catching,82,87
Zay Flowers,Zay Flowers,routeRun,93,88
Dallas Goedert,Dallas Goedert,rating,81,89
Dallas Goedert,Dallas Goedert,speed,74,79
Dallas Goedert,Dallas Goedert,power,85,80
Dallas Goedert,Dallas Goedert,burst,84,85
Dallas Goedert,Dallas Goedert,intelligence,76,81
Dallas Goedert,Dallas Goedert,tackle,0,5
Dallas Goedert,Dallas Goedert,manCover,0,5
Dallas Goedert,Dallas Goedert,zoneCover,0,5
Dallas Goedert,Dallas Goedert,catching,95,90
Dallas Goedert,Dallas Goedert,routeRun,93,88
Dalton Schultz,Dalton Schultz,rating,79,87
Dalton Schultz,Dalton Schultz,power,88,83
Dalton Schultz,Dalton Schultz,burst,93,88
Dalton Schultz,Dalton Schultz,intelligence,70,75
Dalton Schultz,Dalton Schultz,tackle,0,5
Dalton Schultz,Dalton Schultz,manCover,0,5
Dalton Schultz,Dalton Schultz,zoneCover,0,5
Dalton Schultz,Dalton Schultz,catching,85,90
Dalton Schultz,Dalton Schultz,routeRun,74,73
Erik McCoy,Erik McCoy,rating,79,87
Erik McCoy,Erik McCoy,speed,84,79
Erik McCoy,Erik McCoy,power,93,89
Erik McCoy,Erik McCoy,agility,72,67
Erik McCoy,Erik McCoy,burst,84,79
Erik McCoy,Erik McCoy,intelligence,84,89
Erik McCoy,Erik McCoy,tackle,0,5
Erik McCoy,Erik McCoy,manCover,0,5
Erik McCoy,Erik McCoy,zoneCover,0,5
Erik McCoy,Erik McCoy,catching,0,5
Erik McCoy,Erik McCoy,routeRun,0,5
Paris Johnson Jr.,Paris Johnson Jr,rating,78,86
Paris Johnson Jr.,Paris Johnson Jr,speed,82,77
Paris Johnson Jr.,Paris Johnson Jr,power,81,86
Paris Johnson Jr.,Paris Johnson Jr,agility,72,75
Paris Johnson Jr.,Paris Johnson Jr,burst,78,80
Paris Johnson Jr.,Paris Johnson Jr,intelligence,81,86
Paris Johnson Jr.,Paris Johnson Jr,tackle,0,5
Paris Johnson Jr.,Paris Johnson Jr,manCover,0,5
Paris Johnson Jr.,Paris Johnson Jr,zoneCover,0,5
Paris Johnson Jr.,Paris Johnson Jr,catching,0,5
Paris Johnson Jr.,Paris Johnson Jr,routeRun,0,5
Zach Frazier,Zach Frazier,rating,77,85
Zach Frazier,Zach Frazier,speed,88,83
Zach Frazier,Zach Frazier,power,78,83
Zach Frazier,Zach Frazier,agility,90,85
Zach Frazier,Zach Frazier,burst,88,83
Zach Frazier,Zach Frazier,intelligence,87,89
Zach Frazier,Zach Frazier,tackle,0,5
Zach Frazier,Zach Frazier,manCover,0,5
Zach Frazier,Zach Frazier,zoneCover,0,5
Zach Frazier,Zach Frazier,catching,0,5
Zach Frazier,Zach Frazier,routeRun,0,5
Jordan Love,Jordan Love,rating,89,84
Jordan Love,Jordan Love,speed,80,85
Jordan Love,Jordan Love,power,91,86
Jordan Love,Jordan Love,agility,94,89
Jordan Love,Jordan Love,burst,77,82
Jordan Love,Jordan Love,intelligence,99,94
Jordan Love,Jordan Love,tackle,0,5
Jordan Love,Jordan Love,manCover,0,5
Jordan Love,Jordan Love,zoneCover,0,5
Jordan Love,Jordan Love,catching,0,5
Jordan Love,Jordan Love,routeRun,0,5
Jason Myers,Jason Myers,rating,92,84
Jason Myers,Jason Myers,speed,93,88
Jason Myers,Jason Myers,power,93,88
Jason Myers,Jason Myers,agility,87,82
Jason Myers,Jason Myers,burst,85,80
Jason Myers,Jason Myers,intelligence,88,83
Jason Myers,Jason Myers,tackle,0,5
Jason Myers,Jason Myers,manCover,0,5
Jason Myers,Jason Myers,zoneCover,0,5
Jason Myers,Jason Myers,catching,0,5
Jason Myers,Jason Myers,routeRun,0,5
Azeez Al-Shaair,Azeez Al-Shaair,rating,75,83
Azeez Al-Shaair,Azeez Al-Shaair,speed,87,86
Azeez Al-Shaair,Azeez Al-Shaair,power,92,87
Azeez Al-Shaair,Azeez Al-Shaair,agility,87,82
Azeez Al-Shaair,Azeez Al-Shaair,burst,92,87
Azeez Al-Shaair,Azeez Al-Shaair,intelligence,75,80
Azeez Al-Shaair,Azeez Al-Shaair,tackle,87,88
Azeez Al-Shaair,Azeez Al-Shaair,manCover,80,75
Azeez Al-Shaair,Azeez Al-Shaair,zoneCover,86,81
Azeez Al-Shaair,Azeez Al-Shaair,catching,0,5
Azeez Al-Shaair,Azeez Al-Shaair,routeRun,0,5
Josh Metellus,Josh Metellus,rating,74,82
Josh Metellus,Josh Metellus,speed,83,88
Josh Metellus,Josh Metellus,power,83,78
Josh Metellus,Josh Metellus,agility,75,80
Josh Metellus,Josh Metellus,burst,81,86
Josh Metellus,Josh Metellus,intelligence,81,83
Josh Metellus,Josh Metellus,tackle,89,84
Josh Metellus,Josh Metellus,manCover,73,70
Josh Metellus,Josh Metellus,zoneCover,91,86
Josh Metellus,Josh Metellus,catching,0,5
Josh Metellus,Josh Metellus,routeRun,0,5
Riq Woolen,Riq Woolen,rating,74,82
Riq Woolen,Riq Woolen,speed,89,94
Riq Woolen,Riq Woolen,power,79,74
Riq Woolen,Riq Woolen,agility,84,87
Riq Woolen,Riq Woolen,burst,86,91
Riq Woolen,Riq Woolen,intelligence,86,84
Riq Woolen,Riq Woolen,tackle,85,80
Riq Woolen,Riq Woolen,manCover,80,75
Riq Woolen,Riq Woolen,zoneCover,87,82
Riq Woolen,Riq Woolen,catching,0,5
Riq Woolen,Riq Woolen,routeRun,0,5
Bryan Cook,Bryan Cook,rating,85,80
Bryan Cook,Bryan Cook,speed,96,91
Bryan Cook,Bryan Cook,power,97,92
Bryan Cook,Bryan Cook,agility,89,84
Bryan Cook,Bryan Cook,burst,79,84
Bryan Cook,Bryan Cook,intelligence,87,82
Bryan Cook,Bryan Cook,tackle,95,90
Bryan Cook,Bryan Cook,manCover,87,82
Bryan Cook,Bryan Cook,zoneCover,85,80
Bryan Cook,Bryan Cook,catching,0,5
Bryan Cook,Bryan Cook,routeRun,0,5
Steve Avila,Steve Avila,rating,85,80
Steve Avila,Steve Avila,speed,90,85
Steve Avila,Steve Avila,power,90,88
Steve Avila,Steve Avila,agility,76,71
Steve Avila,Steve Avila,burst,79,74
Steve Avila,Steve Avila,intelligence,98,93
Steve Avila,Steve Avila,tackle,0,5
Steve Avila,Steve Avila,manCover,0,5
Steve Avila,Steve Avila,zoneCover,0,5
Steve Avila,Steve Avila,catching,0,5
Steve Avila,Steve Avila,routeRun,0,5
Andrew DePaola,Andrew DePaola,rating,72,80
Andrew DePaola,Andrew DePaola,speed,88,83
Andrew DePaola,Andrew DePaola,power,76,75
Andrew DePaola,Andrew DePaola,agility,82,79
Andrew DePaola,Andrew DePaola,burst,78,73
Andrew DePaola,Andrew DePaola,intelligence,71,70
Andrew DePaola,Andrew DePaola,tackle,0,5
Andrew DePaola,Andrew DePaola,manCover,0,5
Andrew DePaola,Andrew DePaola,zoneCover,0,5
Andrew DePaola,Andrew DePaola,catching,0,5
Andrew DePaola,Andrew DePaola,routeRun,0,5
Cordale Flott,Cor'Dale Flott,rating,72,80
Cordale Flott,Cor'Dale Flott,speed,84,89
Cordale Flott,Cor'Dale Flott,power,80,75
Cordale Flott,Cor'Dale Flott,agility,77,82
Cordale Flott,Cor'Dale Flott,burst,71,76
Cordale Flott,Cor'Dale Flott,intelligence,82,81
Cordale Flott,Cor'Dale Flott,tackle,82,77
Cordale Flott,Cor'Dale Flott,manCover,81,76
Cordale Flott,Cor'Dale Flott,zoneCover,89,84
Cordale Flott,Cor'Dale Flott,catching,0,5
Cordale Flott,Cor'Dale Flott,routeRun,0,5
Jack Fox,Jack Fox,rating,87,79
Jack Fox,Jack Fox,speed,74,79
Jack Fox,Jack Fox,power,95,90
Jack Fox,Jack Fox,agility,88,83
Jack Fox,Jack Fox,burst,88,83
Jack Fox,Jack Fox,intelligence,78,73
Jack Fox,Jack Fox,tackle,0,5
Jack Fox,Jack Fox,manCover,0,5
Jack Fox,Jack Fox,zoneCover,0,5
Jack Fox,Jack Fox,catching,0,5
Jack Fox,Jack Fox,routeRun,0,5
Pat Freiermuth,Pat Freiermuth,rating,84,79
Pat Freiermuth,Pat Freiermuth,speed,72,77
Pat Freiermuth,Pat Freiermuth,power,76,78
Pat Freiermuth,Pat Freiermuth,agility,83,78
Pat Freiermuth,Pat Freiermuth,burst,87,82
Pat Freiermuth,Pat Freiermuth,intelligence,81,79
Pat Freiermuth,Pat Freiermuth,tackle,0,5
Pat Freiermuth,Pat Freiermuth,manCover,0,5
Pat Freiermuth,Pat Freiermuth,zoneCover,0,5
Pat Freiermuth,Pat Freiermuth,catching,89,88
Pat Freiermuth,Pat Freiermuth,routeRun,82,77
Xavier Watts,Xavier Watts,rating,86,78
Xavier Watts,Xavier Watts,power,92,87
Xavier Watts,Xavier Watts,agility,85,82
Xavier Watts,Xavier Watts,burst,96,91
Xavier Watts,Xavier Watts,tackle,88,83
Xavier Watts,Xavier Watts,manCover,91,86
Xavier Watts,Xavier Watts,zoneCover,89,84
Xavier Watts,Xavier Watts,catching,0,5
Xavier Watts,Xavier Watts,routeRun,0,5
Cairo Santos,Cairo Santos,rating,86,78
Cairo Santos,Cairo Santos,speed,79,74
Cairo Santos,Cairo Santos,power,89,84
Cairo Santos,Cairo Santos,agility,94,89
Cairo Santos,Cairo Santos,burst,76,73
Cairo Santos,Cairo Santos,intelligence,93,88
Cairo Santos,Cairo Santos,tackle,0,5
Cairo Santos,Cairo Santos,manCover,0,5
Cairo Santos,Cairo Santos,zoneCover,0,5
Cairo Santos,Cairo Santos,catching,0,5
Cairo Santos,Cairo Santos,routeRun,0,5
Nick Herbig,Nick Herbig,rating,86,78
Nick Herbig,Nick Herbig,speed,85,84
Nick Herbig,Nick Herbig,power,90,85
Nick Herbig,Nick Herbig,agility,89,84
Nick Herbig,Nick Herbig,burst,81,86
Nick Herbig,Nick Herbig,intelligence,82,81
Nick Herbig,Nick Herbig,tackle,91,86
Nick Herbig,Nick Herbig,manCover,0,5
Nick Herbig,Nick Herbig,zoneCover,0,5
Nick Herbig,Nick Herbig,catching,0,5
Nick Herbig,Nick Herbig,routeRun,0,5
Javon Bullard,Javon Bullard,rating,72,77
Javon Bullard,Javon Bullard,speed,83,88
Javon Bullard,Javon Bullard,power,80,75
Javon Bullard,Javon Bullard,agility,77,82
Javon Bullard,Javon Bullard,burst,86,91
Javon Bullard,Javon Bullard,intelligence,88,83
Javon Bullard,Javon Bullard,tackle,82,77
Javon Bullard,Javon Bullard,manCover,91,86
Javon Bullard,Javon Bullard,zoneCover,74,78
Javon Bullard,Javon Bullard,catching,0,5
Javon Bullard,Javon Bullard,routeRun,0,5
Dre'Mont Jones,Dre'Mont Jones,rating,69,77
Dre'Mont Jones,Dre'Mont Jones,speed,85,82
Dre'Mont Jones,Dre'Mont Jones,power,87,82
Dre'Mont Jones,Dre'Mont Jones,agility,84,79
Dre'Mont Jones,Dre'Mont Jones,burst,77,81
Dre'Mont Jones,Dre'Mont Jones,intelligence,81,82
Dre'Mont Jones,Dre'Mont Jones,tackle,81,86
Dre'Mont Jones,Dre'Mont Jones,manCover,0,5
Dre'Mont Jones,Dre'Mont Jones,zoneCover,0,5
Dre'Mont Jones,Dre'Mont Jones,catching,0,5
Dre'Mont Jones,Dre'Mont Jones,routeRun,0,5
Derrick Harmon,Derrick Harmon,rating,69,77
Derrick Harmon,Derrick Harmon,speed,84,79
Derrick Harmon,Derrick Harmon,power,92,93
Derrick Harmon,Derrick Harmon,agility,82,77
Derrick Harmon,Derrick Harmon,burst,77,76
Derrick Harmon,Derrick Harmon,intelligence,73,78
Derrick Harmon,Derrick Harmon,tackle,75,74
Derrick Harmon,Derrick Harmon,manCover,0,5
Derrick Harmon,Derrick Harmon,zoneCover,0,5
Derrick Harmon,Derrick Harmon,catching,0,5
Derrick Harmon,Derrick Harmon,routeRun,0,5
Trey Amos,Trey Amos,rating,69,77
Trey Amos,Trey Amos,speed,78,83
Trey Amos,Trey Amos,power,79,74
Trey Amos,Trey Amos,agility,80,83
Trey Amos,Trey Amos,burst,73,78
Trey Amos,Trey Amos,intelligence,67,72
Trey Amos,Trey Amos,tackle,78,73
Trey Amos,Trey Amos,manCover,87,82
Trey Amos,Trey Amos,zoneCover,77,78
Trey Amos,Trey Amos,catching,0,5
Trey Amos,Trey Amos,routeRun,0,5
Ryan Flournoy,Ryan Flournoy,rating,81,76
Ryan Flournoy,Ryan Flournoy,speed,87,92
Ryan Flournoy,Ryan Flournoy,power,79,74
Ryan Flournoy,Ryan Flournoy,agility,88,84
Ryan Flournoy,Ryan Flournoy,burst,84,89
Ryan Flournoy,Ryan Flournoy,intelligence,80,78
Ryan Flournoy,Ryan Flournoy,tackle,0,5
Ryan Flournoy,Ryan Flournoy,manCover,0,5
Ryan Flournoy,Ryan Flournoy,zoneCover,0,5
Ryan Flournoy,Ryan Flournoy,catching,80,85
Ryan Flournoy,Ryan Flournoy,routeRun,84,79
Matt Goncalves,Matt Goncalves,rating,68,76
Matt Goncalves,Matt Goncalves,speed,84,79
Matt Goncalves,Matt Goncalves,power,90,85
Matt Goncalves,Matt Goncalves,agility,87,82
Matt Goncalves,Matt Goncalves,burst,85,80
Matt Goncalves,Matt Goncalves,intelligence,82,78
Matt Goncalves,Matt Goncalves,tackle,0,5
Matt Goncalves,Matt Goncalves,manCover,0,5
Matt Goncalves,Matt Goncalves,zoneCover,0,5
Matt Goncalves,Matt Goncalves,catching,0,5
Matt Goncalves,Matt Goncalves,routeRun,0,5
Corliss Waitman,Corliss Waitman,rating,68,76
Corliss Waitman,Corliss Waitman,speed,79,74
Corliss Waitman,Corliss Waitman,power,90,85
Corliss Waitman,Corliss Waitman,agility,71,66
Corliss Waitman,Corliss Waitman,burst,77,72
Corliss Waitman,Corliss Waitman,intelligence,87,82
Corliss Waitman,Corliss Waitman,tackle,0,5
Corliss Waitman,Corliss Waitman,manCover,0,5
Corliss Waitman,Corliss Waitman,zoneCover,0,5
Corliss Waitman,Corliss Waitman,catching,0,5
Corliss Waitman,Corliss Waitman,routeRun,0,5
Jack Jones,Jack Jones,rating,68,76
Jack Jones,Jack Jones,speed,74,79
Jack Jones,Jack Jones,power,81,76
Jack Jones,Jack Jones,agility,79,84
Jack Jones,Jack Jones,burst,81,86
Jack Jones,Jack Jones,intelligence,81,76
Jack Jones,Jack Jones,tackle,73,68
Jack Jones,Jack Jones,manCover,89,84
Jack Jones,Jack Jones,zoneCover,79,78
Jack Jones,Jack Jones,catching,0,5
Jack Jones,Jack Jones,routeRun,0,5
Tyrice Knight,Tyrice Knight,rating,80,75
Tyrice Knight,Tyrice Knight,speed,78,83
Tyrice Knight,Tyrice Knight,power,81,76
Tyrice Knight,Tyrice Knight,agility,80,75
Tyrice Knight,Tyrice Knight,burst,83,88
Tyrice Knight,Tyrice Knight,intelligence,89,84
Tyrice Knight,Tyrice Knight,tackle,83,84
Tyrice Knight,Tyrice Knight,manCover,83,78
Tyrice Knight,Tyrice Knight,zoneCover,84,79
Tyrice Knight,Tyrice Knight,catching,0,5
Tyrice Knight,Tyrice Knight,routeRun,0,5
Ben Powers,Ben Powers,rating,79,74
Ben Powers,Ben Powers,speed,75,70
Ben Powers,Ben Powers,power,90,85
Ben Powers,Ben Powers,agility,72,67
Ben Powers,Ben Powers,burst,81,76
Ben Powers,Ben Powers,intelligence,80,85
Ben Powers,Ben Powers,tackle,0,5
Ben Powers,Ben Powers,manCover,0,5
Ben Powers,Ben Powers,zoneCover,0,5
Ben Powers,Ben Powers,catching,0,5
Ben Powers,Ben Powers,routeRun,0,5
Dyami Brown,Dyami Brown,rating,68,73
Dyami Brown,Dyami Brown,speed,74,79
Dyami Brown,Dyami Brown,power,77,72
Dyami Brown,Dyami Brown,agility,72,77
Dyami Brown,Dyami Brown,burst,78,83
Dyami Brown,Dyami Brown,intelligence,85,80
Dyami Brown,Dyami Brown,tackle,0,5
Dyami Brown,Dyami Brown,manCover,0,5
Dyami Brown,Dyami Brown,zoneCover,0,5
Dyami Brown,Dyami Brown,catching,83,85
Dyami Brown,Dyami Brown,routeRun,77,76
Hunter Luepke,Hunter Luepke,rating,64,72
Hunter Luepke,Hunter Luepke,speed,69,74
Hunter Luepke,Hunter Luepke,power,92,87
Hunter Luepke,Hunter Luepke,agility,76,81
Hunter Luepke,Hunter Luepke,burst,75,80
Hunter Luepke,Hunter Luepke,intelligence,93,88
Hunter Luepke,Hunter Luepke,tackle,0,5
Hunter Luepke,Hunter Luepke,manCover,0,5
Hunter Luepke,Hunter Luepke,zoneCover,0,5
Hunter Luepke,Hunter Luepke,catching,73,76
Hunter Luepke,Hunter Luepke,routeRun,74,69
Chris Rodriguez Jr.,Chris Rodriguez Jr,rating,74,72
Chris Rodriguez Jr.,Chris Rodriguez Jr,speed,90,89
Chris Rodriguez Jr.,Chris Rodriguez Jr,agility,76,79
Chris Rodriguez Jr.,Chris Rodriguez Jr,burst,92,91
Chris Rodriguez Jr.,Chris Rodriguez Jr,intelligence,82,78
Chris Rodriguez Jr.,Chris Rodriguez Jr,tackle,0,5
Chris Rodriguez Jr.,Chris Rodriguez Jr,manCover,0,5
Chris Rodriguez Jr.,Chris Rodriguez Jr,zoneCover,0,5
Chris Rodriguez Jr.,Chris Rodriguez Jr,catching,71,66
Chris Rodriguez Jr.,Chris Rodriguez Jr,routeRun,82,77
Ashton Gillotte,Ashton Gillotte,rating,67,72
Ashton Gillotte,Ashton Gillotte,speed,81,84
Ashton Gillotte,Ashton Gillotte,power,79,78
Ashton Gillotte,Ashton Gillotte,agility,82,83
Ashton Gillotte,Ashton Gillotte,burst,77,82
Ashton Gillotte,Ashton Gillotte,intelligence,79,74
Ashton Gillotte,Ashton Gillotte,tackle,84,79
Ashton Gillotte,Ashton Gillotte,manCover,0,5
Ashton Gillotte,Ashton Gillotte,zoneCover,0,5
Ashton Gillotte,Ashton Gillotte,catching,0,5
Ashton Gillotte,Ashton Gillotte,routeRun,0,5
Cameron Johnston,Cameron Johnston,rating,80,72
Cameron Johnston,Cameron Johnston,speed,82,77
Cameron Johnston,Cameron Johnston,power,77,72
Cameron Johnston,Cameron Johnston,agility,76,71
Cameron Johnston,Cameron Johnston,intelligence,89,84
Cameron Johnston,Cameron Johnston,tackle,0,5
Cameron Johnston,Cameron Johnston,manCover,0,5
Cameron Johnston,Cameron Johnston,zoneCover,0,5
Cameron Johnston,Cameron Johnston,catching,0,5
Cameron Johnston,Cameron Johnston,routeRun,0,5
Jeremy McNichols,Jeremy McNichols,rating,64,72
Jeremy McNichols,Jeremy McNichols,speed,79,84
Jeremy McNichols,Jeremy McNichols,power,87,82
Jeremy McNichols,Jeremy McNichols,agility,73,78
Jeremy McNichols,Jeremy McNichols,burst,64,69
Jeremy McNichols,Jeremy McNichols,intelligence,78,79
Jeremy McNichols,Jeremy McNichols,tackle,0,5
Jeremy McNichols,Jeremy McNichols,manCover,0,5
Jeremy McNichols,Jeremy McNichols,zoneCover,0,5
Jeremy McNichols,Jeremy McNichols,catching,86,81
Jeremy McNichols,Jeremy McNichols,routeRun,83,78
Micheal Clemons,Micheal Clemons,rating,63,71
Micheal Clemons,Micheal Clemons,speed,80,77
Micheal Clemons,Micheal Clemons,power,66,71
Micheal Clemons,Micheal Clemons,agility,72,73
Micheal Clemons,Micheal Clemons,burst,89,84
Micheal Clemons,Micheal Clemons,intelligence,75,74
Micheal Clemons,Micheal Clemons,tackle,70,75
Micheal Clemons,Micheal Clemons,manCover,0,5
Micheal Clemons,Micheal Clemons,zoneCover,0,5
Micheal Clemons,Micheal Clemons,catching,0,5
Micheal Clemons,Micheal Clemons,routeRun,0,5
Jameis Winston,Jameis Winston,rating,79,71
Jameis Winston,Jameis Winston,speed,79,76
Jameis Winston,Jameis Winston,power,91,86
Jameis Winston,Jameis Winston,agility,66,71
Jameis Winston,Jameis Winston,burst,86,81
Jameis Winston,Jameis Winston,intelligence,82,77
Jameis Winston,Jameis Winston,tackle,0,5
Jameis Winston,Jameis Winston,manCover,0,5
Jameis Winston,Jameis Winston,zoneCover,0,5
Jameis Winston,Jameis Winston,catching,0,5
Jameis Winston,Jameis Winston,routeRun,0,5
Jaylin Smith,Jaylin Smith,rating,65,70
Jaylin Smith,Jaylin Smith,speed,76,81
Jaylin Smith,Jaylin Smith,power,78,73
Jaylin Smith,Jaylin Smith,agility,94,89
Jaylin Smith,Jaylin Smith,burst,77,82
Jaylin Smith,Jaylin Smith,intelligence,73,72
Jaylin Smith,Jaylin Smith,tackle,73,68
Jaylin Smith,Jaylin Smith,manCover,72,69
Jaylin Smith,Jaylin Smith,zoneCover,80,75
Jaylin Smith,Jaylin Smith,catching,0,5
Jaylin Smith,Jaylin Smith,routeRun,0,5
Isaiah Davis,Isaiah Davis,rating,78,70
Isaiah Davis,Isaiah Davis,speed,89,87
Isaiah Davis,Isaiah Davis,power,84,79
Isaiah Davis,Isaiah Davis,agility,80,82
Isaiah Davis,Isaiah Davis,burst,80,85
Isaiah Davis,Isaiah Davis,intelligence,86,81
Isaiah Davis,Isaiah Davis,tackle,0,5
Isaiah Davis,Isaiah Davis,manCover,0,5
Isaiah Davis,Isaiah Davis,zoneCover,0,5
Isaiah Davis,Isaiah Davis,catching,83,78
Isaiah Davis,Isaiah Davis,routeRun,82,77
Daniel Bellinger,Daniel Bellinger,rating,75,70
Daniel Bellinger,Daniel Bellinger,speed,76,81
Daniel Bellinger,Daniel Bellinger,power,87,82
Daniel Bellinger,Daniel Bellinger,agility,75,78
Daniel Bellinger,Daniel Bellinger,burst,78,83
Daniel Bellinger,Daniel Bellinger,intelligence,77,72
Daniel Bellinger,Daniel Bellinger,tackle,0,5
Daniel Bellinger,Daniel Bellinger,manCover,0,5
Daniel Bellinger,Daniel Bellinger,zoneCover,0,5
Daniel Bellinger,Daniel Bellinger,catching,75,80
Daniel Bellinger,Daniel Bellinger,routeRun,87,82
Shedeur Sanders,Shedeur Sanders,rating,61,69
Shedeur Sanders,Shedeur Sanders,speed,82,78
Shedeur Sanders,Shedeur Sanders,power,71,66
Shedeur Sanders,Shedeur Sanders,agility,75,80
Shedeur Sanders,Shedeur Sanders,burst,78,81
Shedeur Sanders,Shedeur Sanders,intelligence,76,71
Shedeur Sanders,Shedeur Sanders,tackle,0,5
Shedeur Sanders,Shedeur Sanders,manCover,0,5
Shedeur Sanders,Shedeur Sanders,zoneCover,0,5
Shedeur Sanders,Shedeur Sanders,catching,0,5
Shedeur Sanders,Shedeur Sanders,routeRun,0,5
Luke Schoonmaker,Luke Schoonmaker,rating,64,69
Luke Schoonmaker,Luke Schoonmaker,speed,71,76
Luke Schoonmaker,Luke Schoonmaker,agility,77,82
Luke Schoonmaker,Luke Schoonmaker,burst,80,85
Luke Schoonmaker,Luke Schoonmaker,intelligence,82,77
Luke Schoonmaker,Luke Schoonmaker,tackle,0,5
Luke Schoonmaker,Luke Schoonmaker,manCover,0,5
Luke Schoonmaker,Luke Schoonmaker,zoneCover,0,5
Luke Schoonmaker,Luke Schoonmaker,catching,86,81
Luke Schoonmaker,Luke Schoonmaker,routeRun,80,75
Brycen Tremayne,Brycen Tremayne,rating,60,68
Brycen Tremayne,Brycen Tremayne,speed,68,73
Brycen Tremayne,Brycen Tremayne,power,73,68
Brycen Tremayne,Brycen Tremayne,burst,74,79
Brycen Tremayne,Brycen Tremayne,intelligence,80,75
Brycen Tremayne,Brycen Tremayne,tackle,0,5
Brycen Tremayne,Brycen Tremayne,manCover,0,5
Brycen Tremayne,Brycen Tremayne,zoneCover,0,5
Brycen Tremayne,Brycen Tremayne,catching,72,77
Brycen Tremayne,Brycen Tremayne,routeRun,77,72
Charlie Kolar,Charlie Kolar,rating,76,68
Charlie Kolar,Charlie Kolar,speed,76,81
Charlie Kolar,Charlie Kolar,power,87,82
Charlie Kolar,Charlie Kolar,agility,76,81
Charlie Kolar,Charlie Kolar,burst,75,80
Charlie Kolar,Charlie Kolar,intelligence,75,70
Charlie Kolar,Charlie Kolar,tackle,0,5
Charlie Kolar,Charlie Kolar,manCover,0,5
Charlie Kolar,Charlie Kolar,zoneCover,0,5
Charlie Kolar,Charlie Kolar,catching,77,80
Charlie Kolar,Charlie Kolar,routeRun,78,73
Tonka Hemingway,Tonka Hemingway,rating,63,68
Tonka Hemingway,Tonka Hemingway,speed,76,72
Tonka Hemingway,Tonka Hemingway,power,83,81
Tonka Hemingway,Tonka Hemingway,agility,82,77
Tonka Hemingway,Tonka Hemingway,burst,72,77
Tonka Hemingway,Tonka Hemingway,intelligence,69,66
Tonka Hemingway,Tonka Hemingway,tackle,86,81
Tonka Hemingway,Tonka Hemingway,manCover,0,5
Tonka Hemingway,Tonka Hemingway,zoneCover,0,5
Tonka Hemingway,Tonka Hemingway,catching,0,5
Tonka Hemingway,Tonka Hemingway,routeRun,0,5
Cory Durden,Cory Durden,rating,76,68
Cory Durden,Cory Durden,speed,82,77
Cory Durden,Cory Durden,power,82,79
Cory Durden,Cory Durden,agility,87,82
Cory Durden,Cory Durden,burst,87,82
Cory Durden,Cory Durden,intelligence,85,80
Cory Durden,Cory Durden,tackle,79,82
Cory Durden,Cory Durden,manCover,0,5
Cory Durden,Cory Durden,zoneCover,0,5
Cory Durden,Cory Durden,catching,0,5
Cory Durden,Cory Durden,routeRun,0,5
Mason Rudolph,Mason Rudolph,rating,75,67
Mason Rudolph,Mason Rudolph,speed,92,87
Mason Rudolph,Mason Rudolph,power,84,79
Mason Rudolph,Mason Rudolph,agility,77,72
Mason Rudolph,Mason Rudolph,burst,84,79
Mason Rudolph,Mason Rudolph,intelligence,77,72
Mason Rudolph,Mason Rudolph,tackle,0,5
Mason Rudolph,Mason Rudolph,manCover,0,5
Mason Rudolph,Mason Rudolph,zoneCover,0,5
Mason Rudolph,Mason Rudolph,catching,0,5
Mason Rudolph,Mason Rudolph,routeRun,0,5
Hunter Nourzad,Hunter Nourzad,rating,71,66
Hunter Nourzad,Hunter Nourzad,speed,89,84
Hunter Nourzad,Hunter Nourzad,power,70,75
Hunter Nourzad,Hunter Nourzad,agility,95,90
Hunter Nourzad,Hunter Nourzad,burst,82,77
Hunter Nourzad,Hunter Nourzad,intelligence,85,80
Hunter Nourzad,Hunter Nourzad,tackle,0,5
Hunter Nourzad,Hunter Nourzad,manCover,0,5
Hunter Nourzad,Hunter Nourzad,zoneCover,0,5
Hunter Nourzad,Hunter Nourzad,catching,0,5
Hunter Nourzad,Hunter Nourzad,routeRun,0,5
Jalen Milroe,Jalen Milroe,rating,74,66
Jalen Milroe,Jalen Milroe,speed,73,78
Jalen Milroe,Jalen Milroe,power,85,80
Jalen Milroe,Jalen Milroe,agility,84,89
Jalen Milroe,Jalen Milroe,burst,80,85
Jalen Milroe,Jalen Milroe,intelligence,72,67
Jalen Milroe,Jalen Milroe,tackle,0,5
Jalen Milroe,Jalen Milroe,manCover,0,5
Jalen Milroe,Jalen Milroe,zoneCover,0,5
Jalen Milroe,Jalen Milroe,catching,0,5
Jalen Milroe,Jalen Milroe,routeRun,0,5
Stetson Bennett,Stetson Bennett IV,rating,69,64
Stetson Bennett,Stetson Bennett IV,speed,83,84
Stetson Bennett,Stetson Bennett IV,power,71,66
Stetson Bennett,Stetson Bennett IV,burst,71,76
Stetson Bennett,Stetson Bennett IV,intelligence,74,69
Stetson Bennett,Stetson Bennett IV,tackle,0,5
Stetson Bennett,Stetson Bennett IV,manCover,0,5
Stetson Bennett,Stetson Bennett IV,zoneCover,0,5
Stetson Bennett,Stetson Bennett IV,catching,0,5
Stetson Bennett,Stetson Bennett IV,routeRun,0,5
Will Howard,Will Howard,rating,69,64
Will Howard,Will Howard,power,84,79
Will Howard,Will Howard,agility,77,78
Will Howard,Will Howard,burst,82,83
Will Howard,Will Howard,intelligence,83,78
Will Howard,Will Howard,tackle,0,5
Will Howard,Will Howard,manCover,0,5
Will Howard,Will Howard,zoneCover,0,5
Will Howard,Will Howard,catching,0,5
Will Howard,Will Howard,routeRun,0,5
Jake Briningstool,Jake Briningstool,rating,71,63
Jake Briningstool,Jake Briningstool,speed,84,81
Jake Briningstool,Jake Briningstool,power,80,75
Jake Briningstool,Jake Briningstool,agility,80,77
Jake Briningstool,Jake Briningstool,burst,76,81
Jake Briningstool,Jake Briningstool,intelligence,82,77
Jake Briningstool,Jake Briningstool,tackle,0,5
Jake Briningstool,Jake Briningstool,manCover,0,5
Jake Briningstool,Jake Briningstool,zoneCover,0,5
Jake Briningstool,Jake Briningstool,catching,88,83
Jake Briningstool,Jake Briningstool,routeRun,79,74
Mason Richman,Mason Richman,rating,71,63
Mason Richman,Mason Richman,speed,89,84
Mason Richman,Mason Richman,power,71,76
Mason Richman,Mason Richman,agility,86,81
Mason Richman,Mason Richman,burst,92,87
Mason Richman,Mason Richman,intelligence,85,80
Mason Richman,Mason Richman,tackle,0,5
Mason Richman,Mason Richman,manCover,0,5
Mason Richman,Mason Richman,zoneCover,0,5
Mason Richman,Mason Richman,catching,0,5
Mason Richman,Mason Richman,routeRun,0,5
Bryan Hudson,Bryan Hudson,rating,69,61
Bryan Hudson,Bryan Hudson,speed,82,77
Bryan Hudson,Bryan Hudson,power,80,84
Bryan Hudson,Bryan Hudson,agility,89,84
Bryan Hudson,Bryan Hudson,burst,79,74
Bryan Hudson,Bryan Hudson,intelligence,68,63
Bryan Hudson,Bryan Hudson,tackle,0,5
Bryan Hudson,Bryan Hudson,manCover,0,5
Bryan Hudson,Bryan Hudson,zoneCover,0,5
Bryan Hudson,Bryan Hudson,catching,0,5
Bryan Hudson,Bryan Hudson,routeRun,0,5
Will Anderson Jr.,Will Anderson Jr,rating,88,94
Will Anderson Jr.,Will Anderson Jr,speed,97,92
Will Anderson Jr.,Will Anderson Jr,power,88,90
Will Anderson Jr.,Will Anderson Jr,agility,89,86
Will Anderson Jr.,Will Anderson Jr,burst,94,90
Will Anderson Jr.,Will Anderson Jr,intelligence,89,94
Will Anderson Jr.,Will Anderson Jr,tackle,96,91
Will Anderson Jr.,Will Anderson Jr,manCover,0,5
Will Anderson Jr.,Will Anderson Jr,zoneCover,0,5
Will Anderson Jr.,Will Anderson Jr,catching,0,5
Will Anderson Jr.,Will Anderson Jr,routeRun,0,5
Greg Rousseau,Greg Rousseau,rating,80,89
Greg Rousseau,Greg Rousseau,power,78,83
Greg Rousseau,Greg Rousseau,agility,93,88
Greg Rousseau,Greg Rousseau,burst,96,91
Greg Rousseau,Greg Rousseau,manCover,0,5
Greg Rousseau,Greg Rousseau,zoneCover,0,5
Greg Rousseau,Greg Rousseau,catching,0,5
Greg Rousseau,Greg Rousseau,routeRun,0,5
Nick Folk,Nick Folk,rating,91,85
Nick Folk,Nick Folk,speed,88,83
Nick Folk,Nick Folk,power,95,90
Nick Folk,Nick Folk,agility,80,75
Nick Folk,Nick Folk,burst,88,83
Nick Folk,Nick Folk,intelligence,92,87
Nick Folk,Nick Folk,tackle,0,5
Nick Folk,Nick Folk,manCover,0,5
Nick Folk,Nick Folk,zoneCover,0,5
Nick Folk,Nick Folk,catching,0,5
Nick Folk,Nick Folk,routeRun,0,5
DJ Moore,DJ Moore,rating,75,84
DJ Moore,DJ Moore,speed,86,91
DJ Moore,DJ Moore,power,82,77
DJ Moore,DJ Moore,agility,87,92
DJ Moore,DJ Moore,burst,86,91
DJ Moore,DJ Moore,intelligence,82,83
DJ Moore,DJ Moore,tackle,0,5
DJ Moore,DJ Moore,manCover,0,5
DJ Moore,DJ Moore,zoneCover,0,5
DJ Moore,DJ Moore,catching,85,90
DJ Moore,DJ Moore,routeRun,91,86
D.J. Reed,D.J. Reed,rating,74,83
D.J. Reed,D.J. Reed,speed,88,89
D.J. Reed,D.J. Reed,power,75,70
D.J. Reed,D.J. Reed,agility,83,86
D.J. Reed,D.J. Reed,burst,86,90
D.J. Reed,D.J. Reed,intelligence,89,88
D.J. Reed,D.J. Reed,tackle,73,72
D.J. Reed,D.J. Reed,manCover,76,78
D.J. Reed,D.J. Reed,zoneCover,81,84
D.J. Reed,D.J. Reed,catching,0,5
D.J. Reed,D.J. Reed,routeRun,0,5
Travis Hunter,Travis Hunter,rating,74,83
Travis Hunter,Travis Hunter,speed,80,85
Travis Hunter,Travis Hunter,power,82,77
Travis Hunter,Travis Hunter,agility,88,93
Travis Hunter,Travis Hunter,burst,77,82
Travis Hunter,Travis Hunter,intelligence,71,74
Travis Hunter,Travis Hunter,tackle,0,5
Travis Hunter,Travis Hunter,manCover,80,82
Travis Hunter,Travis Hunter,zoneCover,85,84
Travis Hunter,Travis Hunter,catching,74,79
Travis Hunter,Travis Hunter,routeRun,94,89
Chase Young,Chase Young,rating,74,83
Chase Young,Chase Young,power,90,86
Chase Young,Chase Young,agility,78,83
Chase Young,Chase Young,burst,86,88
Chase Young,Chase Young,intelligence,94,89
Chase Young,Chase Young,tackle,88,83
Chase Young,Chase Young,manCover,0,5
Chase Young,Chase Young,zoneCover,0,5
Chase Young,Chase Young,catching,0,5
Chase Young,Chase Young,routeRun,0,5
Christian Watson,Christian Watson,rating,72,81
Christian Watson,Christian Watson,speed,90,95
Christian Watson,Christian Watson,power,87,82
Christian Watson,Christian Watson,agility,92,87
Christian Watson,Christian Watson,burst,76,81
Christian Watson,Christian Watson,intelligence,75,80
Christian Watson,Christian Watson,tackle,0,5
Christian Watson,Christian Watson,manCover,0,5
Christian Watson,Christian Watson,zoneCover,0,5
Christian Watson,Christian Watson,catching,84,88
Christian Watson,Christian Watson,routeRun,92,87
Woody Marks,Woody Marks,rating,72,81
Woody Marks,Woody Marks,speed,86,88
Woody Marks,Woody Marks,power,76,71
Woody Marks,Woody Marks,agility,86,85
Woody Marks,Woody Marks,burst,85,88
Woody Marks,Woody Marks,intelligence,69,74
Woody Marks,Woody Marks,tackle,0,5
Woody Marks,Woody Marks,manCover,0,5
Woody Marks,Woody Marks,zoneCover,0,5
Woody Marks,Woody Marks,catching,85,80
Woody Marks,Woody Marks,routeRun,83,78
Antonio Johnson,Antonio Johnson,rating,87,81
Antonio Johnson,Antonio Johnson,speed,94,89
Antonio Johnson,Antonio Johnson,power,92,87
Antonio Johnson,Antonio Johnson,burst,86,91
Antonio Johnson,Antonio Johnson,intelligence,74,79
Antonio Johnson,Antonio Johnson,tackle,90,85
Antonio Johnson,Antonio Johnson,manCover,85,80
Antonio Johnson,Antonio Johnson,zoneCover,95,90
Antonio Johnson,Antonio Johnson,catching,0,5
Antonio Johnson,Antonio Johnson,routeRun,0,5
Tyler Biadasz,Tyler Biadasz,rating,71,80
Tyler Biadasz,Tyler Biadasz,speed,80,75
Tyler Biadasz,Tyler Biadasz,power,83,85
Tyler Biadasz,Tyler Biadasz,agility,74,69
Tyler Biadasz,Tyler Biadasz,burst,88,83
Tyler Biadasz,Tyler Biadasz,intelligence,75,80
Tyler Biadasz,Tyler Biadasz,tackle,0,5
Tyler Biadasz,Tyler Biadasz,manCover,0,5
Tyler Biadasz,Tyler Biadasz,zoneCover,0,5
Tyler Biadasz,Tyler Biadasz,catching,0,5
Tyler Biadasz,Tyler Biadasz,routeRun,0,5
Troy Franklin,Troy Franklin,rating,70,79
Troy Franklin,Troy Franklin,speed,71,76
Troy Franklin,Troy Franklin,power,72,67
Troy Franklin,Troy Franklin,agility,94,89
Troy Franklin,Troy Franklin,burst,79,84
Troy Franklin,Troy Franklin,intelligence,78,83
Troy Franklin,Troy Franklin,tackle,0,5
Troy Franklin,Troy Franklin,manCover,0,5
Troy Franklin,Troy Franklin,zoneCover,0,5
Troy Franklin,Troy Franklin,routeRun,85,81
Christian Barmore,Christian Barmore,rating,70,79
Christian Barmore,Christian Barmore,speed,86,81
Christian Barmore,Christian Barmore,power,96,91
Christian Barmore,Christian Barmore,agility,95,90
Christian Barmore,Christian Barmore,burst,97,92
Christian Barmore,Christian Barmore,intelligence,75,80
Christian Barmore,Christian Barmore,manCover,0,5
Christian Barmore,Christian Barmore,zoneCover,0,5
Christian Barmore,Christian Barmore,catching,0,5
Christian Barmore,Christian Barmore,routeRun,0,5
T'Vondre Sweat,T'Vondre Sweat,rating,88,79
T'Vondre Sweat,T'Vondre Sweat,speed,73,68
T'Vondre Sweat,T'Vondre Sweat,power,88,93
T'Vondre Sweat,T'Vondre Sweat,agility,79,74
T'Vondre Sweat,T'Vondre Sweat,burst,74,70
T'Vondre Sweat,T'Vondre Sweat,intelligence,90,85
T'Vondre Sweat,T'Vondre Sweat,tackle,80,85
T'Vondre Sweat,T'Vondre Sweat,manCover,0,5
T'Vondre Sweat,T'Vondre Sweat,zoneCover,0,5
T'Vondre Sweat,T'Vondre Sweat,catching,0,5
T'Vondre Sweat,T'Vondre Sweat,routeRun,0,5
Dorance Armstrong,Dorance Armstrong,rating,70,79
Dorance Armstrong,Dorance Armstrong,speed,82,78
Dorance Armstrong,Dorance Armstrong,power,76,81
Dorance Armstrong,Dorance Armstrong,agility,88,83
Dorance Armstrong,Dorance Armstrong,burst,83,79
Dorance Armstrong,Dorance Armstrong,intelligence,79,84
Dorance Armstrong,Dorance Armstrong,tackle,81,83
Dorance Armstrong,Dorance Armstrong,manCover,0,5
Dorance Armstrong,Dorance Armstrong,zoneCover,0,5
Dorance Armstrong,Dorance Armstrong,catching,0,5
Dorance Armstrong,Dorance Armstrong,routeRun,0,5
Matthew Golden,Matthew Golden,rating,69,78
Matthew Golden,Matthew Golden,speed,78,83
Matthew Golden,Matthew Golden,power,74,69
Matthew Golden,Matthew Golden,agility,72,77
Matthew Golden,Matthew Golden,burst,84,89
Matthew Golden,Matthew Golden,intelligence,86,81
Matthew Golden,Matthew Golden,tackle,0,5
Matthew Golden,Matthew Golden,manCover,0,5
Matthew Golden,Matthew Golden,zoneCover,0,5
Matthew Golden,Matthew Golden,catching,79,84
Matthew Golden,Matthew Golden,routeRun,69,74
Jarrian Jones,Jarrian Jones,rating,69,78
Jarrian Jones,Jarrian Jones,speed,85,90
Jarrian Jones,Jarrian Jones,power,88,83
Jarrian Jones,Jarrian Jones,agility,78,83
Jarrian Jones,Jarrian Jones,burst,89,93
Jarrian Jones,Jarrian Jones,intelligence,84,79
Jarrian Jones,Jarrian Jones,tackle,71,72
Jarrian Jones,Jarrian Jones,manCover,72,77
Jarrian Jones,Jarrian Jones,catching,0,5
Jarrian Jones,Jarrian Jones,routeRun,0,5
Chase McLaughlin,Chase McLaughlin,rating,87,78
Chase McLaughlin,Chase McLaughlin,speed,77,73
Chase McLaughlin,Chase McLaughlin,power,82,77
Chase McLaughlin,Chase McLaughlin,agility,92,87
Chase McLaughlin,Chase McLaughlin,burst,86,81
Chase McLaughlin,Chase McLaughlin,intelligence,95,90
Chase McLaughlin,Chase McLaughlin,tackle,0,5
Chase McLaughlin,Chase McLaughlin,manCover,0,5
Chase McLaughlin,Chase McLaughlin,zoneCover,0,5
Chase McLaughlin,Chase McLaughlin,catching,0,5
Chase McLaughlin,Chase McLaughlin,routeRun,0,5
Kendrick Bourne,Kendrick Bourne,rating,68,77
Kendrick Bourne,Kendrick Bourne,speed,92,87
Kendrick Bourne,Kendrick Bourne,power,80,75
Kendrick Bourne,Kendrick Bourne,agility,93,88
Kendrick Bourne,Kendrick Bourne,intelligence,78,83
Kendrick Bourne,Kendrick Bourne,tackle,0,5
Kendrick Bourne,Kendrick Bourne,manCover,0,5
Kendrick Bourne,Kendrick Bourne,zoneCover,0,5
Kendrick Bourne,Kendrick Bourne,catching,80,83
Kendrick Bourne,Kendrick Bourne,routeRun,74,78
Carrington Valentine,Carrington Valentine,rating,71,77
Carrington Valentine,Carrington Valentine,speed,87,91
Carrington Valentine,Carrington Valentine,power,82,77
Carrington Valentine,Carrington Valentine,agility,91,88
Carrington Valentine,Carrington Valentine,burst,88,93
Carrington Valentine,Carrington Valentine,intelligence,78,77
Carrington Valentine,Carrington Valentine,tackle,80,75
Carrington Valentine,Carrington Valentine,manCover,71,76
Carrington Valentine,Carrington Valentine,zoneCover,92,87
Carrington Valentine,Carrington Valentine,catching,0,5
Carrington Valentine,Carrington Valentine,routeRun,0,5
C.J. Stroud,C.J. Stroud,rating,82,76
C.J. Stroud,C.J. Stroud,speed,81,82
C.J. Stroud,C.J. Stroud,power,88,83
C.J. Stroud,C.J. Stroud,agility,84,80
C.J. Stroud,C.J. Stroud,burst,82,87
C.J. Stroud,C.J. Stroud,intelligence,86,81
C.J. Stroud,C.J. Stroud,tackle,0,5
C.J. Stroud,C.J. Stroud,manCover,0,5
C.J. Stroud,C.J. Stroud,zoneCover,0,5
C.J. Stroud,C.J. Stroud,catching,0,5
C.J. Stroud,C.J. Stroud,routeRun,0,5
Chop Robinson,Chop Robinson,rating,66,75
Chop Robinson,Chop Robinson,speed,79,84
Chop Robinson,Chop Robinson,power,68,73
Chop Robinson,Chop Robinson,agility,89,84
Chop Robinson,Chop Robinson,burst,79,84
Chop Robinson,Chop Robinson,intelligence,77,74
Chop Robinson,Chop Robinson,tackle,91,86
Chop Robinson,Chop Robinson,manCover,0,5
Chop Robinson,Chop Robinson,zoneCover,0,5
Chop Robinson,Chop Robinson,catching,0,5
Chop Robinson,Chop Robinson,routeRun,0,5
Nahshon Wright,Nahshon Wright,rating,69,75
Nahshon Wright,Nahshon Wright,power,88,83
Nahshon Wright,Nahshon Wright,agility,75,80
Nahshon Wright,Nahshon Wright,burst,84,85
Nahshon Wright,Nahshon Wright,intelligence,80,84
Nahshon Wright,Nahshon Wright,tackle,78,73
Nahshon Wright,Nahshon Wright,manCover,85,80
Nahshon Wright,Nahshon Wright,zoneCover,76,78
Nahshon Wright,Nahshon Wright,catching,0,5
Nahshon Wright,Nahshon Wright,routeRun,0,5
Kevin Winston Jr.,Kevin Winston Jr,rating,66,75
Kevin Winston Jr.,Kevin Winston Jr,speed,82,87
Kevin Winston Jr.,Kevin Winston Jr,power,82,77
Kevin Winston Jr.,Kevin Winston Jr,agility,93,88
Kevin Winston Jr.,Kevin Winston Jr,burst,82,87
Kevin Winston Jr.,Kevin Winston Jr,intelligence,85,80
Kevin Winston Jr.,Kevin Winston Jr,tackle,84,79
Kevin Winston Jr.,Kevin Winston Jr,manCover,84,79
Kevin Winston Jr.,Kevin Winston Jr,zoneCover,85,80
Kevin Winston Jr.,Kevin Winston Jr,catching,0,5
Kevin Winston Jr.,Kevin Winston Jr,routeRun,0,5
Devin Duvernay,Devin Duvernay,rating,68,74
Devin Duvernay,Devin Duvernay,speed,94,93
Devin Duvernay,Devin Duvernay,power,87,82
Devin Duvernay,Devin Duvernay,agility,95,90
Devin Duvernay,Devin Duvernay,burst,88,91
Devin Duvernay,Devin Duvernay,intelligence,80,75
Devin Duvernay,Devin Duvernay,tackle,0,5
Devin Duvernay,Devin Duvernay,manCover,0,5
Devin Duvernay,Devin Duvernay,zoneCover,0,5
Devin Duvernay,Devin Duvernay,catching,80,85
Devin Duvernay,Devin Duvernay,routeRun,71,73
Jordan Howden,Jordan Howden,rating,83,74
Jordan Howden,Jordan Howden,speed,96,91
Jordan Howden,Jordan Howden,power,91,86
Jordan Howden,Jordan Howden,agility,78,83
Jordan Howden,Jordan Howden,burst,96,93
Jordan Howden,Jordan Howden,intelligence,90,85
Jordan Howden,Jordan Howden,manCover,92,87
Jordan Howden,Jordan Howden,zoneCover,97,92
Jordan Howden,Jordan Howden,catching,0,5
Jordan Howden,Jordan Howden,routeRun,0,5
Andrew Mukuba,Andrew Mukuba,rating,65,74
Andrew Mukuba,Andrew Mukuba,speed,84,89
Andrew Mukuba,Andrew Mukuba,power,74,69
Andrew Mukuba,Andrew Mukuba,agility,83,82
Andrew Mukuba,Andrew Mukuba,burst,74,79
Andrew Mukuba,Andrew Mukuba,intelligence,89,84
Andrew Mukuba,Andrew Mukuba,tackle,77,76
Andrew Mukuba,Andrew Mukuba,manCover,82,77
Andrew Mukuba,Andrew Mukuba,zoneCover,84,79
Andrew Mukuba,Andrew Mukuba,catching,0,5
Andrew Mukuba,Andrew Mukuba,routeRun,0,5
Olamide Zaccheaus,Olamide Zaccheaus,rating,64,73
Olamide Zaccheaus,Olamide Zaccheaus,speed,86,90
Olamide Zaccheaus,Olamide Zaccheaus,power,73,68
Olamide Zaccheaus,Olamide Zaccheaus,burst,82,87
Olamide Zaccheaus,Olamide Zaccheaus,intelligence,86,81
Olamide Zaccheaus,Olamide Zaccheaus,tackle,0,5
Olamide Zaccheaus,Olamide Zaccheaus,manCover,0,5
Olamide Zaccheaus,Olamide Zaccheaus,zoneCover,0,5
Olamide Zaccheaus,Olamide Zaccheaus,routeRun,69,74
Joe Flacco,Joe Flacco,rating,82,73
Joe Flacco,Joe Flacco,speed,66,71
Joe Flacco,Joe Flacco,power,89,84
Joe Flacco,Joe Flacco,agility,92,87
Joe Flacco,Joe Flacco,intelligence,86,81
Joe Flacco,Joe Flacco,tackle,0,5
Joe Flacco,Joe Flacco,manCover,0,5
Joe Flacco,Joe Flacco,zoneCover,0,5
Joe Flacco,Joe Flacco,catching,0,5
Joe Flacco,Joe Flacco,routeRun,0,5
Khyiris Tonga,Khyiris Tonga,rating,82,73
Khyiris Tonga,Khyiris Tonga,speed,93,88
Khyiris Tonga,Khyiris Tonga,power,92,91
Khyiris Tonga,Khyiris Tonga,agility,79,74
Khyiris Tonga,Khyiris Tonga,burst,90,85
Khyiris Tonga,Khyiris Tonga,intelligence,82,77
Khyiris Tonga,Khyiris Tonga,tackle,86,81
Khyiris Tonga,Khyiris Tonga,manCover,0,5
Khyiris Tonga,Khyiris Tonga,zoneCover,0,5
Khyiris Tonga,Khyiris Tonga,catching,0,5
Khyiris Tonga,Khyiris Tonga,routeRun,0,5
Adam Butler,Adam Butler,rating,64,73
Adam Butler,Adam Butler,speed,71,70
Adam Butler,Adam Butler,power,79,84
Adam Butler,Adam Butler,agility,71,66
Adam Butler,Adam Butler,burst,87,82
Adam Butler,Adam Butler,intelligence,84,85
Adam Butler,Adam Butler,tackle,64,69
Adam Butler,Adam Butler,manCover,0,5
Adam Butler,Adam Butler,zoneCover,0,5
Adam Butler,Adam Butler,catching,0,5
Adam Butler,Adam Butler,routeRun,0,5
Skyy Moore,Skyy Moore,rating,66,72
Skyy Moore,Skyy Moore,speed,77,82
Skyy Moore,Skyy Moore,power,78,73
Skyy Moore,Skyy Moore,agility,72,77
Skyy Moore,Skyy Moore,burst,74,79
Skyy Moore,Skyy Moore,intelligence,75,70
Skyy Moore,Skyy Moore,tackle,0,5
Skyy Moore,Skyy Moore,manCover,0,5
Skyy Moore,Skyy Moore,zoneCover,0,5
Skyy Moore,Skyy Moore,routeRun,70,72
Jordan Whittington,Jordan Whittington,rating,66,72
Jordan Whittington,Jordan Whittington,speed,86,89
Jordan Whittington,Jordan Whittington,power,78,73
Jordan Whittington,Jordan Whittington,agility,87,90
Jordan Whittington,Jordan Whittington,burst,83,88
Jordan Whittington,Jordan Whittington,intelligence,66,71
Jordan Whittington,Jordan Whittington,tackle,0,5
Jordan Whittington,Jordan Whittington,manCover,0,5
Jordan Whittington,Jordan Whittington,zoneCover,0,5
Jordan Whittington,Jordan Whittington,catching,75,80
Jordan Whittington,Jordan Whittington,routeRun,79,74
Jonathan Owens,Jonathan Owens,rating,62,71
Jonathan Owens,Jonathan Owens,speed,83,88
Jonathan Owens,Jonathan Owens,power,78,73
Jonathan Owens,Jonathan Owens,agility,71,76
Jonathan Owens,Jonathan Owens,burst,94,91
Jonathan Owens,Jonathan Owens,intelligence,76,72
Jonathan Owens,Jonathan Owens,tackle,67,70
Jonathan Owens,Jonathan Owens,manCover,79,74
Jonathan Owens,Jonathan Owens,zoneCover,83,78
Jonathan Owens,Jonathan Owens,catching,0,5
Jonathan Owens,Jonathan Owens,routeRun,0,5
Deshaun Watson,Deshaun Watson,rating,64,70
Deshaun Watson,Deshaun Watson,speed,81,84
Deshaun Watson,Deshaun Watson,power,72,69
Deshaun Watson,Deshaun Watson,agility,68,73
Deshaun Watson,Deshaun Watson,burst,79,84
Deshaun Watson,Deshaun Watson,intelligence,40,45
Deshaun Watson,Deshaun Watson,tackle,0,5
Deshaun Watson,Deshaun Watson,manCover,0,5
Deshaun Watson,Deshaun Watson,zoneCover,0,5
Deshaun Watson,Deshaun Watson,catching,0,5
Deshaun Watson,Deshaun Watson,routeRun,0,5
Caleb Rogers,Caleb Rogers,rating,64,70
Caleb Rogers,Caleb Rogers,speed,68,69
Caleb Rogers,Caleb Rogers,power,75,80
Caleb Rogers,Caleb Rogers,burst,83,78
Caleb Rogers,Caleb Rogers,intelligence,81,76
Caleb Rogers,Caleb Rogers,tackle,0,5
Caleb Rogers,Caleb Rogers,manCover,0,5
Caleb Rogers,Caleb Rogers,zoneCover,0,5
Caleb Rogers,Caleb Rogers,catching,0,5
Caleb Rogers,Caleb Rogers,routeRun,0,5
Phidarian Mathis,Phidarian Mathis,rating,60,69
Phidarian Mathis,Phidarian Mathis,speed,70,65
Phidarian Mathis,Phidarian Mathis,power,75,80
Phidarian Mathis,Phidarian Mathis,agility,73,68
Phidarian Mathis,Phidarian Mathis,burst,67,68
Phidarian Mathis,Phidarian Mathis,intelligence,72,68
Phidarian Mathis,Phidarian Mathis,tackle,73,78
Phidarian Mathis,Phidarian Mathis,manCover,0,5
Phidarian Mathis,Phidarian Mathis,zoneCover,0,5
Phidarian Mathis,Phidarian Mathis,catching,0,5
Phidarian Mathis,Phidarian Mathis,routeRun,0,5
Barrett Carter,Barrett Carter,rating,63,69
Barrett Carter,Barrett Carter,speed,79,84
Barrett Carter,Barrett Carter,power,75,72
Barrett Carter,Barrett Carter,agility,86,81
Barrett Carter,Barrett Carter,burst,66,71
Barrett Carter,Barrett Carter,intelligence,73,71
Barrett Carter,Barrett Carter,tackle,76,81
Barrett Carter,Barrett Carter,manCover,81,76
Barrett Carter,Barrett Carter,zoneCover,73,68
Barrett Carter,Barrett Carter,catching,0,5
Barrett Carter,Barrett Carter,routeRun,0,5
Isaiah Bond,Isaiah Bond,rating,78,69
Isaiah Bond,Isaiah Bond,speed,88,93
Isaiah Bond,Isaiah Bond,power,86,81
Isaiah Bond,Isaiah Bond,agility,89,84
Isaiah Bond,Isaiah Bond,burst,85,90
Isaiah Bond,Isaiah Bond,intelligence,87,82
Isaiah Bond,Isaiah Bond,tackle,0,5
Isaiah Bond,Isaiah Bond,manCover,0,5
Isaiah Bond,Isaiah Bond,zoneCover,0,5
Isaiah Bond,Isaiah Bond,routeRun,88,83
Josh Whyle,Josh Whyle,rating,63,69
Josh Whyle,Josh Whyle,speed,65,70
Josh Whyle,Josh Whyle,power,74,71
Josh Whyle,Josh Whyle,agility,76,81
Josh Whyle,Josh Whyle,burst,71,76
Josh Whyle,Josh Whyle,intelligence,81,76
Josh Whyle,Josh Whyle,tackle,0,5
Josh Whyle,Josh Whyle,manCover,0,5
Josh Whyle,Josh Whyle,zoneCover,0,5
Josh Whyle,Josh Whyle,catching,74,79
Josh Whyle,Josh Whyle,routeRun,80,75
Elijah Higgins,Elijah Higgins,rating,74,68
Elijah Higgins,Elijah Higgins,speed,69,74
Elijah Higgins,Elijah Higgins,power,88,83
Elijah Higgins,Elijah Higgins,agility,82,81
Elijah Higgins,Elijah Higgins,burst,77,82
Elijah Higgins,Elijah Higgins,intelligence,72,67
Elijah Higgins,Elijah Higgins,tackle,0,5
Elijah Higgins,Elijah Higgins,manCover,0,5
Elijah Higgins,Elijah Higgins,zoneCover,0,5
Elijah Higgins,Elijah Higgins,catching,94,89
Elijah Higgins,Elijah Higgins,routeRun,83,78
Chukwuma Okorafor,Chukwuma Okorafor,rating,76,67
Chukwuma Okorafor,Chukwuma Okorafor,speed,76,71
Chukwuma Okorafor,Chukwuma Okorafor,power,83,85
Chukwuma Okorafor,Chukwuma Okorafor,agility,88,83
Chukwuma Okorafor,Chukwuma Okorafor,burst,68,63
Chukwuma Okorafor,Chukwuma Okorafor,intelligence,86,81
Chukwuma Okorafor,Chukwuma Okorafor,tackle,0,5
Chukwuma Okorafor,Chukwuma Okorafor,manCover,0,5
Chukwuma Okorafor,Chukwuma Okorafor,zoneCover,0,5
Chukwuma Okorafor,Chukwuma Okorafor,catching,0,5
Chukwuma Okorafor,Chukwuma Okorafor,routeRun,0,5
Tyler Owens,Tyler Owens,rating,58,67
Tyler Owens,Tyler Owens,speed,83,88
Tyler Owens,Tyler Owens,power,73,68
Tyler Owens,Tyler Owens,agility,72,77
Tyler Owens,Tyler Owens,burst,82,87
Tyler Owens,Tyler Owens,intelligence,69,65
Tyler Owens,Tyler Owens,tackle,67,63
Tyler Owens,Tyler Owens,manCover,71,66
Tyler Owens,Tyler Owens,zoneCover,74,69
Tyler Owens,Tyler Owens,catching,0,5
Tyler Owens,Tyler Owens,routeRun,0,5
Jordan McFadden,Jordan McFadden,rating,57,66
Jordan McFadden,Jordan McFadden,speed,79,74
Jordan McFadden,Jordan McFadden,power,68,73
Jordan McFadden,Jordan McFadden,agility,78,73
Jordan McFadden,Jordan McFadden,burst,72,76
Jordan McFadden,Jordan McFadden,intelligence,76,73
Jordan McFadden,Jordan McFadden,tackle,0,5
Jordan McFadden,Jordan McFadden,manCover,0,5
Jordan McFadden,Jordan McFadden,zoneCover,0,5
Jordan McFadden,Jordan McFadden,catching,0,5
Jordan McFadden,Jordan McFadden,routeRun,0,5
Warren Brinson,Warren Brinson,rating,57,66
Warren Brinson,Warren Brinson,speed,75,70
Warren Brinson,Warren Brinson,power,72,77
Warren Brinson,Warren Brinson,burst,70,75
Warren Brinson,Warren Brinson,intelligence,79,74
Warren Brinson,Warren Brinson,tackle,85,80
Warren Brinson,Warren Brinson,manCover,0,5
Warren Brinson,Warren Brinson,zoneCover,0,5
Warren Brinson,Warren Brinson,catching,0,5
Warren Brinson,Warren Brinson,routeRun,0,5
Tanner McKee,Tanner McKee,rating,75,66
Tanner McKee,Tanner McKee,speed,85,80
Tanner McKee,Tanner McKee,power,77,72
Tanner McKee,Tanner McKee,agility,81,76
Tanner McKee,Tanner McKee,burst,82,84
Tanner McKee,Tanner McKee,intelligence,82,77
Tanner McKee,Tanner McKee,tackle,0,5
Tanner McKee,Tanner McKee,manCover,0,5
Tanner McKee,Tanner McKee,zoneCover,0,5
Tanner McKee,Tanner McKee,catching,0,5
Tanner McKee,Tanner McKee,routeRun,0,5
Michael Jerrell,Michael Jerrell,rating,74,65
Michael Jerrell,Michael Jerrell,speed,71,74
Michael Jerrell,Michael Jerrell,power,83,82
Michael Jerrell,Michael Jerrell,agility,92,87
Michael Jerrell,Michael Jerrell,burst,89,84
Michael Jerrell,Michael Jerrell,intelligence,79,74
Michael Jerrell,Michael Jerrell,tackle,0,5
Michael Jerrell,Michael Jerrell,manCover,0,5
Michael Jerrell,Michael Jerrell,zoneCover,0,5
Michael Jerrell,Michael Jerrell,catching,0,5
Michael Jerrell,Michael Jerrell,routeRun,0,5
Brock Wright,Brock Wright,rating,56,65
Brock Wright,Brock Wright,speed,74,79
Brock Wright,Brock Wright,power,71,76
Brock Wright,Brock Wright,agility,76,72
Brock Wright,Brock Wright,burst,67,72
Brock Wright,Brock Wright,intelligence,83,78
Brock Wright,Brock Wright,tackle,0,5
Brock Wright,Brock Wright,manCover,0,5
Brock Wright,Brock Wright,zoneCover,0,5
Brock Wright,Brock Wright,catching,75,79
Brock Wright,Brock Wright,routeRun,65,60
Travis Glover,Travis Glover,rating,73,64
Travis Glover,Travis Glover,speed,77,72
Travis Glover,Travis Glover,power,88,86
Travis Glover,Travis Glover,agility,79,74
Travis Glover,Travis Glover,burst,84,79
Travis Glover,Travis Glover,intelligence,74,69
Travis Glover,Travis Glover,tackle,0,5
Travis Glover,Travis Glover,manCover,0,5
Travis Glover,Travis Glover,zoneCover,0,5
Travis Glover,Travis Glover,catching,0,5
Travis Glover,Travis Glover,routeRun,0,5
Marcus Bryant,Marcus Bryant,rating,73,64
Marcus Bryant,Marcus Bryant,speed,82,77
Marcus Bryant,Marcus Bryant,power,84,85
Marcus Bryant,Marcus Bryant,agility,77,72
Marcus Bryant,Marcus Bryant,burst,81,76
Marcus Bryant,Marcus Bryant,intelligence,75,70
Marcus Bryant,Marcus Bryant,tackle,0,5
Marcus Bryant,Marcus Bryant,manCover,0,5
Marcus Bryant,Marcus Bryant,zoneCover,0,5
Marcus Bryant,Marcus Bryant,catching,0,5
Marcus Bryant,Marcus Bryant,routeRun,0,5
Brandon Crenshaw-Dickson,Brandon Crenshaw-Dickson,rating,70,61
Brandon Crenshaw-Dickson,Brandon Crenshaw-Dickson,speed,75,70
Brandon Crenshaw-Dickson,Brandon Crenshaw-Dickson,power,85,86
Brandon Crenshaw-Dickson,Brandon Crenshaw-Dickson,agility,71,66
Brandon Crenshaw-Dickson,Brandon Crenshaw-Dickson,burst,81,76
Brandon Crenshaw-Dickson,Brandon Crenshaw-Dickson,intelligence,83,78
Brandon Crenshaw-Dickson,Brandon Crenshaw-Dickson,tackle,0,5
Brandon Crenshaw-Dickson,Brandon Crenshaw-Dickson,manCover,0,5
Brandon Crenshaw-Dickson,Brandon Crenshaw-Dickson,zoneCover,0,5
Brandon Crenshaw-Dickson,Brandon Crenshaw-Dickson,catching,0,5
Brandon Crenshaw-Dickson,Brandon Crenshaw-Dickson,routeRun,0,5
Matthew Stafford,Matthew Stafford,rating,89,99
Matthew Stafford,Matthew Stafford,speed,75,77
Matthew Stafford,Matthew Stafford,power,89,84
Matthew Stafford,Matthew Stafford,agility,93,88
Matthew Stafford,Matthew Stafford,burst,68,73
Matthew Stafford,Matthew Stafford,intelligence,89,94
Matthew Stafford,Matthew Stafford,tackle,0,5
Matthew Stafford,Matthew Stafford,manCover,0,5
Matthew Stafford,Matthew Stafford,zoneCover,0,5
Matthew Stafford,Matthew Stafford,catching,0,5
Matthew Stafford,Matthew Stafford,routeRun,0,5
Christian Gonzalez,Christian Gonzalez,rating,88,98
Christian Gonzalez,Christian Gonzalez,speed,95,96
Christian Gonzalez,Christian Gonzalez,power,87,82
Christian Gonzalez,Christian Gonzalez,agility,89,94
Christian Gonzalez,Christian Gonzalez,burst,96,93
Christian Gonzalez,Christian Gonzalez,intelligence,87,92
Christian Gonzalez,Christian Gonzalez,tackle,84,79
Christian Gonzalez,Christian Gonzalez,manCover,96,98
Christian Gonzalez,Christian Gonzalez,zoneCover,95,90
Christian Gonzalez,Christian Gonzalez,catching,0,5
Christian Gonzalez,Christian Gonzalez,routeRun,0,5
Creed Humphrey,Creed Humphrey,rating,88,95
Creed Humphrey,Creed Humphrey,speed,87,82
Creed Humphrey,Creed Humphrey,power,85,90
Creed Humphrey,Creed Humphrey,agility,86,81
Creed Humphrey,Creed Humphrey,burst,82,78
Creed Humphrey,Creed Humphrey,intelligence,82,87
Creed Humphrey,Creed Humphrey,tackle,0,5
Creed Humphrey,Creed Humphrey,manCover,0,5
Creed Humphrey,Creed Humphrey,zoneCover,0,5
Creed Humphrey,Creed Humphrey,catching,0,5
Creed Humphrey,Creed Humphrey,routeRun,0,5
Travis Kelce,Travis Kelce,rating,85,92
Travis Kelce,Travis Kelce,speed,76,81
Travis Kelce,Travis Kelce,power,83,81
Travis Kelce,Travis Kelce,agility,89,84
Travis Kelce,Travis Kelce,burst,82,84
Travis Kelce,Travis Kelce,intelligence,77,82
Travis Kelce,Travis Kelce,tackle,0,5
Travis Kelce,Travis Kelce,manCover,0,5
Travis Kelce,Travis Kelce,zoneCover,0,5
Travis Kelce,Travis Kelce,catching,97,92
Travis Kelce,Travis Kelce,routeRun,98,93
Kevin Dotson,Kevin Dotson,rating,83,90
Kevin Dotson,Kevin Dotson,speed,91,86
Kevin Dotson,Kevin Dotson,power,85,90
Kevin Dotson,Kevin Dotson,agility,81,76
Kevin Dotson,Kevin Dotson,burst,86,81
Kevin Dotson,Kevin Dotson,intelligence,83,88
Kevin Dotson,Kevin Dotson,tackle,0,5
Kevin Dotson,Kevin Dotson,manCover,0,5
Kevin Dotson,Kevin Dotson,zoneCover,0,5
Kevin Dotson,Kevin Dotson,catching,0,5
Kevin Dotson,Kevin Dotson,routeRun,0,5
Byron Murphy II,Byron Murphy II,rating,92,85
Byron Murphy II,Byron Murphy II,speed,90,85
Byron Murphy II,Byron Murphy II,power,92,91
Byron Murphy II,Byron Murphy II,agility,90,85
Byron Murphy II,Byron Murphy II,burst,90,85
Byron Murphy II,Byron Murphy II,intelligence,83,88
Byron Murphy II,Byron Murphy II,tackle,77,82
Byron Murphy II,Byron Murphy II,manCover,0,5
Byron Murphy II,Byron Murphy II,zoneCover,0,5
Byron Murphy II,Byron Murphy II,catching,0,5
Byron Murphy II,Byron Murphy II,routeRun,0,5
Dalton Kincaid,Dalton Kincaid,rating,76,83
Dalton Kincaid,Dalton Kincaid,speed,85,86
Dalton Kincaid,Dalton Kincaid,power,86,81
Dalton Kincaid,Dalton Kincaid,agility,86,81
Dalton Kincaid,Dalton Kincaid,burst,87,90
Dalton Kincaid,Dalton Kincaid,intelligence,88,91
Dalton Kincaid,Dalton Kincaid,tackle,0,5
Dalton Kincaid,Dalton Kincaid,manCover,0,5
Dalton Kincaid,Dalton Kincaid,zoneCover,0,5
Dalton Kincaid,Dalton Kincaid,catching,85,90
Dalton Kincaid,Dalton Kincaid,routeRun,88,83
Abraham Lucas,Abraham Lucas,rating,76,83
Abraham Lucas,Abraham Lucas,speed,82,77
Abraham Lucas,Abraham Lucas,power,88,87
Abraham Lucas,Abraham Lucas,agility,89,84
Abraham Lucas,Abraham Lucas,burst,82,80
Abraham Lucas,Abraham Lucas,intelligence,80,85
Abraham Lucas,Abraham Lucas,tackle,0,5
Abraham Lucas,Abraham Lucas,manCover,0,5
Abraham Lucas,Abraham Lucas,zoneCover,0,5
Abraham Lucas,Abraham Lucas,catching,0,5
Abraham Lucas,Abraham Lucas,routeRun,0,5
Baker Mayfield,Baker Mayfield,rating,73,83
Baker Mayfield,Baker Mayfield,speed,89,87
Baker Mayfield,Baker Mayfield,power,93,88
Baker Mayfield,Baker Mayfield,agility,83,82
Baker Mayfield,Baker Mayfield,burst,76,81
Baker Mayfield,Baker Mayfield,intelligence,87,83
Baker Mayfield,Baker Mayfield,tackle,0,5
Baker Mayfield,Baker Mayfield,manCover,0,5
Baker Mayfield,Baker Mayfield,zoneCover,0,5
Baker Mayfield,Baker Mayfield,catching,0,5
Baker Mayfield,Baker Mayfield,routeRun,0,5
Jerry Jeudy,Jerry Jeudy,rating,71,81
Jerry Jeudy,Jerry Jeudy,speed,89,91
Jerry Jeudy,Jerry Jeudy,power,80,75
Jerry Jeudy,Jerry Jeudy,agility,90,92
Jerry Jeudy,Jerry Jeudy,burst,88,92
Jerry Jeudy,Jerry Jeudy,intelligence,70,75
Jerry Jeudy,Jerry Jeudy,tackle,0,5
Jerry Jeudy,Jerry Jeudy,manCover,0,5
Jerry Jeudy,Jerry Jeudy,zoneCover,0,5
Jerry Jeudy,Jerry Jeudy,catching,71,76
Isaiah Rodgers,Isaiah Rodgers Sr,rating,71,81
Isaiah Rodgers,Isaiah Rodgers Sr,speed,77,82
Isaiah Rodgers,Isaiah Rodgers Sr,power,92,87
Isaiah Rodgers,Isaiah Rodgers Sr,agility,80,85
Isaiah Rodgers,Isaiah Rodgers Sr,burst,76,81
Isaiah Rodgers,Isaiah Rodgers Sr,intelligence,84,80
Isaiah Rodgers,Isaiah Rodgers Sr,tackle,82,77
Isaiah Rodgers,Isaiah Rodgers Sr,manCover,75,74
Isaiah Rodgers,Isaiah Rodgers Sr,zoneCover,75,80
Isaiah Rodgers,Isaiah Rodgers Sr,catching,0,5
Isaiah Rodgers,Isaiah Rodgers Sr,routeRun,0,5
Divine Deablo,Divine Deablo,rating,70,80
Divine Deablo,Divine Deablo,speed,80,85
Divine Deablo,Divine Deablo,power,75,70
Divine Deablo,Divine Deablo,agility,72,77
Divine Deablo,Divine Deablo,burst,75,80
Divine Deablo,Divine Deablo,intelligence,89,84
Divine Deablo,Divine Deablo,tackle,78,83
Divine Deablo,Divine Deablo,manCover,77,72
Divine Deablo,Divine Deablo,catching,0,5
Divine Deablo,Divine Deablo,routeRun,0,5
Kamren Kinchens,Kamren Kinchens,rating,73,80
Kamren Kinchens,Kamren Kinchens,speed,74,79
Kamren Kinchens,Kamren Kinchens,power,84,79
Kamren Kinchens,Kamren Kinchens,agility,86,84
Kamren Kinchens,Kamren Kinchens,burst,85,88
Kamren Kinchens,Kamren Kinchens,intelligence,74,79
Kamren Kinchens,Kamren Kinchens,tackle,87,82
Kamren Kinchens,Kamren Kinchens,manCover,83,78
Kamren Kinchens,Kamren Kinchens,zoneCover,75,80
Kamren Kinchens,Kamren Kinchens,catching,0,5
Kamren Kinchens,Kamren Kinchens,routeRun,0,5
Kelvin Banks Jr.,Kelvin Banks Jr,rating,68,78
Kelvin Banks Jr.,Kelvin Banks Jr,speed,77,72
Kelvin Banks Jr.,Kelvin Banks Jr,power,91,86
Kelvin Banks Jr.,Kelvin Banks Jr,agility,81,76
Kelvin Banks Jr.,Kelvin Banks Jr,burst,87,82
Kelvin Banks Jr.,Kelvin Banks Jr,intelligence,83,78
Kelvin Banks Jr.,Kelvin Banks Jr,tackle,0,5
Kelvin Banks Jr.,Kelvin Banks Jr,manCover,0,5
Kelvin Banks Jr.,Kelvin Banks Jr,zoneCover,0,5
Kelvin Banks Jr.,Kelvin Banks Jr,catching,0,5
Kelvin Banks Jr.,Kelvin Banks Jr,routeRun,0,5
Josh Jobe,Josh Jobe,rating,68,78
Josh Jobe,Josh Jobe,speed,91,89
Josh Jobe,Josh Jobe,power,87,82
Josh Jobe,Josh Jobe,agility,93,88
Josh Jobe,Josh Jobe,burst,94,89
Josh Jobe,Josh Jobe,tackle,84,79
Josh Jobe,Josh Jobe,manCover,94,89
Josh Jobe,Josh Jobe,zoneCover,87,82
Josh Jobe,Josh Jobe,catching,0,5
Josh Jobe,Josh Jobe,routeRun,0,5
Benjamin St-Juste,Benjamin St-Juste,rating,70,77
Benjamin St-Juste,Benjamin St-Juste,speed,84,89
Benjamin St-Juste,Benjamin St-Juste,power,82,77
Benjamin St-Juste,Benjamin St-Juste,agility,74,79
Benjamin St-Juste,Benjamin St-Juste,burst,75,80
Benjamin St-Juste,Benjamin St-Juste,intelligence,82,77
Benjamin St-Juste,Benjamin St-Juste,tackle,87,82
Benjamin St-Juste,Benjamin St-Juste,manCover,82,77
Benjamin St-Juste,Benjamin St-Juste,zoneCover,71,76
Benjamin St-Juste,Benjamin St-Juste,catching,0,5
Benjamin St-Juste,Benjamin St-Juste,routeRun,0,5
Jonas Sanker,Jonas Sanker,rating,70,77
Jonas Sanker,Jonas Sanker,speed,71,76
Jonas Sanker,Jonas Sanker,power,79,74
Jonas Sanker,Jonas Sanker,agility,88,83
Jonas Sanker,Jonas Sanker,burst,83,88
Jonas Sanker,Jonas Sanker,intelligence,75,80
Jonas Sanker,Jonas Sanker,tackle,86,81
Jonas Sanker,Jonas Sanker,manCover,81,76
Jonas Sanker,Jonas Sanker,zoneCover,82,77
Jonas Sanker,Jonas Sanker,catching,0,5
Jonas Sanker,Jonas Sanker,routeRun,0,5
Adonai Mitchell,Adonai Mitchell,rating,70,77
Adonai Mitchell,Adonai Mitchell,speed,75,80
Adonai Mitchell,Adonai Mitchell,power,89,84
Adonai Mitchell,Adonai Mitchell,agility,78,83
Adonai Mitchell,Adonai Mitchell,burst,78,83
Adonai Mitchell,Adonai Mitchell,intelligence,84,82
Adonai Mitchell,Adonai Mitchell,tackle,0,5
Adonai Mitchell,Adonai Mitchell,manCover,0,5
Adonai Mitchell,Adonai Mitchell,zoneCover,0,5
Adonai Mitchell,Adonai Mitchell,catching,81,80
Adonai Mitchell,Adonai Mitchell,routeRun,81,78
Tress Way,Tress Way,rating,67,77
Tress Way,Tress Way,speed,69,72
Tress Way,Tress Way,power,93,88
Tress Way,Tress Way,agility,70,65
Tress Way,Tress Way,burst,79,74
Tress Way,Tress Way,intelligence,74,69
Tress Way,Tress Way,tackle,0,5
Tress Way,Tress Way,manCover,0,5
Tress Way,Tress Way,zoneCover,0,5
Tress Way,Tress Way,catching,0,5
Tress Way,Tress Way,routeRun,0,5
Cesar Ruiz,Cesar Ruiz,rating,66,76
Cesar Ruiz,Cesar Ruiz,speed,83,78
Cesar Ruiz,Cesar Ruiz,agility,81,76
Cesar Ruiz,Cesar Ruiz,burst,84,79
Cesar Ruiz,Cesar Ruiz,intelligence,76,81
Cesar Ruiz,Cesar Ruiz,tackle,0,5
Cesar Ruiz,Cesar Ruiz,manCover,0,5
Cesar Ruiz,Cesar Ruiz,zoneCover,0,5
Cesar Ruiz,Cesar Ruiz,catching,0,5
Cesar Ruiz,Cesar Ruiz,routeRun,0,5
Asante Samuel Jr.,Asante Samuel Jr,rating,69,76
Asante Samuel Jr.,Asante Samuel Jr,speed,88,91
Asante Samuel Jr.,Asante Samuel Jr,power,72,67
Asante Samuel Jr.,Asante Samuel Jr,agility,81,86
Asante Samuel Jr.,Asante Samuel Jr,burst,74,79
Asante Samuel Jr.,Asante Samuel Jr,intelligence,74,72
Asante Samuel Jr.,Asante Samuel Jr,tackle,83,78
Asante Samuel Jr.,Asante Samuel Jr,manCover,82,78
Asante Samuel Jr.,Asante Samuel Jr,zoneCover,85,83
Asante Samuel Jr.,Asante Samuel Jr,catching,0,5
Asante Samuel Jr.,Asante Samuel Jr,routeRun,0,5
Donovan Ezeiruaku,Donovan Ezeiruaku,rating,82,75
Donovan Ezeiruaku,Donovan Ezeiruaku,speed,90,85
Donovan Ezeiruaku,Donovan Ezeiruaku,power,82,77
Donovan Ezeiruaku,Donovan Ezeiruaku,agility,94,89
Donovan Ezeiruaku,Donovan Ezeiruaku,burst,69,74
Donovan Ezeiruaku,Donovan Ezeiruaku,intelligence,99,94
Donovan Ezeiruaku,Donovan Ezeiruaku,tackle,85,80
Donovan Ezeiruaku,Donovan Ezeiruaku,manCover,0,5
Donovan Ezeiruaku,Donovan Ezeiruaku,zoneCover,0,5
Donovan Ezeiruaku,Donovan Ezeiruaku,catching,0,5
Donovan Ezeiruaku,Donovan Ezeiruaku,routeRun,0,5
Tyquan Thornton,Tyquan Thornton,rating,65,75
Tyquan Thornton,Tyquan Thornton,speed,81,86
Tyquan Thornton,Tyquan Thornton,power,76,71
Tyquan Thornton,Tyquan Thornton,agility,89,84
Tyquan Thornton,Tyquan Thornton,burst,73,78
Tyquan Thornton,Tyquan Thornton,intelligence,82,78
Tyquan Thornton,Tyquan Thornton,tackle,0,5
Tyquan Thornton,Tyquan Thornton,manCover,0,5
Tyquan Thornton,Tyquan Thornton,zoneCover,0,5
Tyquan Thornton,Tyquan Thornton,catching,73,78
Tyquan Thornton,Tyquan Thornton,routeRun,82,78
Kenneth Grant,Kenneth Grant,rating,68,75
Kenneth Grant,Kenneth Grant,speed,72,68
Kenneth Grant,Kenneth Grant,power,72,77
Kenneth Grant,Kenneth Grant,agility,71,66
Kenneth Grant,Kenneth Grant,intelligence,80,75
Kenneth Grant,Kenneth Grant,tackle,76,81
Kenneth Grant,Kenneth Grant,manCover,0,5
Kenneth Grant,Kenneth Grant,zoneCover,0,5
Kenneth Grant,Kenneth Grant,catching,0,5
Kenneth Grant,Kenneth Grant,routeRun,0,5
Marcus Epps,Marcus Epps,rating,65,75
Marcus Epps,Marcus Epps,speed,91,87
Marcus Epps,Marcus Epps,power,77,72
Marcus Epps,Marcus Epps,agility,88,87
Marcus Epps,Marcus Epps,burst,91,87
Marcus Epps,Marcus Epps,intelligence,85,80
Marcus Epps,Marcus Epps,tackle,79,74
Marcus Epps,Marcus Epps,manCover,83,78
Marcus Epps,Marcus Epps,zoneCover,71,72
Marcus Epps,Marcus Epps,catching,0,5
Marcus Epps,Marcus Epps,routeRun,0,5
Cade Mays,Cade Mays,rating,64,74
Cade Mays,Cade Mays,speed,88,83
Cade Mays,Cade Mays,power,83,82
Cade Mays,Cade Mays,agility,82,77
Cade Mays,Cade Mays,burst,81,76
Cade Mays,Cade Mays,intelligence,86,81
Cade Mays,Cade Mays,tackle,0,5
Cade Mays,Cade Mays,manCover,0,5
Cade Mays,Cade Mays,zoneCover,0,5
Cade Mays,Cade Mays,catching,0,5
Cade Mays,Cade Mays,routeRun,0,5
Austin Booker,Austin Booker,rating,63,73
Austin Booker,Austin Booker,speed,75,79
Austin Booker,Austin Booker,power,68,73
Austin Booker,Austin Booker,agility,82,77
Austin Booker,Austin Booker,burst,84,83
Austin Booker,Austin Booker,intelligence,82,78
Austin Booker,Austin Booker,tackle,78,82
Austin Booker,Austin Booker,manCover,0,5
Austin Booker,Austin Booker,zoneCover,0,5
Austin Booker,Austin Booker,catching,0,5
Austin Booker,Austin Booker,routeRun,0,5
Myles Murphy,Myles Murphy,rating,63,73
Myles Murphy,Myles Murphy,speed,69,74
Myles Murphy,Myles Murphy,agility,66,71
Myles Murphy,Myles Murphy,burst,85,90
Myles Murphy,Myles Murphy,intelligence,81,76
Myles Murphy,Myles Murphy,manCover,0,5
Myles Murphy,Myles Murphy,zoneCover,0,5
Myles Murphy,Myles Murphy,catching,0,5
Myles Murphy,Myles Murphy,routeRun,0,5
Wyatt Milum,Wyatt Milum,rating,81,71
Wyatt Milum,Wyatt Milum,speed,85,80
Wyatt Milum,Wyatt Milum,agility,82,77
Wyatt Milum,Wyatt Milum,burst,86,81
Wyatt Milum,Wyatt Milum,intelligence,84,79
Wyatt Milum,Wyatt Milum,tackle,0,5
Wyatt Milum,Wyatt Milum,manCover,0,5
Wyatt Milum,Wyatt Milum,zoneCover,0,5
Wyatt Milum,Wyatt Milum,catching,0,5
Wyatt Milum,Wyatt Milum,routeRun,0,5
Alec Anderson,Alec Anderson,rating,73,66
Alec Anderson,Alec Anderson,speed,92,87
Alec Anderson,Alec Anderson,power,86,85
Alec Anderson,Alec Anderson,agility,76,71
Alec Anderson,Alec Anderson,burst,89,84
Alec Anderson,Alec Anderson,intelligence,86,81
Alec Anderson,Alec Anderson,tackle,0,5
Alec Anderson,Alec Anderson,manCover,0,5
Alec Anderson,Alec Anderson,zoneCover,0,5
Alec Anderson,Alec Anderson,catching,0,5
Alec Anderson,Alec Anderson,routeRun,0,5
John Bates,John Bates,rating,73,66
John Bates,John Bates,speed,81,77
John Bates,John Bates,power,91,86
John Bates,John Bates,agility,84,83
John Bates,John Bates,burst,79,78
John Bates,John Bates,intelligence,74,69
John Bates,John Bates,tackle,0,5
John Bates,John Bates,manCover,0,5
John Bates,John Bates,zoneCover,0,5
John Bates,John Bates,catching,74,77
John Bates,John Bates,routeRun,68,63
Kurtis Rourke,Kurtis Rourke,rating,70,63
Kurtis Rourke,Kurtis Rourke,speed,80,76
Kurtis Rourke,Kurtis Rourke,power,79,74
Kurtis Rourke,Kurtis Rourke,agility,80,75
Kurtis Rourke,Kurtis Rourke,intelligence,73,68
Kurtis Rourke,Kurtis Rourke,tackle,0,5
Kurtis Rourke,Kurtis Rourke,manCover,0,5
Kurtis Rourke,Kurtis Rourke,zoneCover,0,5
Kurtis Rourke,Kurtis Rourke,catching,0,5
Kurtis Rourke,Kurtis Rourke,routeRun,0,5
Treyton Welch,Treyton Welch,rating,71,61
Treyton Welch,Treyton Welch,speed,73,78
Treyton Welch,Treyton Welch,power,81,77
Treyton Welch,Treyton Welch,agility,85,80
Treyton Welch,Treyton Welch,burst,78,83
Treyton Welch,Treyton Welch,intelligence,70,65
Treyton Welch,Treyton Welch,tackle,0,5
Treyton Welch,Treyton Welch,manCover,0,5
Treyton Welch,Treyton Welch,zoneCover,0,5
Treyton Welch,Treyton Welch,catching,86,81
Treyton Welch,Treyton Welch,routeRun,74,69
Laremy Tunsil,Laremy Tunsil,rating,83,94
Laremy Tunsil,Laremy Tunsil,speed,81,76
Laremy Tunsil,Laremy Tunsil,power,90,92
Laremy Tunsil,Laremy Tunsil,agility,96,91
Laremy Tunsil,Laremy Tunsil,burst,86,81
Laremy Tunsil,Laremy Tunsil,intelligence,82,87
Laremy Tunsil,Laremy Tunsil,tackle,0,5
Laremy Tunsil,Laremy Tunsil,manCover,0,5
Laremy Tunsil,Laremy Tunsil,zoneCover,0,5
Laremy Tunsil,Laremy Tunsil,catching,0,5
Laremy Tunsil,Laremy Tunsil,routeRun,0,5
Kolton Miller,Kolton Miller,rating,83,91
Kolton Miller,Kolton Miller,speed,79,75
Kolton Miller,Kolton Miller,power,82,87
Kolton Miller,Kolton Miller,agility,91,86
Kolton Miller,Kolton Miller,burst,97,92
Kolton Miller,Kolton Miller,intelligence,93,92
Kolton Miller,Kolton Miller,tackle,0,5
Kolton Miller,Kolton Miller,manCover,0,5
Kolton Miller,Kolton Miller,zoneCover,0,5
Kolton Miller,Kolton Miller,catching,0,5
Kolton Miller,Kolton Miller,routeRun,0,5
Brian O'Neill,Brian O'Neill,rating,79,87
Brian O'Neill,Brian O'Neill,speed,85,80
Brian O'Neill,Brian O'Neill,power,81,86
Brian O'Neill,Brian O'Neill,agility,83,78
Brian O'Neill,Brian O'Neill,burst,80,75
Brian O'Neill,Brian O'Neill,intelligence,85,90
Brian O'Neill,Brian O'Neill,tackle,0,5
Brian O'Neill,Brian O'Neill,manCover,0,5
Brian O'Neill,Brian O'Neill,zoneCover,0,5
Brian O'Neill,Brian O'Neill,catching,0,5
Brian O'Neill,Brian O'Neill,routeRun,0,5
Foye Oluokun,Foyesade Oluokun,rating,75,86
Foye Oluokun,Foyesade Oluokun,speed,79,84
Foye Oluokun,Foyesade Oluokun,power,83,78
Foye Oluokun,Foyesade Oluokun,agility,85,84
Foye Oluokun,Foyesade Oluokun,burst,80,85
Foye Oluokun,Foyesade Oluokun,intelligence,86,89
Foye Oluokun,Foyesade Oluokun,tackle,89,90
Foye Oluokun,Foyesade Oluokun,manCover,0,5
Foye Oluokun,Foyesade Oluokun,zoneCover,0,5
Foye Oluokun,Foyesade Oluokun,catching,0,5
Foye Oluokun,Foyesade Oluokun,routeRun,0,5
Chris Boswell,Chris Boswell,rating,97,86
Chris Boswell,Chris Boswell,speed,80,75
Chris Boswell,Chris Boswell,power,98,93
Chris Boswell,Chris Boswell,agility,87,82
Chris Boswell,Chris Boswell,burst,84,79
Chris Boswell,Chris Boswell,intelligence,97,92
Chris Boswell,Chris Boswell,tackle,0,5
Chris Boswell,Chris Boswell,manCover,0,5
Chris Boswell,Chris Boswell,zoneCover,0,5
Chris Boswell,Chris Boswell,catching,0,5
Chris Boswell,Chris Boswell,routeRun,0,5
Ryan Neuzil,Ryan Neuzil,rating,73,84
Ryan Neuzil,Ryan Neuzil,speed,84,79
Ryan Neuzil,Ryan Neuzil,power,84,85
Ryan Neuzil,Ryan Neuzil,agility,82,77
Ryan Neuzil,Ryan Neuzil,burst,89,84
Ryan Neuzil,Ryan Neuzil,intelligence,74,79
Ryan Neuzil,Ryan Neuzil,tackle,0,5
Ryan Neuzil,Ryan Neuzil,manCover,0,5
Ryan Neuzil,Ryan Neuzil,zoneCover,0,5
Ryan Neuzil,Ryan Neuzil,catching,0,5
Ryan Neuzil,Ryan Neuzil,routeRun,0,5
DJ Turner II,DJ Turner II,rating,73,84
DJ Turner II,DJ Turner II,speed,85,90
DJ Turner II,DJ Turner II,power,79,74
DJ Turner II,DJ Turner II,agility,91,92
DJ Turner II,DJ Turner II,burst,91,96
DJ Turner II,DJ Turner II,intelligence,80,79
DJ Turner II,DJ Turner II,tackle,80,75
DJ Turner II,DJ Turner II,manCover,81,84
DJ Turner II,DJ Turner II,zoneCover,72,77
DJ Turner II,DJ Turner II,catching,0,5
DJ Turner II,DJ Turner II,routeRun,0,5
Grant Delpit,Grant Delpit,rating,74,82
Grant Delpit,Grant Delpit,speed,81,86
Grant Delpit,Grant Delpit,power,89,84
Grant Delpit,Grant Delpit,agility,81,86
Grant Delpit,Grant Delpit,burst,76,81
Grant Delpit,Grant Delpit,intelligence,84,85
Grant Delpit,Grant Delpit,tackle,82,77
Grant Delpit,Grant Delpit,manCover,76,74
Grant Delpit,Grant Delpit,zoneCover,86,82
Grant Delpit,Grant Delpit,catching,0,5
Grant Delpit,Grant Delpit,routeRun,0,5
Dominick Puni,Dominick Puni,rating,71,82
Dominick Puni,Dominick Puni,speed,86,81
Dominick Puni,Dominick Puni,power,80,85
Dominick Puni,Dominick Puni,agility,89,84
Dominick Puni,Dominick Puni,burst,87,82
Dominick Puni,Dominick Puni,intelligence,75,80
Dominick Puni,Dominick Puni,tackle,0,5
Dominick Puni,Dominick Puni,manCover,0,5
Dominick Puni,Dominick Puni,zoneCover,0,5
Dominick Puni,Dominick Puni,catching,0,5
Dominick Puni,Dominick Puni,routeRun,0,5
Tre'von Moehrig,Tre'von Moehrig,rating,70,81
Tre'von Moehrig,Tre'von Moehrig,speed,86,89
Tre'von Moehrig,Tre'von Moehrig,power,90,85
Tre'von Moehrig,Tre'von Moehrig,agility,93,88
Tre'von Moehrig,Tre'von Moehrig,burst,94,89
Tre'von Moehrig,Tre'von Moehrig,intelligence,84,86
Tre'von Moehrig,Tre'von Moehrig,tackle,73,76
Tre'von Moehrig,Tre'von Moehrig,manCover,82,77
Tre'von Moehrig,Tre'von Moehrig,zoneCover,93,88
Tre'von Moehrig,Tre'von Moehrig,catching,0,5
Tre'von Moehrig,Tre'von Moehrig,routeRun,0,5
T.J. Edwards,T.J. Edwards,rating,70,81
T.J. Edwards,T.J. Edwards,speed,88,85
T.J. Edwards,T.J. Edwards,power,73,72
T.J. Edwards,T.J. Edwards,agility,85,80
T.J. Edwards,T.J. Edwards,burst,79,84
T.J. Edwards,T.J. Edwards,intelligence,86,84
T.J. Edwards,T.J. Edwards,tackle,80,85
T.J. Edwards,T.J. Edwards,manCover,0,5
T.J. Edwards,T.J. Edwards,zoneCover,0,5
T.J. Edwards,T.J. Edwards,catching,0,5
T.J. Edwards,T.J. Edwards,routeRun,0,5
Travon Walker,Travon Walker,rating,69,80
Travon Walker,Travon Walker,speed,83,87
Travon Walker,Travon Walker,power,84,88
Travon Walker,Travon Walker,agility,82,83
Travon Walker,Travon Walker,burst,77,82
Travon Walker,Travon Walker,intelligence,80,78
Travon Walker,Travon Walker,tackle,83,79
Travon Walker,Travon Walker,manCover,0,5
Travon Walker,Travon Walker,zoneCover,0,5
Travon Walker,Travon Walker,catching,0,5
Travon Walker,Travon Walker,routeRun,0,5
James Pearce Jr.,James Pearce Jr,rating,71,79
James Pearce Jr.,James Pearce Jr,speed,73,78
James Pearce Jr.,James Pearce Jr,power,79,76
James Pearce Jr.,James Pearce Jr,agility,85,80
James Pearce Jr.,James Pearce Jr,burst,84,89
James Pearce Jr.,James Pearce Jr,intelligence,74,79
James Pearce Jr.,James Pearce Jr,tackle,81,76
James Pearce Jr.,James Pearce Jr,manCover,0,5
James Pearce Jr.,James Pearce Jr,zoneCover,0,5
James Pearce Jr.,James Pearce Jr,catching,0,5
James Pearce Jr.,James Pearce Jr,routeRun,0,5
Kristian Fulton,Kristian Fulton,rating,69,77
Kristian Fulton,Kristian Fulton,speed,69,74
Kristian Fulton,Kristian Fulton,power,81,76
Kristian Fulton,Kristian Fulton,agility,83,85
Kristian Fulton,Kristian Fulton,burst,87,89
Kristian Fulton,Kristian Fulton,intelligence,82,84
Kristian Fulton,Kristian Fulton,tackle,81,76
Kristian Fulton,Kristian Fulton,manCover,75,77
Kristian Fulton,Kristian Fulton,zoneCover,86,82
Kristian Fulton,Kristian Fulton,catching,0,5
Kristian Fulton,Kristian Fulton,routeRun,0,5
Harrison Mevis,Harrison Mevis,rating,87,76
Harrison Mevis,Harrison Mevis,speed,80,75
Harrison Mevis,Harrison Mevis,power,82,77
Harrison Mevis,Harrison Mevis,agility,92,87
Harrison Mevis,Harrison Mevis,burst,86,81
Harrison Mevis,Harrison Mevis,intelligence,82,77
Harrison Mevis,Harrison Mevis,tackle,0,5
Harrison Mevis,Harrison Mevis,manCover,0,5
Harrison Mevis,Harrison Mevis,zoneCover,0,5
Harrison Mevis,Harrison Mevis,catching,0,5
Harrison Mevis,Harrison Mevis,routeRun,0,5
Jaylin Lane,Jaylin Lane,rating,64,75
Jaylin Lane,Jaylin Lane,speed,82,87
Jaylin Lane,Jaylin Lane,power,78,73
Jaylin Lane,Jaylin Lane,agility,82,87
Jaylin Lane,Jaylin Lane,burst,76,81
Jaylin Lane,Jaylin Lane,intelligence,80,78
Jaylin Lane,Jaylin Lane,tackle,0,5
Jaylin Lane,Jaylin Lane,manCover,0,5
Jaylin Lane,Jaylin Lane,zoneCover,0,5
Jaylin Lane,Jaylin Lane,catching,74,79
Jaylin Lane,Jaylin Lane,routeRun,74,75
Austin Hooper,Austin Hooper,rating,82,74
Austin Hooper,Austin Hooper,speed,76,81
Austin Hooper,Austin Hooper,power,85,80
Austin Hooper,Austin Hooper,agility,82,79
Austin Hooper,Austin Hooper,burst,91,86
Austin Hooper,Austin Hooper,intelligence,74,79
Austin Hooper,Austin Hooper,tackle,0,5
Austin Hooper,Austin Hooper,manCover,0,5
Austin Hooper,Austin Hooper,zoneCover,0,5
Austin Hooper,Austin Hooper,catching,95,90
Austin Hooper,Austin Hooper,routeRun,93,88
Daniel Whelan,Daniel Whelan,rating,85,74
Daniel Whelan,Daniel Whelan,speed,83,78
Daniel Whelan,Daniel Whelan,power,80,75
Daniel Whelan,Daniel Whelan,agility,88,83
Daniel Whelan,Daniel Whelan,burst,79,78
Daniel Whelan,Daniel Whelan,intelligence,86,81
Daniel Whelan,Daniel Whelan,tackle,0,5
Daniel Whelan,Daniel Whelan,manCover,0,5
Daniel Whelan,Daniel Whelan,zoneCover,0,5
Daniel Whelan,Daniel Whelan,catching,0,5
Daniel Whelan,Daniel Whelan,routeRun,0,5
Jack Gibbens,Jack Gibbens,rating,84,73
Jack Gibbens,Jack Gibbens,speed,94,89
Jack Gibbens,Jack Gibbens,power,86,81
Jack Gibbens,Jack Gibbens,agility,89,84
Jack Gibbens,Jack Gibbens,burst,91,86
Jack Gibbens,Jack Gibbens,intelligence,81,76
Jack Gibbens,Jack Gibbens,tackle,87,86
Jack Gibbens,Jack Gibbens,manCover,69,64
Jack Gibbens,Jack Gibbens,zoneCover,76,71
Jack Gibbens,Jack Gibbens,catching,0,5
Jack Gibbens,Jack Gibbens,routeRun,0,5
Colby Parkinson,Colby Parkinson,rating,84,73
Colby Parkinson,Colby Parkinson,speed,80,85
Colby Parkinson,Colby Parkinson,power,96,91
Colby Parkinson,Colby Parkinson,burst,89,84
Colby Parkinson,Colby Parkinson,intelligence,89,84
Colby Parkinson,Colby Parkinson,tackle,0,5
Colby Parkinson,Colby Parkinson,manCover,0,5
Colby Parkinson,Colby Parkinson,zoneCover,0,5
Colby Parkinson,Colby Parkinson,catching,86,87
Colby Parkinson,Colby Parkinson,routeRun,81,76
Malik Washington,Malik Washington,rating,65,73
Malik Washington,Malik Washington,speed,88,90
Malik Washington,Malik Washington,power,64,59
Malik Washington,Malik Washington,agility,89,88
Malik Washington,Malik Washington,burst,90,92
Malik Washington,Malik Washington,intelligence,83,78
Malik Washington,Malik Washington,tackle,0,5
Malik Washington,Malik Washington,manCover,0,5
Malik Washington,Malik Washington,zoneCover,0,5
Malik Washington,Malik Washington,catching,76,81
Malik Washington,Malik Washington,routeRun,85,80
Roy Lopez,Roy Lopez,rating,61,72
Roy Lopez,Roy Lopez,speed,77,72
Roy Lopez,Roy Lopez,agility,78,73
Roy Lopez,Roy Lopez,burst,84,79
Roy Lopez,Roy Lopez,intelligence,72,74
Roy Lopez,Roy Lopez,tackle,70,75
Roy Lopez,Roy Lopez,manCover,0,5
Roy Lopez,Roy Lopez,zoneCover,0,5
Roy Lopez,Roy Lopez,catching,0,5
Roy Lopez,Roy Lopez,routeRun,0,5
Cole Strange,Cole Strange,rating,61,72
Cole Strange,Cole Strange,speed,94,89
Cole Strange,Cole Strange,power,73,78
Cole Strange,Cole Strange,agility,80,75
Cole Strange,Cole Strange,burst,80,78
Cole Strange,Cole Strange,intelligence,66,71
Cole Strange,Cole Strange,tackle,0,5
Cole Strange,Cole Strange,manCover,0,5
Cole Strange,Cole Strange,zoneCover,0,5
Cole Strange,Cole Strange,catching,0,5
Cole Strange,Cole Strange,routeRun,0,5
Jonathan Jones,Jonathan Jones,rating,80,72
Jonathan Jones,Jonathan Jones,speed,77,82
Jonathan Jones,Jonathan Jones,power,79,74
Jonathan Jones,Jonathan Jones,agility,79,84
Jonathan Jones,Jonathan Jones,burst,79,84
Jonathan Jones,Jonathan Jones,intelligence,77,72
Jonathan Jones,Jonathan Jones,tackle,92,87
Jonathan Jones,Jonathan Jones,manCover,94,89
Jonathan Jones,Jonathan Jones,zoneCover,82,77
Jonathan Jones,Jonathan Jones,catching,0,5
Jonathan Jones,Jonathan Jones,routeRun,0,5
Jake Tonges,Jake Tonges,rating,83,72
Jake Tonges,Jake Tonges,speed,85,86
Jake Tonges,Jake Tonges,power,91,86
Jake Tonges,Jake Tonges,agility,71,76
Jake Tonges,Jake Tonges,burst,81,86
Jake Tonges,Jake Tonges,intelligence,85,80
Jake Tonges,Jake Tonges,tackle,0,5
Jake Tonges,Jake Tonges,manCover,0,5
Jake Tonges,Jake Tonges,zoneCover,0,5
Jake Tonges,Jake Tonges,catching,76,81
Jake Tonges,Jake Tonges,routeRun,92,87
SirVocea Dennis,SirVocea Dennis,rating,61,72
SirVocea Dennis,SirVocea Dennis,speed,93,88
SirVocea Dennis,SirVocea Dennis,power,88,83
SirVocea Dennis,SirVocea Dennis,agility,93,88
SirVocea Dennis,SirVocea Dennis,burst,78,83
SirVocea Dennis,SirVocea Dennis,intelligence,82,77
SirVocea Dennis,SirVocea Dennis,tackle,74,79
SirVocea Dennis,SirVocea Dennis,manCover,79,74
SirVocea Dennis,SirVocea Dennis,zoneCover,88,83
SirVocea Dennis,SirVocea Dennis,catching,0,5
SirVocea Dennis,SirVocea Dennis,routeRun,0,5
Konata Mumpfield,Konata Mumpfield,rating,63,71
Konata Mumpfield,Konata Mumpfield,speed,78,83
Konata Mumpfield,Konata Mumpfield,power,77,72
Konata Mumpfield,Konata Mumpfield,agility,82,87
Konata Mumpfield,Konata Mumpfield,burst,80,85
Konata Mumpfield,Konata Mumpfield,tackle,0,5
Konata Mumpfield,Konata Mumpfield,manCover,0,5
Konata Mumpfield,Konata Mumpfield,zoneCover,0,5
Konata Mumpfield,Konata Mumpfield,catching,70,75
Konata Mumpfield,Konata Mumpfield,routeRun,77,75
Brandon Coleman,Brandon Coleman,rating,63,71
Brandon Coleman,Brandon Coleman,speed,84,79
Brandon Coleman,Brandon Coleman,power,82,85
Brandon Coleman,Brandon Coleman,agility,80,75
Brandon Coleman,Brandon Coleman,burst,74,77
Brandon Coleman,Brandon Coleman,intelligence,81,76
Brandon Coleman,Brandon Coleman,tackle,0,5
Brandon Coleman,Brandon Coleman,manCover,0,5
Brandon Coleman,Brandon Coleman,zoneCover,0,5
Brandon Coleman,Brandon Coleman,catching,0,5
Brandon Coleman,Brandon Coleman,routeRun,0,5
Greg Dulcich,Greg Dulcich,rating,81,70
Greg Dulcich,Greg Dulcich,speed,77,82
Greg Dulcich,Greg Dulcich,power,91,86
Greg Dulcich,Greg Dulcich,agility,88,83
Greg Dulcich,Greg Dulcich,burst,79,84
Greg Dulcich,Greg Dulcich,intelligence,95,90
Greg Dulcich,Greg Dulcich,tackle,0,5
Greg Dulcich,Greg Dulcich,manCover,0,5
Greg Dulcich,Greg Dulcich,zoneCover,0,5
Greg Dulcich,Greg Dulcich,catching,89,84
Greg Dulcich,Greg Dulcich,routeRun,89,84
Adin Huntington,Adin Huntington,rating,76,65
Adin Huntington,Adin Huntington,speed,81,82
Adin Huntington,Adin Huntington,power,90,85
Adin Huntington,Adin Huntington,agility,83,78
Adin Huntington,Adin Huntington,burst,81,86
Adin Huntington,Adin Huntington,intelligence,82,77
Adin Huntington,Adin Huntington,tackle,78,74
Adin Huntington,Adin Huntington,manCover,0,5
Adin Huntington,Adin Huntington,zoneCover,0,5
Adin Huntington,Adin Huntington,catching,0,5
Adin Huntington,Adin Huntington,routeRun,0,5
Grant Stuard,Grant Stuard,rating,56,64
Grant Stuard,Grant Stuard,speed,83,84
Grant Stuard,Grant Stuard,agility,69,68
Grant Stuard,Grant Stuard,burst,79,84
Grant Stuard,Grant Stuard,intelligence,75,70
Grant Stuard,Grant Stuard,tackle,85,80
Grant Stuard,Grant Stuard,manCover,0,5
Grant Stuard,Grant Stuard,zoneCover,0,5
Grant Stuard,Grant Stuard,catching,0,5
Grant Stuard,Grant Stuard,routeRun,0,5
Ethan Downs,Ethan Downs,rating,71,63
Ethan Downs,Ethan Downs,speed,86,83
Ethan Downs,Ethan Downs,power,74,79
Ethan Downs,Ethan Downs,agility,84,79
Ethan Downs,Ethan Downs,burst,76,81
Ethan Downs,Ethan Downs,intelligence,85,80
Ethan Downs,Ethan Downs,tackle,82,77
Ethan Downs,Ethan Downs,manCover,0,5
Ethan Downs,Ethan Downs,zoneCover,0,5
Ethan Downs,Ethan Downs,catching,0,5
Ethan Downs,Ethan Downs,routeRun,0,5
Andrew Meyer,Andrew Meyer,rating,73,62
Andrew Meyer,Andrew Meyer,speed,80,75
Andrew Meyer,Andrew Meyer,agility,81,76
Andrew Meyer,Andrew Meyer,burst,75,73
Andrew Meyer,Andrew Meyer,intelligence,70,65
Andrew Meyer,Andrew Meyer,tackle,0,5
Andrew Meyer,Andrew Meyer,manCover,0,5
Andrew Meyer,Andrew Meyer,zoneCover,0,5
Andrew Meyer,Andrew Meyer,catching,0,5
Andrew Meyer,Andrew Meyer,routeRun,0,5
Vita Vea,Vita Vea,rating,82,94
Vita Vea,Vita Vea,speed,78,79
Vita Vea,Vita Vea,agility,73,71
Vita Vea,Vita Vea,burst,79,75
Vita Vea,Vita Vea,intelligence,79,84
Vita Vea,Vita Vea,tackle,93,92
Vita Vea,Vita Vea,manCover,0,5
Vita Vea,Vita Vea,zoneCover,0,5
Vita Vea,Vita Vea,catching,0,5
Vita Vea,Vita Vea,routeRun,0,5
Hunter Henry,Hunter Henry,rating,74,86
Hunter Henry,Hunter Henry,speed,84,85
Hunter Henry,Hunter Henry,power,85,80
Hunter Henry,Hunter Henry,agility,81,76
Hunter Henry,Hunter Henry,burst,71,76
Hunter Henry,Hunter Henry,intelligence,88,93
Hunter Henry,Hunter Henry,tackle,0,5
Hunter Henry,Hunter Henry,manCover,0,5
Hunter Henry,Hunter Henry,zoneCover,0,5
Hunter Henry,Hunter Henry,catching,89,92
Hunter Henry,Hunter Henry,routeRun,90,85
Brandon Jones,Brandon Jones,rating,71,83
Brandon Jones,Brandon Jones,speed,80,85
Brandon Jones,Brandon Jones,power,78,73
Brandon Jones,Brandon Jones,agility,85,87
Brandon Jones,Brandon Jones,burst,75,80
Brandon Jones,Brandon Jones,intelligence,75,80
Brandon Jones,Brandon Jones,tackle,85,80
Brandon Jones,Brandon Jones,manCover,72,76
Brandon Jones,Brandon Jones,zoneCover,90,85
Brandon Jones,Brandon Jones,catching,0,5
Brandon Jones,Brandon Jones,routeRun,0,5
Grover Stewart,Grover Stewart,rating,74,83
Grover Stewart,Grover Stewart,speed,82,77
Grover Stewart,Grover Stewart,power,95,90
Grover Stewart,Grover Stewart,agility,81,76
Grover Stewart,Grover Stewart,burst,83,78
Grover Stewart,Grover Stewart,intelligence,89,86
Grover Stewart,Grover Stewart,tackle,86,87
Grover Stewart,Grover Stewart,manCover,0,5
Grover Stewart,Grover Stewart,zoneCover,0,5
Grover Stewart,Grover Stewart,catching,0,5
Grover Stewart,Grover Stewart,routeRun,0,5
Marcus Jones,Marcus Jones,rating,73,82
Marcus Jones,Marcus Jones,speed,84,89
Marcus Jones,Marcus Jones,power,72,67
Marcus Jones,Marcus Jones,burst,93,95
Marcus Jones,Marcus Jones,intelligence,92,87
Marcus Jones,Marcus Jones,tackle,89,84
Marcus Jones,Marcus Jones,manCover,84,82
Marcus Jones,Marcus Jones,zoneCover,84,80
Marcus Jones,Marcus Jones,catching,0,5
Marcus Jones,Marcus Jones,routeRun,0,5
Montez Sweat,Montez Sweat,rating,72,81
Montez Sweat,Montez Sweat,speed,90,87
Montez Sweat,Montez Sweat,power,97,92
Montez Sweat,Montez Sweat,agility,79,81
Montez Sweat,Montez Sweat,burst,85,90
Montez Sweat,Montez Sweat,intelligence,92,87
Montez Sweat,Montez Sweat,tackle,79,84
Montez Sweat,Montez Sweat,manCover,0,5
Montez Sweat,Montez Sweat,zoneCover,0,5
Montez Sweat,Montez Sweat,catching,0,5
Montez Sweat,Montez Sweat,routeRun,0,5
Craig Woodson,Craig Woodson,rating,69,81
Craig Woodson,Craig Woodson,speed,90,91
Craig Woodson,Craig Woodson,power,77,72
Craig Woodson,Craig Woodson,agility,92,87
Craig Woodson,Craig Woodson,burst,84,89
Craig Woodson,Craig Woodson,intelligence,81,83
Craig Woodson,Craig Woodson,manCover,84,79
Craig Woodson,Craig Woodson,zoneCover,85,80
Craig Woodson,Craig Woodson,catching,0,5
Craig Woodson,Craig Woodson,routeRun,0,5
Javon Hargrave,Javon Hargrave,rating,68,80
Javon Hargrave,Javon Hargrave,speed,78,74
Javon Hargrave,Javon Hargrave,power,92,87
Javon Hargrave,Javon Hargrave,agility,78,73
Javon Hargrave,Javon Hargrave,burst,81,77
Javon Hargrave,Javon Hargrave,intelligence,73,78
Javon Hargrave,Javon Hargrave,tackle,78,83
Javon Hargrave,Javon Hargrave,manCover,0,5
Javon Hargrave,Javon Hargrave,zoneCover,0,5
Javon Hargrave,Javon Hargrave,catching,0,5
Javon Hargrave,Javon Hargrave,routeRun,0,5
JC Latham,JC Latham,rating,68,80
JC Latham,JC Latham,speed,79,74
JC Latham,JC Latham,power,91,94
JC Latham,JC Latham,agility,82,77
JC Latham,JC Latham,burst,82,77
JC Latham,JC Latham,intelligence,78,80
JC Latham,JC Latham,tackle,0,5
JC Latham,JC Latham,manCover,0,5
JC Latham,JC Latham,zoneCover,0,5
JC Latham,JC Latham,catching,0,5
JC Latham,JC Latham,routeRun,0,5
Zaire Franklin,Zaire Franklin,rating,67,79
Zaire Franklin,Zaire Franklin,speed,71,76
Zaire Franklin,Zaire Franklin,power,94,89
Zaire Franklin,Zaire Franklin,agility,85,80
Zaire Franklin,Zaire Franklin,burst,73,78
Zaire Franklin,Zaire Franklin,intelligence,93,88
Zaire Franklin,Zaire Franklin,tackle,82,86
Zaire Franklin,Zaire Franklin,manCover,89,84
Zaire Franklin,Zaire Franklin,zoneCover,72,67
Zaire Franklin,Zaire Franklin,catching,0,5
Zaire Franklin,Zaire Franklin,routeRun,0,5
Maliek Collins,Maliek Collins,rating,65,77
Maliek Collins,Maliek Collins,speed,80,75
Maliek Collins,Maliek Collins,power,75,80
Maliek Collins,Maliek Collins,agility,72,67
Maliek Collins,Maliek Collins,burst,66,70
Maliek Collins,Maliek Collins,intelligence,83,88
Maliek Collins,Maliek Collins,tackle,83,82
Maliek Collins,Maliek Collins,manCover,0,5
Maliek Collins,Maliek Collins,zoneCover,0,5
Maliek Collins,Maliek Collins,catching,0,5
Maliek Collins,Maliek Collins,routeRun,0,5
Osa Odighizuwa,Osa Odighizuwa,rating,89,77
Osa Odighizuwa,Osa Odighizuwa,speed,77,76
Osa Odighizuwa,Osa Odighizuwa,power,95,90
Osa Odighizuwa,Osa Odighizuwa,agility,85,80
Osa Odighizuwa,Osa Odighizuwa,intelligence,84,79
Osa Odighizuwa,Osa Odighizuwa,tackle,88,87
Osa Odighizuwa,Osa Odighizuwa,manCover,0,5
Osa Odighizuwa,Osa Odighizuwa,zoneCover,0,5
Osa Odighizuwa,Osa Odighizuwa,catching,0,5
Osa Odighizuwa,Osa Odighizuwa,routeRun,0,5
Renardo Green,Renardo Green,rating,65,77
Renardo Green,Renardo Green,speed,96,91
Renardo Green,Renardo Green,power,81,76
Renardo Green,Renardo Green,agility,95,90
Renardo Green,Renardo Green,burst,86,91
Renardo Green,Renardo Green,intelligence,85,80
Renardo Green,Renardo Green,tackle,73,68
Renardo Green,Renardo Green,manCover,88,83
Renardo Green,Renardo Green,zoneCover,88,83
Renardo Green,Renardo Green,catching,0,5
Renardo Green,Renardo Green,routeRun,0,5
KaVontae Turpin,KaVontae Turpin,rating,64,76
KaVontae Turpin,KaVontae Turpin,speed,99,97
KaVontae Turpin,KaVontae Turpin,power,68,63
KaVontae Turpin,KaVontae Turpin,agility,98,93
KaVontae Turpin,KaVontae Turpin,burst,99,94
KaVontae Turpin,KaVontae Turpin,intelligence,75,80
KaVontae Turpin,KaVontae Turpin,tackle,0,5
KaVontae Turpin,KaVontae Turpin,manCover,0,5
KaVontae Turpin,KaVontae Turpin,zoneCover,0,5
KaVontae Turpin,KaVontae Turpin,catching,72,77
KaVontae Turpin,KaVontae Turpin,routeRun,86,81
Kool-Aid McKinstry,Kool-Aid McKinstry,rating,85,76
Kool-Aid McKinstry,Kool-Aid McKinstry,speed,97,92
Kool-Aid McKinstry,Kool-Aid McKinstry,power,86,81
Kool-Aid McKinstry,Kool-Aid McKinstry,agility,75,80
Kool-Aid McKinstry,Kool-Aid McKinstry,burst,97,92
Kool-Aid McKinstry,Kool-Aid McKinstry,intelligence,74,72
Kool-Aid McKinstry,Kool-Aid McKinstry,tackle,91,86
Kool-Aid McKinstry,Kool-Aid McKinstry,manCover,83,78
Kool-Aid McKinstry,Kool-Aid McKinstry,catching,0,5
Kool-Aid McKinstry,Kool-Aid McKinstry,routeRun,0,5
Mike Sainristil,Mike Sainristil,rating,66,75
Mike Sainristil,Mike Sainristil,speed,81,86
Mike Sainristil,Mike Sainristil,power,77,72
Mike Sainristil,Mike Sainristil,agility,80,85
Mike Sainristil,Mike Sainristil,burst,72,77
Mike Sainristil,Mike Sainristil,intelligence,88,83
Mike Sainristil,Mike Sainristil,tackle,79,74
Mike Sainristil,Mike Sainristil,manCover,76,71
Mike Sainristil,Mike Sainristil,zoneCover,77,72
Mike Sainristil,Mike Sainristil,catching,0,5
Mike Sainristil,Mike Sainristil,routeRun,0,5
Darien Porter,Darien Porter,rating,62,74
Darien Porter,Darien Porter,speed,80,85
Darien Porter,Darien Porter,power,75,70
Darien Porter,Darien Porter,agility,80,85
Darien Porter,Darien Porter,burst,90,94
Darien Porter,Darien Porter,intelligence,87,82
Darien Porter,Darien Porter,tackle,71,66
Darien Porter,Darien Porter,manCover,75,72
Darien Porter,Darien Porter,zoneCover,80,75
Darien Porter,Darien Porter,catching,0,5
Darien Porter,Darien Porter,routeRun,0,5
Xavier Hutchinson,Xavier Hutchinson,rating,61,73
Xavier Hutchinson,Xavier Hutchinson,speed,79,84
Xavier Hutchinson,Xavier Hutchinson,power,78,73
Xavier Hutchinson,Xavier Hutchinson,agility,72,77
Xavier Hutchinson,Xavier Hutchinson,burst,91,89
Xavier Hutchinson,Xavier Hutchinson,intelligence,70,75
Xavier Hutchinson,Xavier Hutchinson,tackle,0,5
Xavier Hutchinson,Xavier Hutchinson,manCover,0,5
Xavier Hutchinson,Xavier Hutchinson,zoneCover,0,5
Xavier Hutchinson,Xavier Hutchinson,catching,64,69
Xavier Hutchinson,Xavier Hutchinson,routeRun,76,74
Austin Jackson,Austin Jackson,rating,61,73
Austin Jackson,Austin Jackson,speed,90,85
Austin Jackson,Austin Jackson,power,90,85
Austin Jackson,Austin Jackson,agility,82,77
Austin Jackson,Austin Jackson,burst,85,80
Austin Jackson,Austin Jackson,intelligence,80,81
Austin Jackson,Austin Jackson,tackle,0,5
Austin Jackson,Austin Jackson,manCover,0,5
Austin Jackson,Austin Jackson,zoneCover,0,5
Austin Jackson,Austin Jackson,catching,0,5
Austin Jackson,Austin Jackson,routeRun,0,5
Ashton Dulin,Ashton Dulin,rating,60,72
Ashton Dulin,Ashton Dulin,speed,88,92
Ashton Dulin,Ashton Dulin,power,77,72
Ashton Dulin,Ashton Dulin,agility,88,87
Ashton Dulin,Ashton Dulin,burst,89,91
Ashton Dulin,Ashton Dulin,intelligence,81,76
Ashton Dulin,Ashton Dulin,tackle,0,5
Ashton Dulin,Ashton Dulin,manCover,0,5
Ashton Dulin,Ashton Dulin,zoneCover,0,5
Ashton Dulin,Ashton Dulin,catching,71,76
Ashton Dulin,Ashton Dulin,routeRun,69,72
Anthony Bradford,Anthony Bradford,rating,60,72
Anthony Bradford,Anthony Bradford,speed,75,70
Anthony Bradford,Anthony Bradford,power,89,92
Anthony Bradford,Anthony Bradford,agility,78,73
Anthony Bradford,Anthony Bradford,intelligence,79,74
Anthony Bradford,Anthony Bradford,tackle,0,5
Anthony Bradford,Anthony Bradford,manCover,0,5
Anthony Bradford,Anthony Bradford,zoneCover,0,5
Anthony Bradford,Anthony Bradford,catching,0,5
Anthony Bradford,Anthony Bradford,routeRun,0,5
Nick Allegretti,Nick Allegretti,rating,60,72
Nick Allegretti,Nick Allegretti,speed,75,70
Nick Allegretti,Nick Allegretti,power,88,83
Nick Allegretti,Nick Allegretti,agility,71,66
Nick Allegretti,Nick Allegretti,burst,70,68
Nick Allegretti,Nick Allegretti,intelligence,74,79
Nick Allegretti,Nick Allegretti,tackle,0,5
Nick Allegretti,Nick Allegretti,manCover,0,5
Nick Allegretti,Nick Allegretti,zoneCover,0,5
Nick Allegretti,Nick Allegretti,catching,0,5
Nick Allegretti,Nick Allegretti,routeRun,0,5
Ashton Jeanty,Ashton Jeanty,rating,73,86
Ashton Jeanty,Ashton Jeanty,speed,92,90
Ashton Jeanty,Ashton Jeanty,power,92,87
Ashton Jeanty,Ashton Jeanty,agility,88,91
Ashton Jeanty,Ashton Jeanty,intelligence,82,86
Ashton Jeanty,Ashton Jeanty,tackle,0,5
Ashton Jeanty,Ashton Jeanty,manCover,0,5
Ashton Jeanty,Ashton Jeanty,zoneCover,0,5
Ashton Jeanty,Ashton Jeanty,catching,71,69
Ashton Jeanty,Ashton Jeanty,routeRun,75,70
Kaden Elliss,Kaden Elliss,rating,70,83
Kaden Elliss,Kaden Elliss,speed,74,79
Kaden Elliss,Kaden Elliss,power,91,86
Kaden Elliss,Kaden Elliss,agility,79,84
Kaden Elliss,Kaden Elliss,burst,78,83
Kaden Elliss,Kaden Elliss,intelligence,81,86
Kaden Elliss,Kaden Elliss,tackle,85,88
Kaden Elliss,Kaden Elliss,manCover,81,76
Kaden Elliss,Kaden Elliss,zoneCover,78,74
Kaden Elliss,Kaden Elliss,catching,0,5
Kaden Elliss,Kaden Elliss,routeRun,0,5
Rasheed Walker,Rasheed Walker,rating,68,81
Rasheed Walker,Rasheed Walker,speed,86,81
Rasheed Walker,Rasheed Walker,power,77,82
Rasheed Walker,Rasheed Walker,agility,80,75
Rasheed Walker,Rasheed Walker,burst,92,87
Rasheed Walker,Rasheed Walker,intelligence,72,77
Rasheed Walker,Rasheed Walker,tackle,0,5
Rasheed Walker,Rasheed Walker,manCover,0,5
Rasheed Walker,Rasheed Walker,zoneCover,0,5
Rasheed Walker,Rasheed Walker,catching,0,5
Rasheed Walker,Rasheed Walker,routeRun,0,5
Evan McPherson,Evan McPherson,rating,68,81
Evan McPherson,Evan McPherson,speed,83,78
Evan McPherson,Evan McPherson,power,92,87
Evan McPherson,Evan McPherson,agility,79,74
Evan McPherson,Evan McPherson,burst,90,85
Evan McPherson,Evan McPherson,intelligence,84,79
Evan McPherson,Evan McPherson,tackle,0,5
Evan McPherson,Evan McPherson,manCover,0,5
Evan McPherson,Evan McPherson,zoneCover,0,5
Evan McPherson,Evan McPherson,catching,0,5
Evan McPherson,Evan McPherson,routeRun,0,5
Zyon McCollum,Zyon McCollum,rating,67,80
Zyon McCollum,Zyon McCollum,speed,74,79
Zyon McCollum,Zyon McCollum,power,75,70
Zyon McCollum,Zyon McCollum,agility,79,84
Zyon McCollum,Zyon McCollum,burst,77,82
Zyon McCollum,Zyon McCollum,intelligence,75,78
Zyon McCollum,Zyon McCollum,tackle,85,80
Zyon McCollum,Zyon McCollum,manCover,69,74
Zyon McCollum,Zyon McCollum,zoneCover,81,77
Zyon McCollum,Zyon McCollum,catching,0,5
Zyon McCollum,Zyon McCollum,routeRun,0,5
Alohi Gilman,Alohi Gilman,rating,69,79
Alohi Gilman,Alohi Gilman,speed,75,80
Alohi Gilman,Alohi Gilman,power,72,67
Alohi Gilman,Alohi Gilman,agility,77,82
Alohi Gilman,Alohi Gilman,burst,86,85
Alohi Gilman,Alohi Gilman,intelligence,72,77
Alohi Gilman,Alohi Gilman,tackle,88,83
Alohi Gilman,Alohi Gilman,manCover,75,70
Alohi Gilman,Alohi Gilman,zoneCover,70,75
Alohi Gilman,Alohi Gilman,catching,0,5
Alohi Gilman,Alohi Gilman,routeRun,0,5
Ed Ingram,Ed Ingram,rating,65,78
Ed Ingram,Ed Ingram,speed,79,74
Ed Ingram,Ed Ingram,power,90,87
Ed Ingram,Ed Ingram,agility,84,79
Ed Ingram,Ed Ingram,intelligence,86,81
Ed Ingram,Ed Ingram,tackle,0,5
Ed Ingram,Ed Ingram,manCover,0,5
Ed Ingram,Ed Ingram,zoneCover,0,5
Ed Ingram,Ed Ingram,catching,0,5
Ed Ingram,Ed Ingram,routeRun,0,5
Cody Barton,Cody Barton,rating,65,78
Cody Barton,Cody Barton,speed,91,86
Cody Barton,Cody Barton,agility,85,82
Cody Barton,Cody Barton,burst,88,85
Cody Barton,Cody Barton,intelligence,75,80
Cody Barton,Cody Barton,tackle,83,85
Cody Barton,Cody Barton,manCover,73,68
Cody Barton,Cody Barton,zoneCover,73,72
Cody Barton,Cody Barton,catching,0,5
Cody Barton,Cody Barton,routeRun,0,5
Alontae Taylor,Alontae Taylor,rating,65,78
Alontae Taylor,Alontae Taylor,speed,84,89
Alontae Taylor,Alontae Taylor,power,74,69
Alontae Taylor,Alontae Taylor,agility,79,82
Alontae Taylor,Alontae Taylor,burst,84,89
Alontae Taylor,Alontae Taylor,intelligence,79,80
Alontae Taylor,Alontae Taylor,tackle,76,71
Alontae Taylor,Alontae Taylor,manCover,86,81
Alontae Taylor,Alontae Taylor,zoneCover,79,77
Alontae Taylor,Alontae Taylor,catching,0,5
Alontae Taylor,Alontae Taylor,routeRun,0,5
Jarvis Brownlee Jr.,Jarvis Brownlee Jr,rating,63,76
Jarvis Brownlee Jr.,Jarvis Brownlee Jr,speed,79,84
Jarvis Brownlee Jr.,Jarvis Brownlee Jr,power,79,74
Jarvis Brownlee Jr.,Jarvis Brownlee Jr,agility,77,82
Jarvis Brownlee Jr.,Jarvis Brownlee Jr,burst,83,88
Jarvis Brownlee Jr.,Jarvis Brownlee Jr,intelligence,78,77
Jarvis Brownlee Jr.,Jarvis Brownlee Jr,tackle,66,70
Jarvis Brownlee Jr.,Jarvis Brownlee Jr,manCover,77,72
Jarvis Brownlee Jr.,Jarvis Brownlee Jr,zoneCover,73,77
Jarvis Brownlee Jr.,Jarvis Brownlee Jr,catching,0,5
Jarvis Brownlee Jr.,Jarvis Brownlee Jr,routeRun,0,5
Matt Gay,Matt Gay,rating,62,75
Matt Gay,Matt Gay,speed,74,73
Matt Gay,Matt Gay,power,86,81
Matt Gay,Matt Gay,agility,84,79
Matt Gay,Matt Gay,burst,81,76
Matt Gay,Matt Gay,intelligence,76,71
Matt Gay,Matt Gay,tackle,0,5
Matt Gay,Matt Gay,manCover,0,5
Matt Gay,Matt Gay,zoneCover,0,5
Matt Gay,Matt Gay,catching,0,5
Matt Gay,Matt Gay,routeRun,0,5
Brandin Echols,Brandin Echols,rating,65,75
Brandin Echols,Brandin Echols,speed,84,89
Brandin Echols,Brandin Echols,power,89,84
Brandin Echols,Brandin Echols,agility,72,77
Brandin Echols,Brandin Echols,burst,84,89
Brandin Echols,Brandin Echols,intelligence,71,74
Brandin Echols,Brandin Echols,tackle,74,69
Brandin Echols,Brandin Echols,manCover,75,71
Brandin Echols,Brandin Echols,zoneCover,72,75
Brandin Echols,Brandin Echols,catching,0,5
Brandin Echols,Brandin Echols,routeRun,0,5
Marques Sigle,Marques Sigle,rating,61,74
Marques Sigle,Marques Sigle,speed,81,86
Marques Sigle,Marques Sigle,power,86,81
Marques Sigle,Marques Sigle,burst,77,82
Marques Sigle,Marques Sigle,intelligence,62,67
Marques Sigle,Marques Sigle,tackle,75,76
Marques Sigle,Marques Sigle,manCover,76,71
Marques Sigle,Marques Sigle,zoneCover,77,72
Marques Sigle,Marques Sigle,catching,0,5
Marques Sigle,Marques Sigle,routeRun,0,5
Tez Johnson,Tez Johnson,rating,60,73
Tez Johnson,Tez Johnson,speed,74,79
Tez Johnson,Tez Johnson,power,78,73
Tez Johnson,Tez Johnson,agility,74,79
Tez Johnson,Tez Johnson,burst,84,89
Tez Johnson,Tez Johnson,intelligence,94,89
Tez Johnson,Tez Johnson,tackle,0,5
Tez Johnson,Tez Johnson,manCover,0,5
Tez Johnson,Tez Johnson,zoneCover,0,5
Tez Johnson,Tez Johnson,catching,72,77
Tez Johnson,Tez Johnson,routeRun,68,73
Graham Mertz,Graham Mertz,rating,73,60
Graham Mertz,Graham Mertz,speed,78,77
Graham Mertz,Graham Mertz,power,86,81
Graham Mertz,Graham Mertz,agility,75,78
Graham Mertz,Graham Mertz,burst,82,77
Graham Mertz,Graham Mertz,intelligence,86,81
Graham Mertz,Graham Mertz,tackle,0,5
Graham Mertz,Graham Mertz,manCover,0,5
Graham Mertz,Graham Mertz,zoneCover,0,5
Graham Mertz,Graham Mertz,catching,0,5
Graham Mertz,Graham Mertz,routeRun,0,5
Antoine Winfield Jr.,Antoine Winfield Jr,rating,79,93
Antoine Winfield Jr.,Antoine Winfield Jr,speed,78,83
Antoine Winfield Jr.,Antoine Winfield Jr,power,85,80
Antoine Winfield Jr.,Antoine Winfield Jr,burst,81,86
Antoine Winfield Jr.,Antoine Winfield Jr,intelligence,83,88
Antoine Winfield Jr.,Antoine Winfield Jr,tackle,96,91
Antoine Winfield Jr.,Antoine Winfield Jr,manCover,77,81
Antoine Winfield Jr.,Antoine Winfield Jr,zoneCover,87,88
Antoine Winfield Jr.,Antoine Winfield Jr,catching,0,5
Antoine Winfield Jr.,Antoine Winfield Jr,routeRun,0,5
Carlton Davis III,Carlton Davis III,rating,71,85
Carlton Davis III,Carlton Davis III,speed,88,90
Carlton Davis III,Carlton Davis III,power,80,75
Carlton Davis III,Carlton Davis III,agility,84,81
Carlton Davis III,Carlton Davis III,burst,81,86
Carlton Davis III,Carlton Davis III,intelligence,77,82
Carlton Davis III,Carlton Davis III,tackle,82,77
Carlton Davis III,Carlton Davis III,manCover,83,85
Carlton Davis III,Carlton Davis III,zoneCover,71,76
Carlton Davis III,Carlton Davis III,catching,0,5
Carlton Davis III,Carlton Davis III,routeRun,0,5
Daron Payne,Daron Payne,rating,70,84
Daron Payne,Daron Payne,speed,74,77
Daron Payne,Daron Payne,power,90,95
Daron Payne,Daron Payne,agility,77,72
Daron Payne,Daron Payne,burst,81,80
Daron Payne,Daron Payne,intelligence,83,86
Daron Payne,Daron Payne,tackle,75,80
Daron Payne,Daron Payne,manCover,0,5
Daron Payne,Daron Payne,zoneCover,0,5
Daron Payne,Daron Payne,catching,0,5
Daron Payne,Daron Payne,routeRun,0,5
Jakobi Meyers,Jakobi Meyers,rating,68,82
Jakobi Meyers,Jakobi Meyers,speed,84,88
Jakobi Meyers,Jakobi Meyers,power,84,79
Jakobi Meyers,Jakobi Meyers,agility,85,86
Jakobi Meyers,Jakobi Meyers,burst,83,88
Jakobi Meyers,Jakobi Meyers,intelligence,79,83
Jakobi Meyers,Jakobi Meyers,tackle,0,5
Jakobi Meyers,Jakobi Meyers,manCover,0,5
Jakobi Meyers,Jakobi Meyers,zoneCover,0,5
Jakobi Meyers,Jakobi Meyers,catching,84,89
Jakobi Meyers,Jakobi Meyers,routeRun,90,85
Josh Simmons,Josh Simmons,rating,67,81
Josh Simmons,Josh Simmons,speed,80,78
Josh Simmons,Josh Simmons,power,83,88
Josh Simmons,Josh Simmons,agility,92,87
Josh Simmons,Josh Simmons,burst,71,76
Josh Simmons,Josh Simmons,intelligence,81,83
Josh Simmons,Josh Simmons,tackle,0,5
Josh Simmons,Josh Simmons,manCover,0,5
Josh Simmons,Josh Simmons,zoneCover,0,5
Josh Simmons,Josh Simmons,catching,0,5
Josh Simmons,Josh Simmons,routeRun,0,5
Bryce Baringer,Bryce Baringer,rating,92,78
Bryce Baringer,Bryce Baringer,speed,86,81
Bryce Baringer,Bryce Baringer,power,82,77
Bryce Baringer,Bryce Baringer,agility,84,79
Bryce Baringer,Bryce Baringer,burst,80,75
Bryce Baringer,Bryce Baringer,intelligence,85,80
Bryce Baringer,Bryce Baringer,tackle,0,5
Bryce Baringer,Bryce Baringer,manCover,0,5
Bryce Baringer,Bryce Baringer,zoneCover,0,5
Bryce Baringer,Bryce Baringer,catching,0,5
Bryce Baringer,Bryce Baringer,routeRun,0,5
Benjamin Morrison,Benjamin Morrison,rating,61,75
Benjamin Morrison,Benjamin Morrison,speed,83,88
Benjamin Morrison,Benjamin Morrison,power,78,73
Benjamin Morrison,Benjamin Morrison,agility,78,83
Benjamin Morrison,Benjamin Morrison,burst,79,84
Benjamin Morrison,Benjamin Morrison,intelligence,82,77
Benjamin Morrison,Benjamin Morrison,tackle,75,70
Benjamin Morrison,Benjamin Morrison,manCover,73,76
Benjamin Morrison,Benjamin Morrison,zoneCover,70,72
Benjamin Morrison,Benjamin Morrison,catching,0,5
Benjamin Morrison,Benjamin Morrison,routeRun,0,5
T.J. Sanders,T.J. Sanders,rating,59,73
T.J. Sanders,T.J. Sanders,speed,77,74
T.J. Sanders,T.J. Sanders,power,85,88
T.J. Sanders,T.J. Sanders,agility,71,66
T.J. Sanders,T.J. Sanders,intelligence,87,82
T.J. Sanders,T.J. Sanders,manCover,0,5
T.J. Sanders,T.J. Sanders,zoneCover,0,5
T.J. Sanders,T.J. Sanders,catching,0,5
T.J. Sanders,T.J. Sanders,routeRun,0,5
Shavon Revel Jr.,Shavon Revel Jr,rating,61,72
Shavon Revel Jr.,Shavon Revel Jr,speed,91,93
Shavon Revel Jr.,Shavon Revel Jr,power,83,78
Shavon Revel Jr.,Shavon Revel Jr,agility,93,90
Shavon Revel Jr.,Shavon Revel Jr,burst,92,94
Shavon Revel Jr.,Shavon Revel Jr,intelligence,72,67
Shavon Revel Jr.,Shavon Revel Jr,tackle,73,68
Shavon Revel Jr.,Shavon Revel Jr,manCover,77,73
Shavon Revel Jr.,Shavon Revel Jr,zoneCover,79,74
Shavon Revel Jr.,Shavon Revel Jr,catching,0,5
Shavon Revel Jr.,Shavon Revel Jr,routeRun,0,5
Cole Van Lanen,Cole Van Lanen,rating,86,72
Cole Van Lanen,Cole Van Lanen,speed,79,74
Cole Van Lanen,Cole Van Lanen,power,88,83
Cole Van Lanen,Cole Van Lanen,agility,87,82
Cole Van Lanen,Cole Van Lanen,burst,80,78
Cole Van Lanen,Cole Van Lanen,intelligence,96,91
Cole Van Lanen,Cole Van Lanen,tackle,0,5
Cole Van Lanen,Cole Van Lanen,manCover,0,5
Cole Van Lanen,Cole Van Lanen,zoneCover,0,5
Cole Van Lanen,Cole Van Lanen,catching,0,5
Cole Van Lanen,Cole Van Lanen,routeRun,0,5
Isaiah Pola-Mao,Isaiah Pola-Mao,rating,57,71
Isaiah Pola-Mao,Isaiah Pola-Mao,speed,79,84
Isaiah Pola-Mao,Isaiah Pola-Mao,power,83,78
Isaiah Pola-Mao,Isaiah Pola-Mao,agility,89,88
Isaiah Pola-Mao,Isaiah Pola-Mao,burst,84,89
Isaiah Pola-Mao,Isaiah Pola-Mao,intelligence,81,76
Isaiah Pola-Mao,Isaiah Pola-Mao,tackle,77,72
Isaiah Pola-Mao,Isaiah Pola-Mao,manCover,82,77
Isaiah Pola-Mao,Isaiah Pola-Mao,zoneCover,80,75
Isaiah Pola-Mao,Isaiah Pola-Mao,catching,0,5
Isaiah Pola-Mao,Isaiah Pola-Mao,routeRun,0,5
Xavier McKinney,Xavier McKinney,rating,77,92
Xavier McKinney,Xavier McKinney,speed,92,88
Xavier McKinney,Xavier McKinney,power,88,83
Xavier McKinney,Xavier McKinney,agility,85,87
Xavier McKinney,Xavier McKinney,burst,93,89
Xavier McKinney,Xavier McKinney,intelligence,85,90
Xavier McKinney,Xavier McKinney,tackle,78,83
Xavier McKinney,Xavier McKinney,manCover,89,84
Xavier McKinney,Xavier McKinney,zoneCover,96,91
Xavier McKinney,Xavier McKinney,catching,0,5
Xavier McKinney,Xavier McKinney,routeRun,0,5
Charvarius Ward,Charvarius Ward Sr,rating,73,88
Charvarius Ward,Charvarius Ward Sr,speed,82,87
Charvarius Ward,Charvarius Ward Sr,power,80,75
Charvarius Ward,Charvarius Ward Sr,agility,89,85
Charvarius Ward,Charvarius Ward Sr,intelligence,77,82
Charvarius Ward,Charvarius Ward Sr,tackle,74,73
Charvarius Ward,Charvarius Ward Sr,manCover,77,82
Charvarius Ward,Charvarius Ward Sr,zoneCover,79,84
Charvarius Ward,Charvarius Ward Sr,catching,0,5
Charvarius Ward,Charvarius Ward Sr,routeRun,0,5
Jeremiah Owusu-Koramoah,Jeremiah Owusu-Koramoah,rating,71,83
Jeremiah Owusu-Koramoah,Jeremiah Owusu-Koramoah,speed,84,87
Jeremiah Owusu-Koramoah,Jeremiah Owusu-Koramoah,power,87,82
Jeremiah Owusu-Koramoah,Jeremiah Owusu-Koramoah,agility,78,83
Jeremiah Owusu-Koramoah,Jeremiah Owusu-Koramoah,burst,79,84
Jeremiah Owusu-Koramoah,Jeremiah Owusu-Koramoah,intelligence,89,85
Jeremiah Owusu-Koramoah,Jeremiah Owusu-Koramoah,tackle,84,83
Jeremiah Owusu-Koramoah,Jeremiah Owusu-Koramoah,manCover,75,70
Jeremiah Owusu-Koramoah,Jeremiah Owusu-Koramoah,catching,0,5
Jeremiah Owusu-Koramoah,Jeremiah Owusu-Koramoah,routeRun,0,5
Mack Wilson,Mack Wilson Sr,rating,66,81
Mack Wilson,Mack Wilson Sr,speed,89,86
Mack Wilson,Mack Wilson Sr,power,71,76
Mack Wilson,Mack Wilson Sr,burst,69,74
Mack Wilson,Mack Wilson Sr,intelligence,72,77
Mack Wilson,Mack Wilson Sr,tackle,79,83
Mack Wilson,Mack Wilson Sr,manCover,83,78
Mack Wilson,Mack Wilson Sr,zoneCover,80,75
Mack Wilson,Mack Wilson Sr,catching,0,5
Mack Wilson,Mack Wilson Sr,routeRun,0,5
Nick Cross,Nick Cross,rating,69,81
Nick Cross,Nick Cross,speed,71,76
Nick Cross,Nick Cross,power,78,73
Nick Cross,Nick Cross,agility,82,87
Nick Cross,Nick Cross,burst,97,96
Nick Cross,Nick Cross,intelligence,85,80
Nick Cross,Nick Cross,tackle,73,78
Nick Cross,Nick Cross,manCover,76,72
Nick Cross,Nick Cross,zoneCover,76,77
Nick Cross,Nick Cross,catching,0,5
Nick Cross,Nick Cross,routeRun,0,5
J.K. Scott,JK Scott,rating,92,80
J.K. Scott,JK Scott,speed,90,85
J.K. Scott,JK Scott,power,88,83
J.K. Scott,JK Scott,agility,88,83
J.K. Scott,JK Scott,burst,85,80
J.K. Scott,JK Scott,intelligence,80,75
J.K. Scott,JK Scott,tackle,0,5
J.K. Scott,JK Scott,manCover,0,5
J.K. Scott,JK Scott,zoneCover,0,5
J.K. Scott,JK Scott,catching,0,5
J.K. Scott,JK Scott,routeRun,0,5
Jake Elliott,Jake Elliott,rating,64,79
Jake Elliott,Jake Elliott,speed,84,79
Jake Elliott,Jake Elliott,power,93,88
Jake Elliott,Jake Elliott,agility,85,80
Jake Elliott,Jake Elliott,burst,76,77
Jake Elliott,Jake Elliott,intelligence,77,72
Jake Elliott,Jake Elliott,tackle,0,5
Jake Elliott,Jake Elliott,manCover,0,5
Jake Elliott,Jake Elliott,zoneCover,0,5
Jake Elliott,Jake Elliott,catching,0,5
Jake Elliott,Jake Elliott,routeRun,0,5
Bradley Pinion,Bradley Pinion,rating,92,77
Bradley Pinion,Bradley Pinion,speed,79,74
Bradley Pinion,Bradley Pinion,power,95,90
Bradley Pinion,Bradley Pinion,agility,92,87
Bradley Pinion,Bradley Pinion,burst,86,81
Bradley Pinion,Bradley Pinion,intelligence,79,74
Bradley Pinion,Bradley Pinion,tackle,0,5
Bradley Pinion,Bradley Pinion,manCover,0,5
Bradley Pinion,Bradley Pinion,zoneCover,0,5
Bradley Pinion,Bradley Pinion,catching,0,5
Bradley Pinion,Bradley Pinion,routeRun,0,5
Chad Ryland,Chad Ryland,rating,63,75
Chad Ryland,Chad Ryland,speed,80,75
Chad Ryland,Chad Ryland,power,75,70
Chad Ryland,Chad Ryland,agility,81,76
Chad Ryland,Chad Ryland,burst,87,82
Chad Ryland,Chad Ryland,intelligence,76,71
Chad Ryland,Chad Ryland,tackle,0,5
Chad Ryland,Chad Ryland,manCover,0,5
Chad Ryland,Chad Ryland,zoneCover,0,5
Chad Ryland,Chad Ryland,catching,0,5
Chad Ryland,Chad Ryland,routeRun,0,5
Emmanuel Forbes,Emmanuel Forbes Jr,rating,60,75
Emmanuel Forbes,Emmanuel Forbes Jr,speed,84,89
Emmanuel Forbes,Emmanuel Forbes Jr,power,71,66
Emmanuel Forbes,Emmanuel Forbes Jr,agility,86,89
Emmanuel Forbes,Emmanuel Forbes Jr,burst,90,95
Emmanuel Forbes,Emmanuel Forbes Jr,intelligence,77,76
Emmanuel Forbes,Emmanuel Forbes Jr,tackle,71,66
Emmanuel Forbes,Emmanuel Forbes Jr,manCover,85,80
Emmanuel Forbes,Emmanuel Forbes Jr,zoneCover,82,77
Emmanuel Forbes,Emmanuel Forbes Jr,catching,0,5
Emmanuel Forbes,Emmanuel Forbes Jr,routeRun,0,5
Kerby Joseph,Kerby Joseph,rating,75,91
Kerby Joseph,Kerby Joseph,speed,87,88
Kerby Joseph,Kerby Joseph,power,83,78
Kerby Joseph,Kerby Joseph,agility,88,86
Kerby Joseph,Kerby Joseph,burst,89,91
Kerby Joseph,Kerby Joseph,intelligence,82,87
Kerby Joseph,Kerby Joseph,tackle,84,79
Kerby Joseph,Kerby Joseph,manCover,86,81
Kerby Joseph,Kerby Joseph,zoneCover,73,78
Kerby Joseph,Kerby Joseph,catching,0,5
Kerby Joseph,Kerby Joseph,routeRun,0,5
Jake Matthews,Jake Matthews,rating,72,88
Jake Matthews,Jake Matthews,speed,85,80
Jake Matthews,Jake Matthews,power,92,87
Jake Matthews,Jake Matthews,agility,75,70
Jake Matthews,Jake Matthews,burst,82,77
Jake Matthews,Jake Matthews,intelligence,79,84
Jake Matthews,Jake Matthews,tackle,0,5
Jake Matthews,Jake Matthews,manCover,0,5
Jake Matthews,Jake Matthews,zoneCover,0,5
Jake Matthews,Jake Matthews,catching,0,5
Jake Matthews,Jake Matthews,routeRun,0,5
Mike Onwenu,Mike Onwenu,rating,70,86
Mike Onwenu,Mike Onwenu,speed,83,78
Mike Onwenu,Mike Onwenu,power,94,91
Mike Onwenu,Mike Onwenu,agility,79,74
Mike Onwenu,Mike Onwenu,burst,86,81
Mike Onwenu,Mike Onwenu,intelligence,82,87
Mike Onwenu,Mike Onwenu,tackle,0,5
Mike Onwenu,Mike Onwenu,manCover,0,5
Mike Onwenu,Mike Onwenu,zoneCover,0,5
Mike Onwenu,Mike Onwenu,catching,0,5
Mike Onwenu,Mike Onwenu,routeRun,0,5
Parker Washington,Parker Washington,rating,67,83
Parker Washington,Parker Washington,speed,87,89
Parker Washington,Parker Washington,power,76,71
Parker Washington,Parker Washington,agility,90,87
Parker Washington,Parker Washington,burst,83,88
Parker Washington,Parker Washington,intelligence,74,79
Parker Washington,Parker Washington,tackle,0,5
Parker Washington,Parker Washington,manCover,0,5
Parker Washington,Parker Washington,zoneCover,0,5
Parker Washington,Parker Washington,catching,80,85
Parker Washington,Parker Washington,routeRun,82,83
Kam Curl,Kam Curl,rating,67,83
Kam Curl,Kam Curl,speed,85,89
Kam Curl,Kam Curl,power,79,74
Kam Curl,Kam Curl,agility,85,83
Kam Curl,Kam Curl,burst,75,80
Kam Curl,Kam Curl,intelligence,79,84
Kam Curl,Kam Curl,tackle,74,79
Kam Curl,Kam Curl,manCover,90,85
Kam Curl,Kam Curl,zoneCover,87,82
Kam Curl,Kam Curl,catching,0,5
Kam Curl,Kam Curl,routeRun,0,5
Armand Membou,Armand Membou,rating,67,83
Armand Membou,Armand Membou,speed,79,74
Armand Membou,Armand Membou,power,92,91
Armand Membou,Armand Membou,agility,81,76
Armand Membou,Armand Membou,burst,84,79
Armand Membou,Armand Membou,intelligence,80,85
Armand Membou,Armand Membou,tackle,0,5
Armand Membou,Armand Membou,manCover,0,5
Armand Membou,Armand Membou,zoneCover,0,5
Armand Membou,Armand Membou,catching,0,5
Armand Membou,Armand Membou,routeRun,0,5
Christian Benford,Christian Benford,rating,69,82
Christian Benford,Christian Benford,speed,72,77
Christian Benford,Christian Benford,power,86,81
Christian Benford,Christian Benford,agility,84,82
Christian Benford,Christian Benford,burst,89,92
Christian Benford,Christian Benford,intelligence,79,84
Christian Benford,Christian Benford,tackle,77,74
Christian Benford,Christian Benford,manCover,80,79
Christian Benford,Christian Benford,zoneCover,73,78
Christian Benford,Christian Benford,catching,0,5
Christian Benford,Christian Benford,routeRun,0,5
Quentin Lake,Quentin Lake,rating,66,82
Quentin Lake,Quentin Lake,speed,86,89
Quentin Lake,Quentin Lake,power,81,76
Quentin Lake,Quentin Lake,agility,73,78
Quentin Lake,Quentin Lake,burst,68,73
Quentin Lake,Quentin Lake,intelligence,86,87
Quentin Lake,Quentin Lake,tackle,76,75
Quentin Lake,Quentin Lake,manCover,72,74
Quentin Lake,Quentin Lake,zoneCover,72,77
Quentin Lake,Quentin Lake,catching,0,5
Quentin Lake,Quentin Lake,routeRun,0,5
Grady Jarrett,Grady Jarrett,rating,65,81
Grady Jarrett,Grady Jarrett,speed,79,74
Grady Jarrett,Grady Jarrett,power,96,91
Grady Jarrett,Grady Jarrett,agility,78,73
Grady Jarrett,Grady Jarrett,burst,83,78
Grady Jarrett,Grady Jarrett,intelligence,84,85
Grady Jarrett,Grady Jarrett,tackle,80,85
Grady Jarrett,Grady Jarrett,manCover,0,5
Grady Jarrett,Grady Jarrett,zoneCover,0,5
Grady Jarrett,Grady Jarrett,catching,0,5
Grady Jarrett,Grady Jarrett,routeRun,0,5
Cam Little,Cam Little,rating,96,80
Cam Little,Cam Little,speed,97,92
Cam Little,Cam Little,power,99,94
Cam Little,Cam Little,agility,90,85
Cam Little,Cam Little,burst,94,89
Cam Little,Cam Little,intelligence,82,77
Cam Little,Cam Little,tackle,0,5
Cam Little,Cam Little,manCover,0,5
Cam Little,Cam Little,zoneCover,0,5
Cam Little,Cam Little,catching,0,5
Cam Little,Cam Little,routeRun,0,5
Joe Tippmann,Joe Tippmann,rating,64,80
Joe Tippmann,Joe Tippmann,speed,76,73
Joe Tippmann,Joe Tippmann,power,81,86
Joe Tippmann,Joe Tippmann,agility,66,65
Joe Tippmann,Joe Tippmann,burst,82,81
Joe Tippmann,Joe Tippmann,intelligence,92,87
Joe Tippmann,Joe Tippmann,tackle,0,5
Joe Tippmann,Joe Tippmann,manCover,0,5
Joe Tippmann,Joe Tippmann,zoneCover,0,5
Joe Tippmann,Joe Tippmann,catching,0,5
Joe Tippmann,Joe Tippmann,routeRun,0,5
Zion Johnson,Zion Johnson,rating,62,78
Zion Johnson,Zion Johnson,speed,79,74
Zion Johnson,Zion Johnson,power,85,90
Zion Johnson,Zion Johnson,agility,79,74
Zion Johnson,Zion Johnson,burst,88,83
Zion Johnson,Zion Johnson,intelligence,81,79
Zion Johnson,Zion Johnson,tackle,0,5
Zion Johnson,Zion Johnson,manCover,0,5
Zion Johnson,Zion Johnson,zoneCover,0,5
Zion Johnson,Zion Johnson,catching,0,5
Zion Johnson,Zion Johnson,routeRun,0,5
Pete Werner,Pete Werner,rating,62,75
Pete Werner,Pete Werner,speed,88,84
Pete Werner,Pete Werner,power,68,72
Pete Werner,Pete Werner,agility,82,80
Pete Werner,Pete Werner,burst,72,77
Pete Werner,Pete Werner,intelligence,83,78
Pete Werner,Pete Werner,tackle,73,78
Pete Werner,Pete Werner,manCover,77,72
Pete Werner,Pete Werner,zoneCover,71,66
Pete Werner,Pete Werner,catching,0,5
Pete Werner,Pete Werner,routeRun,0,5
Dorian Williams,Dorian Williams,rating,58,74
Dorian Williams,Dorian Williams,speed,79,84
Dorian Williams,Dorian Williams,power,73,68
Dorian Williams,Dorian Williams,burst,72,77
Dorian Williams,Dorian Williams,intelligence,75,74
Dorian Williams,Dorian Williams,tackle,80,85
Dorian Williams,Dorian Williams,manCover,0,5
Dorian Williams,Dorian Williams,zoneCover,0,5
Dorian Williams,Dorian Williams,catching,0,5
Dorian Williams,Dorian Williams,routeRun,0,5
Aaron Banks,Aaron Banks,rating,86,73
Aaron Banks,Aaron Banks,speed,84,79
Aaron Banks,Aaron Banks,power,97,92
Aaron Banks,Aaron Banks,agility,77,72
Aaron Banks,Aaron Banks,burst,93,88
Aaron Banks,Aaron Banks,intelligence,80,83
Aaron Banks,Aaron Banks,tackle,0,5
Aaron Banks,Aaron Banks,manCover,0,5
Aaron Banks,Aaron Banks,zoneCover,0,5
Aaron Banks,Aaron Banks,catching,0,5
Aaron Banks,Aaron Banks,routeRun,0,5
Riley Patterson,Riley Patterson,rating,85,72
Riley Patterson,Riley Patterson,speed,84,79
Riley Patterson,Riley Patterson,power,79,74
Riley Patterson,Riley Patterson,agility,86,81
Riley Patterson,Riley Patterson,burst,81,77
Riley Patterson,Riley Patterson,intelligence,92,87
Riley Patterson,Riley Patterson,tackle,0,5
Riley Patterson,Riley Patterson,manCover,0,5
Riley Patterson,Riley Patterson,zoneCover,0,5
Riley Patterson,Riley Patterson,catching,0,5
Riley Patterson,Riley Patterson,routeRun,0,5
Alfred Collins,Alfred Collins,rating,59,72
Alfred Collins,Alfred Collins,speed,75,73
Alfred Collins,Alfred Collins,power,97,92
Alfred Collins,Alfred Collins,agility,84,79
Alfred Collins,Alfred Collins,burst,76,79
Alfred Collins,Alfred Collins,intelligence,86,81
Alfred Collins,Alfred Collins,tackle,73,78
Alfred Collins,Alfred Collins,manCover,0,5
Alfred Collins,Alfred Collins,zoneCover,0,5
Alfred Collins,Alfred Collins,catching,0,5
Alfred Collins,Alfred Collins,routeRun,0,5
Trey Smith,Trey Smith,rating,74,91
Trey Smith,Trey Smith,speed,86,81
Trey Smith,Trey Smith,power,84,89
Trey Smith,Trey Smith,agility,86,81
Trey Smith,Trey Smith,burst,74,75
Trey Smith,Trey Smith,intelligence,70,75
Trey Smith,Trey Smith,tackle,0,5
Trey Smith,Trey Smith,manCover,0,5
Trey Smith,Trey Smith,zoneCover,0,5
Trey Smith,Trey Smith,catching,0,5
Trey Smith,Trey Smith,routeRun,0,5
Joey Porter Jr.,Joey Porter,rating,68,85
Joey Porter Jr.,Joey Porter,power,78,73
Joey Porter Jr.,Joey Porter,agility,90,89
Joey Porter Jr.,Joey Porter,intelligence,77,82
Joey Porter Jr.,Joey Porter,tackle,79,74
Joey Porter Jr.,Joey Porter,manCover,88,86
Joey Porter Jr.,Joey Porter,zoneCover,79,80
Joey Porter Jr.,Joey Porter,catching,0,5
Joey Porter Jr.,Joey Porter,routeRun,0,5
Byron Murphy,Byron Murphy Jr,rating,67,84
Byron Murphy,Byron Murphy Jr,speed,77,82
Byron Murphy,Byron Murphy Jr,power,72,67
Byron Murphy,Byron Murphy Jr,agility,79,84
Byron Murphy,Byron Murphy Jr,burst,86,91
Byron Murphy,Byron Murphy Jr,intelligence,83,86
Byron Murphy,Byron Murphy Jr,tackle,81,76
Byron Murphy,Byron Murphy Jr,manCover,80,79
Byron Murphy,Byron Murphy Jr,zoneCover,71,76
Byron Murphy,Byron Murphy Jr,catching,0,5
Byron Murphy,Byron Murphy Jr,routeRun,0,5
Rigoberto Sanchez,Rigoberto Sanchez,rating,69,83
Rigoberto Sanchez,Rigoberto Sanchez,speed,79,74
Rigoberto Sanchez,Rigoberto Sanchez,power,84,79
Rigoberto Sanchez,Rigoberto Sanchez,agility,77,72
Rigoberto Sanchez,Rigoberto Sanchez,burst,80,75
Rigoberto Sanchez,Rigoberto Sanchez,intelligence,80,75
Rigoberto Sanchez,Rigoberto Sanchez,tackle,0,5
Rigoberto Sanchez,Rigoberto Sanchez,manCover,0,5
Rigoberto Sanchez,Rigoberto Sanchez,zoneCover,0,5
Rigoberto Sanchez,Rigoberto Sanchez,catching,0,5
Rigoberto Sanchez,Rigoberto Sanchez,routeRun,0,5
Alijah Vera-Tucker,Alijah Vera-Tucker,rating,66,83
Alijah Vera-Tucker,Alijah Vera-Tucker,speed,76,75
Alijah Vera-Tucker,Alijah Vera-Tucker,power,95,91
Alijah Vera-Tucker,Alijah Vera-Tucker,agility,74,69
Alijah Vera-Tucker,Alijah Vera-Tucker,burst,86,81
Alijah Vera-Tucker,Alijah Vera-Tucker,intelligence,80,82
Alijah Vera-Tucker,Alijah Vera-Tucker,tackle,0,5
Alijah Vera-Tucker,Alijah Vera-Tucker,manCover,0,5
Alijah Vera-Tucker,Alijah Vera-Tucker,zoneCover,0,5
Alijah Vera-Tucker,Alijah Vera-Tucker,catching,0,5
Alijah Vera-Tucker,Alijah Vera-Tucker,routeRun,0,5
Cam Taylor-Britt,Cam Taylor-Britt,rating,67,81
Cam Taylor-Britt,Cam Taylor-Britt,speed,82,87
Cam Taylor-Britt,Cam Taylor-Britt,power,76,71
Cam Taylor-Britt,Cam Taylor-Britt,agility,86,85
Cam Taylor-Britt,Cam Taylor-Britt,burst,71,76
Cam Taylor-Britt,Cam Taylor-Britt,intelligence,78,83
Cam Taylor-Britt,Cam Taylor-Britt,tackle,70,67
Cam Taylor-Britt,Cam Taylor-Britt,manCover,83,78
Cam Taylor-Britt,Cam Taylor-Britt,zoneCover,75,80
Cam Taylor-Britt,Cam Taylor-Britt,catching,0,5
Cam Taylor-Britt,Cam Taylor-Britt,routeRun,0,5
Austin McNamara,Austin McNamara,rating,90,73
Austin McNamara,Austin McNamara,speed,70,75
Austin McNamara,Austin McNamara,power,84,79
Austin McNamara,Austin McNamara,agility,77,72
Austin McNamara,Austin McNamara,burst,81,80
Austin McNamara,Austin McNamara,intelligence,84,79
Austin McNamara,Austin McNamara,tackle,0,5
Austin McNamara,Austin McNamara,manCover,0,5
Austin McNamara,Austin McNamara,zoneCover,0,5
Austin McNamara,Austin McNamara,catching,0,5
Austin McNamara,Austin McNamara,routeRun,0,5
Drue Tranquill,Drue Tranquill,rating,71,89
Drue Tranquill,Drue Tranquill,speed,86,87
Drue Tranquill,Drue Tranquill,power,88,83
Drue Tranquill,Drue Tranquill,agility,81,83
Drue Tranquill,Drue Tranquill,burst,85,88
Drue Tranquill,Drue Tranquill,intelligence,82,87
Drue Tranquill,Drue Tranquill,tackle,84,89
Drue Tranquill,Drue Tranquill,manCover,0,5
Drue Tranquill,Drue Tranquill,zoneCover,0,5
Drue Tranquill,Drue Tranquill,catching,0,5
Drue Tranquill,Drue Tranquill,routeRun,0,5
Quan Martin,Quan Martin,rating,59,77
Quan Martin,Quan Martin,speed,79,84
Quan Martin,Quan Martin,power,77,72
Quan Martin,Quan Martin,agility,74,79
Quan Martin,Quan Martin,burst,62,67
Quan Martin,Quan Martin,intelligence,81,76
Quan Martin,Quan Martin,tackle,69,71
Quan Martin,Quan Martin,manCover,69,74
Quan Martin,Quan Martin,zoneCover,69,72
Quan Martin,Quan Martin,catching,0,5
Quan Martin,Quan Martin,routeRun,0,5
Jaylon Johnson,Jaylon Johnson,rating,70,89
Jaylon Johnson,Jaylon Johnson,speed,83,88
Jaylon Johnson,Jaylon Johnson,power,79,74
Jaylon Johnson,Jaylon Johnson,agility,77,82
Jaylon Johnson,Jaylon Johnson,burst,75,80
Jaylon Johnson,Jaylon Johnson,intelligence,75,80
Jaylon Johnson,Jaylon Johnson,tackle,80,75
Jaylon Johnson,Jaylon Johnson,manCover,87,88
Jaylon Johnson,Jaylon Johnson,zoneCover,76,81
Jaylon Johnson,Jaylon Johnson,catching,0,5
Jaylon Johnson,Jaylon Johnson,routeRun,0,5
Tyler Smith,Tyler Smith,rating,70,89
Tyler Smith,Tyler Smith,speed,85,80
Tyler Smith,Tyler Smith,power,84,89
Tyler Smith,Tyler Smith,agility,76,71
Tyler Smith,Tyler Smith,burst,81,80
Tyler Smith,Tyler Smith,intelligence,71,76
Tyler Smith,Tyler Smith,tackle,0,5
Tyler Smith,Tyler Smith,manCover,0,5
Tyler Smith,Tyler Smith,zoneCover,0,5
Tyler Smith,Tyler Smith,catching,0,5
Tyler Smith,Tyler Smith,routeRun,0,5
Terrel Bernard,Terrel Bernard,rating,65,84
Terrel Bernard,Terrel Bernard,speed,77,82
Terrel Bernard,Terrel Bernard,power,85,80
Terrel Bernard,Terrel Bernard,agility,84,82
Terrel Bernard,Terrel Bernard,burst,76,81
Terrel Bernard,Terrel Bernard,intelligence,77,82
Terrel Bernard,Terrel Bernard,tackle,77,82
Terrel Bernard,Terrel Bernard,manCover,88,83
Terrel Bernard,Terrel Bernard,zoneCover,74,72
Terrel Bernard,Terrel Bernard,catching,0,5
Terrel Bernard,Terrel Bernard,routeRun,0,5
Deommodore Lenoir,Deommodore Lenoir,rating,65,81
Deommodore Lenoir,Deommodore Lenoir,speed,93,90
Deommodore Lenoir,Deommodore Lenoir,power,86,81
Deommodore Lenoir,Deommodore Lenoir,agility,84,83
Deommodore Lenoir,Deommodore Lenoir,burst,83,88
Deommodore Lenoir,Deommodore Lenoir,intelligence,94,89
Deommodore Lenoir,Deommodore Lenoir,tackle,75,70
Deommodore Lenoir,Deommodore Lenoir,manCover,82,77
Deommodore Lenoir,Deommodore Lenoir,catching,0,5
Deommodore Lenoir,Deommodore Lenoir,routeRun,0,5
Jake Bates,Jake Bates,rating,95,76
Jake Bates,Jake Bates,speed,82,77
Jake Bates,Jake Bates,power,89,84
Jake Bates,Jake Bates,agility,89,84
Jake Bates,Jake Bates,burst,90,85
Jake Bates,Jake Bates,intelligence,92,87
Jake Bates,Jake Bates,tackle,0,5
Jake Bates,Jake Bates,manCover,0,5
Jake Bates,Jake Bates,zoneCover,0,5
Jake Bates,Jake Bates,catching,0,5
Jake Bates,Jake Bates,routeRun,0,5
Jon Runyan,Jon Runyan,rating,55,74
Jon Runyan,Jon Runyan,speed,75,71
Jon Runyan,Jon Runyan,power,97,92
Jon Runyan,Jon Runyan,agility,77,72
Jon Runyan,Jon Runyan,burst,77,72
Jon Runyan,Jon Runyan,intelligence,92,87
Jon Runyan,Jon Runyan,tackle,0,5
Jon Runyan,Jon Runyan,manCover,0,5
Jon Runyan,Jon Runyan,zoneCover,0,5
Jon Runyan,Jon Runyan,catching,0,5
Jon Runyan,Jon Runyan,routeRun,0,5
Denzel Ward,Denzel Ward,rating,72,93
Denzel Ward,Denzel Ward,speed,90,93
Denzel Ward,Denzel Ward,power,84,79
Denzel Ward,Denzel Ward,agility,90,94
Denzel Ward,Denzel Ward,burst,92,94
Denzel Ward,Denzel Ward,intelligence,82,87
Denzel Ward,Denzel Ward,tackle,81,76
Denzel Ward,Denzel Ward,manCover,89,94
Denzel Ward,Denzel Ward,zoneCover,82,87
Denzel Ward,Denzel Ward,catching,0,5
Denzel Ward,Denzel Ward,routeRun,0,5
Riley Moss,Riley Moss,rating,57,78
Riley Moss,Riley Moss,speed,74,79
Riley Moss,Riley Moss,power,77,72
Riley Moss,Riley Moss,agility,67,72
Riley Moss,Riley Moss,burst,83,88
Riley Moss,Riley Moss,intelligence,78,75
Riley Moss,Riley Moss,tackle,72,67
Riley Moss,Riley Moss,manCover,76,75
Riley Moss,Riley Moss,zoneCover,67,72
Riley Moss,Riley Moss,catching,0,5
Riley Moss,Riley Moss,routeRun,0,5
Kris Jenkins,Kris Jenkins Jr,rating,56,74
Kris Jenkins,Kris Jenkins Jr,speed,80,75
Kris Jenkins,Kris Jenkins Jr,power,73,78
Kris Jenkins,Kris Jenkins Jr,intelligence,66,68
Kris Jenkins,Kris Jenkins Jr,tackle,75,80
Kris Jenkins,Kris Jenkins Jr,manCover,0,5
Kris Jenkins,Kris Jenkins Jr,zoneCover,0,5
Kris Jenkins,Kris Jenkins Jr,catching,0,5
Kris Jenkins,Kris Jenkins Jr,routeRun,0,5
Demetrius Knight Jr.,Demetrius Knight Jr,rating,52,73
Demetrius Knight Jr.,Demetrius Knight Jr,speed,78,83
Demetrius Knight Jr.,Demetrius Knight Jr,power,79,74
Demetrius Knight Jr.,Demetrius Knight Jr,agility,82,80
Demetrius Knight Jr.,Demetrius Knight Jr,burst,71,76
Demetrius Knight Jr.,Demetrius Knight Jr,intelligence,78,75
Demetrius Knight Jr.,Demetrius Knight Jr,tackle,84,82
Demetrius Knight Jr.,Demetrius Knight Jr,manCover,0,5
Demetrius Knight Jr.,Demetrius Knight Jr,zoneCover,0,5
Demetrius Knight Jr.,Demetrius Knight Jr,catching,0,5
Demetrius Knight Jr.,Demetrius Knight Jr,routeRun,0,5
Andre Szmyt,Andre Szmyt,rating,89,71
Andre Szmyt,Andre Szmyt,power,82,77
Andre Szmyt,Andre Szmyt,agility,83,78
Andre Szmyt,Andre Szmyt,burst,78,73
Andre Szmyt,Andre Szmyt,intelligence,89,84
Andre Szmyt,Andre Szmyt,tackle,0,5
Andre Szmyt,Andre Szmyt,manCover,0,5
Andre Szmyt,Andre Szmyt,zoneCover,0,5
Andre Szmyt,Andre Szmyt,catching,0,5
Andre Szmyt,Andre Szmyt,routeRun,0,5
Courtland Sutton,Courtland Sutton,rating,68,87
Courtland Sutton,Courtland Sutton,speed,83,88
Courtland Sutton,Courtland Sutton,power,92,87
Courtland Sutton,Courtland Sutton,agility,87,90
Courtland Sutton,Courtland Sutton,burst,78,83
Courtland Sutton,Courtland Sutton,intelligence,85,90
Courtland Sutton,Courtland Sutton,tackle,0,5
Courtland Sutton,Courtland Sutton,manCover,0,5
Courtland Sutton,Courtland Sutton,zoneCover,0,5
Courtland Sutton,Courtland Sutton,catching,92,88
Courtland Sutton,Courtland Sutton,routeRun,84,81
Calen Bullock,Calen Bullock,rating,61,84
Calen Bullock,Calen Bullock,speed,89,90
Calen Bullock,Calen Bullock,power,80,75
Calen Bullock,Calen Bullock,agility,92,87
Calen Bullock,Calen Bullock,burst,95,92
Calen Bullock,Calen Bullock,intelligence,75,80
Calen Bullock,Calen Bullock,tackle,72,77
Calen Bullock,Calen Bullock,manCover,67,72
Calen Bullock,Calen Bullock,zoneCover,87,83
Calen Bullock,Calen Bullock,catching,0,5
Calen Bullock,Calen Bullock,routeRun,0,5
Jordan Stout,Jordan Stout,rating,99,76
Jordan Stout,Jordan Stout,speed,72,77
Jordan Stout,Jordan Stout,power,92,87
Jordan Stout,Jordan Stout,agility,76,71
Jordan Stout,Jordan Stout,burst,74,79
Jordan Stout,Jordan Stout,intelligence,89,84
Jordan Stout,Jordan Stout,tackle,0,5
Jordan Stout,Jordan Stout,manCover,0,5
Jordan Stout,Jordan Stout,zoneCover,0,5
Jordan Stout,Jordan Stout,catching,0,5
Jordan Stout,Jordan Stout,routeRun,0,5
Bryan Bresee,Bryan Bresee,rating,54,75
Bryan Bresee,Bryan Bresee,speed,79,78
Bryan Bresee,Bryan Bresee,power,80,85
Bryan Bresee,Bryan Bresee,agility,73,70
Bryan Bresee,Bryan Bresee,burst,75,80
Bryan Bresee,Bryan Bresee,intelligence,74,77
Bryan Bresee,Bryan Bresee,tackle,77,78
Bryan Bresee,Bryan Bresee,manCover,0,5
Bryan Bresee,Bryan Bresee,zoneCover,0,5
Bryan Bresee,Bryan Bresee,catching,0,5
Bryan Bresee,Bryan Bresee,routeRun,0,5
Davon Godchaux,Davon Godchaux,rating,53,78
Davon Godchaux,Davon Godchaux,speed,71,70
Davon Godchaux,Davon Godchaux,power,85,90
Davon Godchaux,Davon Godchaux,agility,73,68
Davon Godchaux,Davon Godchaux,burst,79,74
Davon Godchaux,Davon Godchaux,intelligence,84,79
Davon Godchaux,Davon Godchaux,manCover,0,5
Davon Godchaux,Davon Godchaux,zoneCover,0,5
Davon Godchaux,Davon Godchaux,catching,0,5
Davon Godchaux,Davon Godchaux,routeRun,0,5
Jer'Zhan Newton,Jer'Zhan Newton,rating,51,76
Jer'Zhan Newton,Jer'Zhan Newton,speed,74,78
Jer'Zhan Newton,Jer'Zhan Newton,power,92,87
Jer'Zhan Newton,Jer'Zhan Newton,burst,71,76
Jer'Zhan Newton,Jer'Zhan Newton,intelligence,78,74
Jer'Zhan Newton,Jer'Zhan Newton,tackle,74,79
Jer'Zhan Newton,Jer'Zhan Newton,manCover,0,5
Jer'Zhan Newton,Jer'Zhan Newton,zoneCover,0,5
Jer'Zhan Newton,Jer'Zhan Newton,catching,0,5
Jer'Zhan Newton,Jer'Zhan Newton,routeRun,0,5
A.J. Terrell,A.J. Terrell Jr,rating,65,88
A.J. Terrell,A.J. Terrell Jr,speed,90,91
A.J. Terrell,A.J. Terrell Jr,power,79,74
A.J. Terrell,A.J. Terrell Jr,agility,92,89
A.J. Terrell,A.J. Terrell Jr,burst,88,91
A.J. Terrell,A.J. Terrell Jr,intelligence,82,87
A.J. Terrell,A.J. Terrell Jr,tackle,74,69
A.J. Terrell,A.J. Terrell Jr,manCover,82,87
A.J. Terrell,A.J. Terrell Jr,zoneCover,86,91
A.J. Terrell,A.J. Terrell Jr,catching,0,5
A.J. Terrell,A.J. Terrell Jr,routeRun,0,5
Myles Garrett,Myles Garrett,teamID,CLE,LAR
Myles Garrett,Myles Garrett,speed,98,93
Myles Garrett,Myles Garrett,power,97,96
Myles Garrett,Myles Garrett,agility,89,86
Myles Garrett,Myles Garrett,intelligence,91,96
Myles Garrett,Myles Garrett,tackle,96,92
Myles Garrett,Myles Garrett,manCover,0,5
Myles Garrett,Myles Garrett,zoneCover,0,5
Myles Garrett,Myles Garrett,catching,0,5
Myles Garrett,Myles Garrett,routeRun,0,5
Kayshon Boutte,Kayshon Boutte,teamID,NE,HOU
Kayshon Boutte,Kayshon Boutte,speed,95,91
Kayshon Boutte,Kayshon Boutte,power,80,75
Kayshon Boutte,Kayshon Boutte,agility,77,82
Kayshon Boutte,Kayshon Boutte,burst,78,83
Kayshon Boutte,Kayshon Boutte,intelligence,86,82
Kayshon Boutte,Kayshon Boutte,tackle,0,5
Kayshon Boutte,Kayshon Boutte,manCover,0,5
Kayshon Boutte,Kayshon Boutte,zoneCover,0,5
Kayshon Boutte,Kayshon Boutte,catching,88,87
Kayshon Boutte,Kayshon Boutte,routeRun,91,86
Monroe Freeling,Monroe Freeling,teamID,Rookie,CAR
Monroe Freeling,Monroe Freeling,speed,70,75
Monroe Freeling,Monroe Freeling,power,84,86
Monroe Freeling,Monroe Freeling,agility,75,70
Monroe Freeling,Monroe Freeling,burst,74,79
Monroe Freeling,Monroe Freeling,intelligence,77,79
Monroe Freeling,Monroe Freeling,tackle,0,5
Monroe Freeling,Monroe Freeling,manCover,0,5
Monroe Freeling,Monroe Freeling,zoneCover,0,5
Monroe Freeling,Monroe Freeling,catching,0,5
Monroe Freeling,Monroe Freeling,routeRun,0,5
Markquese Bell,Markquese Bell,teamID,Free Agent,DAL
Markquese Bell,Markquese Bell,speed,77,82
Markquese Bell,Markquese Bell,power,85,80
Markquese Bell,Markquese Bell,agility,74,77
Markquese Bell,Markquese Bell,burst,78,83
Markquese Bell,Markquese Bell,intelligence,89,84
Markquese Bell,Markquese Bell,tackle,78,75
Markquese Bell,Markquese Bell,manCover,85,80
Markquese Bell,Markquese Bell,zoneCover,86,81
Markquese Bell,Markquese Bell,catching,0,5
Markquese Bell,Markquese Bell,routeRun,0,5
Tim Settle,Tim Settle Jr,teamID,Free Agent,WAS
Tim Settle,Tim Settle Jr,speed,85,80
Tim Settle,Tim Settle Jr,power,81,86
Tim Settle,Tim Settle Jr,agility,75,70
Tim Settle,Tim Settle Jr,burst,91,86
Tim Settle,Tim Settle Jr,intelligence,71,74
Tim Settle,Tim Settle Jr,tackle,80,83
Tim Settle,Tim Settle Jr,manCover,0,5
Tim Settle,Tim Settle Jr,zoneCover,0,5
Tim Settle,Tim Settle Jr,catching,0,5
Tim Settle,Tim Settle Jr,routeRun,0,5
Sydney Brown,Sydney Brown,teamID,PHI,ATL
Sydney Brown,Sydney Brown,speed,91,90
Sydney Brown,Sydney Brown,power,74,69
Sydney Brown,Sydney Brown,agility,82,83
Sydney Brown,Sydney Brown,burst,72,77
Sydney Brown,Sydney Brown,intelligence,74,71
Sydney Brown,Sydney Brown,tackle,81,76
Sydney Brown,Sydney Brown,manCover,84,79
Sydney Brown,Sydney Brown,zoneCover,87,82
Sydney Brown,Sydney Brown,catching,0,5
Sydney Brown,Sydney Brown,routeRun,0,5
Aaron Stinnie,Aaron Stinnie,teamID,Free Agent,NYG
Aaron Stinnie,Aaron Stinnie,speed,86,81
Aaron Stinnie,Aaron Stinnie,power,79,83
Aaron Stinnie,Aaron Stinnie,agility,83,78
Aaron Stinnie,Aaron Stinnie,burst,78,73
Aaron Stinnie,Aaron Stinnie,intelligence,69,74
Aaron Stinnie,Aaron Stinnie,tackle,0,5
Aaron Stinnie,Aaron Stinnie,manCover,0,5
Aaron Stinnie,Aaron Stinnie,zoneCover,0,5
Aaron Stinnie,Aaron Stinnie,catching,0,5
Aaron Stinnie,Aaron Stinnie,routeRun,0,5
Laquon Treadwell,Laquon Treadwell,teamID,Free Agent,IND
Laquon Treadwell,Laquon Treadwell,speed,79,84
Laquon Treadwell,Laquon Treadwell,power,75,70
Laquon Treadwell,Laquon Treadwell,agility,84,81
Laquon Treadwell,Laquon Treadwell,burst,72,77
Laquon Treadwell,Laquon Treadwell,intelligence,77,72
Laquon Treadwell,Laquon Treadwell,tackle,0,5
Laquon Treadwell,Laquon Treadwell,manCover,0,5
Laquon Treadwell,Laquon Treadwell,zoneCover,0,5
Laquon Treadwell,Laquon Treadwell,catching,88,83
Laquon Treadwell,Laquon Treadwell,routeRun,85,80
Corey Kiner,Corey Kiner,teamID,Free Agent,NE
Corey Kiner,Corey Kiner,speed,87,88
Corey Kiner,Corey Kiner,power,83,78
Corey Kiner,Corey Kiner,agility,80,82
Corey Kiner,Corey Kiner,burst,81,86
Corey Kiner,Corey Kiner,intelligence,73,68
Corey Kiner,Corey Kiner,tackle,0,5
Corey Kiner,Corey Kiner,manCover,0,5
Corey Kiner,Corey Kiner,zoneCover,0,5
Corey Kiner,Corey Kiner,catching,74,69
Corey Kiner,Corey Kiner,routeRun,76,71
Gunner Olszewski,Gunner Olszewski,teamID,Free Agent,NYG
Gunner Olszewski,Gunner Olszewski,speed,71,76
Gunner Olszewski,Gunner Olszewski,power,85,80
Gunner Olszewski,Gunner Olszewski,agility,76,81
Gunner Olszewski,Gunner Olszewski,burst,87,88
Gunner Olszewski,Gunner Olszewski,intelligence,76,75
Gunner Olszewski,Gunner Olszewski,tackle,0,5
Gunner Olszewski,Gunner Olszewski,manCover,0,5
Gunner Olszewski,Gunner Olszewski,zoneCover,0,5
Gunner Olszewski,Gunner Olszewski,catching,75,80
Gunner Olszewski,Gunner Olszewski,routeRun,81,76
Nazir Stackhouse,Nazir Stackhouse,teamID,GB,TEN
Nazir Stackhouse,Nazir Stackhouse,speed,66,67
Nazir Stackhouse,Nazir Stackhouse,power,93,88
Nazir Stackhouse,Nazir Stackhouse,agility,80,75
Nazir Stackhouse,Nazir Stackhouse,burst,76,71
Nazir Stackhouse,Nazir Stackhouse,intelligence,72,67
Nazir Stackhouse,Nazir Stackhouse,tackle,69,74
Nazir Stackhouse,Nazir Stackhouse,manCover,0,5
Nazir Stackhouse,Nazir Stackhouse,zoneCover,0,5
Nazir Stackhouse,Nazir Stackhouse,catching,0,5
Nazir Stackhouse,Nazir Stackhouse,routeRun,0,5
Charles Woods,Charles Woods,teamID,Free Agent,NE
Charles Woods,Charles Woods,speed,81,86
Charles Woods,Charles Woods,power,71,66
Charles Woods,Charles Woods,agility,79,84
Charles Woods,Charles Woods,burst,73,78
Charles Woods,Charles Woods,intelligence,75,70
Charles Woods,Charles Woods,tackle,72,67
Charles Woods,Charles Woods,manCover,81,76
Charles Woods,Charles Woods,zoneCover,76,71
Charles Woods,Charles Woods,catching,0,5
Charles Woods,Charles Woods,routeRun,0,5
Fred Johnson,Fred Johnson,teamID,Free Agent,PHI
Fred Johnson,Fred Johnson,speed,70,65
Fred Johnson,Fred Johnson,power,78,83
Fred Johnson,Fred Johnson,agility,73,68
Fred Johnson,Fred Johnson,burst,81,76
Fred Johnson,Fred Johnson,intelligence,71,76
Fred Johnson,Fred Johnson,tackle,0,5
Fred Johnson,Fred Johnson,manCover,0,5
Fred Johnson,Fred Johnson,zoneCover,0,5
Fred Johnson,Fred Johnson,catching,0,5
Fred Johnson,Fred Johnson,routeRun,0,5
Nikko Reed,Nikko Reed,teamID,LAC,NYG
Nikko Reed,Nikko Reed,speed,74,79
Nikko Reed,Nikko Reed,power,77,72
Nikko Reed,Nikko Reed,agility,83,85
Nikko Reed,Nikko Reed,burst,81,86
Nikko Reed,Nikko Reed,intelligence,75,70
Nikko Reed,Nikko Reed,tackle,79,74
Nikko Reed,Nikko Reed,manCover,74,69
Nikko Reed,Nikko Reed,zoneCover,73,70
Nikko Reed,Nikko Reed,catching,0,5
Nikko Reed,Nikko Reed,routeRun,0,5
Cameron Latu,Cameron Latu,teamID,PHI,NE
Cameron Latu,Cameron Latu,speed,69,74
Cameron Latu,Cameron Latu,power,66,71
Cameron Latu,Cameron Latu,agility,83,78
Cameron Latu,Cameron Latu,burst,85,84
Cameron Latu,Cameron Latu,intelligence,73,68
Cameron Latu,Cameron Latu,tackle,0,5
Cameron Latu,Cameron Latu,manCover,0,5
Cameron Latu,Cameron Latu,zoneCover,0,5
Cameron Latu,Cameron Latu,catching,79,76
Cameron Latu,Cameron Latu,routeRun,74,69
Elijah Campbell,Elijah Campbell,teamID,Free Agent,NYG
Elijah Campbell,Elijah Campbell,speed,65,70
Elijah Campbell,Elijah Campbell,power,87,82
Elijah Campbell,Elijah Campbell,agility,65,70
Elijah Campbell,Elijah Campbell,burst,82,83
Elijah Campbell,Elijah Campbell,intelligence,81,76
Elijah Campbell,Elijah Campbell,tackle,74,69
Elijah Campbell,Elijah Campbell,manCover,71,66
Elijah Campbell,Elijah Campbell,zoneCover,81,76
Elijah Campbell,Elijah Campbell,catching,0,5
Elijah Campbell,Elijah Campbell,routeRun,0,5
Princeton Fant,Princeton Fant,teamID,Free Agent,DAL
Princeton Fant,Princeton Fant,power,71,72
Princeton Fant,Princeton Fant,agility,75,80
Princeton Fant,Princeton Fant,burst,70,75
Princeton Fant,Princeton Fant,intelligence,70,65
Princeton Fant,Princeton Fant,tackle,0,5
Princeton Fant,Princeton Fant,manCover,0,5
Princeton Fant,Princeton Fant,zoneCover,0,5
Princeton Fant,Princeton Fant,catching,82,77
Princeton Fant,Princeton Fant,routeRun,84,79
A.J. Brown,A.J. Brown,teamID,PHI,NE
A.J. Brown,A.J. Brown,rating,90,89
A.J. Brown,A.J. Brown,speed,85,90
A.J. Brown,A.J. Brown,power,97,92
A.J. Brown,A.J. Brown,agility,90,85
A.J. Brown,A.J. Brown,burst,94,92
A.J. Brown,A.J. Brown,intelligence,81,86
A.J. Brown,A.J. Brown,tackle,0,5
A.J. Brown,A.J. Brown,manCover,0,5
A.J. Brown,A.J. Brown,zoneCover,0,5
A.J. Brown,A.J. Brown,catching,93,94
A.J. Brown,A.J. Brown,routeRun,82,85
Jeremiyah Love,Jeremiyah Love,teamID,Rookie,ARI
Jeremiyah Love,Jeremiyah Love,rating,81,82
Jeremiyah Love,Jeremiyah Love,speed,95,94
Jeremiyah Love,Jeremiyah Love,power,77,76
Jeremiyah Love,Jeremiyah Love,agility,95,92
Jeremiyah Love,Jeremiyah Love,burst,97,94
Jeremiyah Love,Jeremiyah Love,intelligence,78,73
Jeremiyah Love,Jeremiyah Love,tackle,0,5
Jeremiyah Love,Jeremiyah Love,manCover,0,5
Jeremiyah Love,Jeremiyah Love,zoneCover,0,5
Jeremiyah Love,Jeremiyah Love,catching,76,71
Jeremiyah Love,Jeremiyah Love,routeRun,67,62
Deebo Samuel Sr.,Deebo Samuel Sr,teamID,Free Agent,SF
Deebo Samuel Sr.,Deebo Samuel Sr,rating,78,77
Deebo Samuel Sr.,Deebo Samuel Sr,speed,84,89
Deebo Samuel Sr.,Deebo Samuel Sr,power,90,85
Deebo Samuel Sr.,Deebo Samuel Sr,agility,78,83
Deebo Samuel Sr.,Deebo Samuel Sr,burst,87,88
Deebo Samuel Sr.,Deebo Samuel Sr,intelligence,82,77
Deebo Samuel Sr.,Deebo Samuel Sr,tackle,0,5
Deebo Samuel Sr.,Deebo Samuel Sr,manCover,0,5
Deebo Samuel Sr.,Deebo Samuel Sr,zoneCover,0,5
Deebo Samuel Sr.,Deebo Samuel Sr,catching,85,82
Deebo Samuel Sr.,Deebo Samuel Sr,routeRun,84,79
Jordyn Tyson,Jordyn Tyson,teamID,Rookie,NO
Jordyn Tyson,Jordyn Tyson,rating,77,76
Jordyn Tyson,Jordyn Tyson,speed,89,90
Jordyn Tyson,Jordyn Tyson,power,70,73
Jordyn Tyson,Jordyn Tyson,agility,86,90
Jordyn Tyson,Jordyn Tyson,burst,90,92
Jordyn Tyson,Jordyn Tyson,intelligence,74,71
Jordyn Tyson,Jordyn Tyson,tackle,0,5
Jordyn Tyson,Jordyn Tyson,manCover,0,5
Jordyn Tyson,Jordyn Tyson,zoneCover,0,5
Jordyn Tyson,Jordyn Tyson,catching,76,81
Jordyn Tyson,Jordyn Tyson,routeRun,87,82
Christen Miller,Christen Miller,teamID,Rookie,NO
Christen Miller,Christen Miller,rating,74,75
Christen Miller,Christen Miller,speed,64,68
Christen Miller,Christen Miller,power,85,88
Christen Miller,Christen Miller,agility,47,52
Christen Miller,Christen Miller,burst,67,72
Christen Miller,Christen Miller,intelligence,90,85
Christen Miller,Christen Miller,tackle,66,71
Christen Miller,Christen Miller,manCover,0,5
Christen Miller,Christen Miller,zoneCover,0,5
Christen Miller,Christen Miller,catching,0,5
Christen Miller,Christen Miller,routeRun,0,5
Chase Bisontis,Chase Bisontis,teamID,Rookie,ARI
Chase Bisontis,Chase Bisontis,rating,76,75
Chase Bisontis,Chase Bisontis,speed,64,69
Chase Bisontis,Chase Bisontis,power,77,82
Chase Bisontis,Chase Bisontis,agility,52,57
Chase Bisontis,Chase Bisontis,burst,63,68
Chase Bisontis,Chase Bisontis,intelligence,92,87
Chase Bisontis,Chase Bisontis,tackle,0,5
Chase Bisontis,Chase Bisontis,manCover,0,5
Chase Bisontis,Chase Bisontis,zoneCover,0,5
Chase Bisontis,Chase Bisontis,catching,0,5
Chase Bisontis,Chase Bisontis,routeRun,0,5
Kaleb Johnson,Kaleb Johnson,teamID,PIT,GB
Kaleb Johnson,Kaleb Johnson,rating,73,74
Kaleb Johnson,Kaleb Johnson,speed,75,80
Kaleb Johnson,Kaleb Johnson,power,77,76
Kaleb Johnson,Kaleb Johnson,agility,74,79
Kaleb Johnson,Kaleb Johnson,burst,75,80
Kaleb Johnson,Kaleb Johnson,intelligence,76,71
Kaleb Johnson,Kaleb Johnson,tackle,0,5
Kaleb Johnson,Kaleb Johnson,manCover,0,5
Kaleb Johnson,Kaleb Johnson,zoneCover,0,5
Kaleb Johnson,Kaleb Johnson,catching,83,78
Kaleb Johnson,Kaleb Johnson,routeRun,82,77
Sam Williams,Sam Williams,teamID,DAL,CLE
Sam Williams,Sam Williams,rating,72,73
Sam Williams,Sam Williams,speed,84,88
Sam Williams,Sam Williams,power,76,79
Sam Williams,Sam Williams,burst,80,85
Sam Williams,Sam Williams,intelligence,84,79
Sam Williams,Sam Williams,tackle,73,78
Sam Williams,Sam Williams,manCover,0,5
Sam Williams,Sam Williams,zoneCover,0,5
Sam Williams,Sam Williams,catching,0,5
Sam Williams,Sam Williams,routeRun,0,5
Noah Gray,Noah Gray,teamID,Free Agent,KC
Noah Gray,Noah Gray,rating,74,73
Noah Gray,Noah Gray,speed,84,87
Noah Gray,Noah Gray,power,71,69
Noah Gray,Noah Gray,agility,81,84
Noah Gray,Noah Gray,burst,89,88
Noah Gray,Noah Gray,intelligence,83,78
Noah Gray,Noah Gray,tackle,0,5
Noah Gray,Noah Gray,manCover,0,5
Noah Gray,Noah Gray,zoneCover,0,5
Noah Gray,Noah Gray,catching,81,86
Noah Gray,Noah Gray,routeRun,93,88
Ogbo Okoronkwo,Ogbo Okoronkwo,teamID,Free Agent,SF
Ogbo Okoronkwo,Ogbo Okoronkwo,rating,71,72
Ogbo Okoronkwo,Ogbo Okoronkwo,speed,82,81
Ogbo Okoronkwo,Ogbo Okoronkwo,power,87,83
Ogbo Okoronkwo,Ogbo Okoronkwo,agility,80,77
Ogbo Okoronkwo,Ogbo Okoronkwo,burst,70,75
Ogbo Okoronkwo,Ogbo Okoronkwo,intelligence,88,83
Ogbo Okoronkwo,Ogbo Okoronkwo,tackle,83,78
Ogbo Okoronkwo,Ogbo Okoronkwo,manCover,0,5
Ogbo Okoronkwo,Ogbo Okoronkwo,zoneCover,0,5
Ogbo Okoronkwo,Ogbo Okoronkwo,catching,0,5
Ogbo Okoronkwo,Ogbo Okoronkwo,routeRun,0,5
Aireontae Ersery,Aireontae Ersery,teamID,Free Agent,HOU
Aireontae Ersery,Aireontae Ersery,rating,72,71
Aireontae Ersery,Aireontae Ersery,speed,81,76
Aireontae Ersery,Aireontae Ersery,power,79,84
Aireontae Ersery,Aireontae Ersery,agility,86,81
Aireontae Ersery,Aireontae Ersery,burst,84,79
Aireontae Ersery,Aireontae Ersery,intelligence,76,74
Aireontae Ersery,Aireontae Ersery,tackle,0,5
Aireontae Ersery,Aireontae Ersery,manCover,0,5
Aireontae Ersery,Aireontae Ersery,zoneCover,0,5
Aireontae Ersery,Aireontae Ersery,catching,0,5
Aireontae Ersery,Aireontae Ersery,routeRun,0,5
Rock Ya-Sin,Rock Ya-Sin,teamID,Free Agent,DET
Rock Ya-Sin,Rock Ya-Sin,rating,72,71
Rock Ya-Sin,Rock Ya-Sin,speed,79,84
Rock Ya-Sin,Rock Ya-Sin,power,75,70
Rock Ya-Sin,Rock Ya-Sin,agility,90,85
Rock Ya-Sin,Rock Ya-Sin,burst,77,82
Rock Ya-Sin,Rock Ya-Sin,intelligence,82,77
Rock Ya-Sin,Rock Ya-Sin,tackle,90,85
Rock Ya-Sin,Rock Ya-Sin,manCover,75,77
Rock Ya-Sin,Rock Ya-Sin,zoneCover,71,75
Rock Ya-Sin,Rock Ya-Sin,catching,0,5
Rock Ya-Sin,Rock Ya-Sin,routeRun,0,5
Percy Butler,Percy Butler,teamID,Free Agent,WAS
Percy Butler,Percy Butler,rating,69,70
Percy Butler,Percy Butler,speed,85,90
Percy Butler,Percy Butler,power,79,74
Percy Butler,Percy Butler,agility,84,83
Percy Butler,Percy Butler,burst,75,80
Percy Butler,Percy Butler,intelligence,73,72
Percy Butler,Percy Butler,tackle,74,69
Percy Butler,Percy Butler,manCover,88,83
Percy Butler,Percy Butler,zoneCover,77,72
Percy Butler,Percy Butler,catching,0,5
Percy Butler,Percy Butler,routeRun,0,5
Myles Harden,Myles Harden,teamID,Free Agent,CLE
Myles Harden,Myles Harden,rating,69,70
Myles Harden,Myles Harden,speed,86,89
Myles Harden,Myles Harden,power,80,75
Myles Harden,Myles Harden,agility,83,88
Myles Harden,Myles Harden,burst,71,76
Myles Harden,Myles Harden,intelligence,84,79
Myles Harden,Myles Harden,tackle,84,79
Myles Harden,Myles Harden,manCover,75,73
Myles Harden,Myles Harden,zoneCover,79,74
Myles Harden,Myles Harden,catching,0,5
Myles Harden,Myles Harden,routeRun,0,5
Sam Mustipher,Sam Mustipher,teamID,DEN,JAX
Sam Mustipher,Sam Mustipher,rating,70,69
Sam Mustipher,Sam Mustipher,speed,77,72
Sam Mustipher,Sam Mustipher,power,84,83
Sam Mustipher,Sam Mustipher,agility,80,75
Sam Mustipher,Sam Mustipher,burst,84,79
Sam Mustipher,Sam Mustipher,intelligence,68,73
Sam Mustipher,Sam Mustipher,tackle,0,5
Sam Mustipher,Sam Mustipher,manCover,0,5
Sam Mustipher,Sam Mustipher,zoneCover,0,5
Sam Mustipher,Sam Mustipher,catching,0,5
Sam Mustipher,Sam Mustipher,routeRun,0,5
Malachi Corley,Malachi Corley,teamID,Free Agent,CLE
Malachi Corley,Malachi Corley,rating,68,69
Malachi Corley,Malachi Corley,speed,73,78
Malachi Corley,Malachi Corley,power,78,73
Malachi Corley,Malachi Corley,agility,83,85
Malachi Corley,Malachi Corley,burst,75,80
Malachi Corley,Malachi Corley,intelligence,86,81
Malachi Corley,Malachi Corley,tackle,0,5
Malachi Corley,Malachi Corley,manCover,0,5
Malachi Corley,Malachi Corley,zoneCover,0,5
Malachi Corley,Malachi Corley,catching,77,82
Malachi Corley,Malachi Corley,routeRun,79,74
Tyler Goodson,Tyler Goodson,teamID,ATL,DAL
Tyler Goodson,Tyler Goodson,rating,67,68
Tyler Goodson,Tyler Goodson,speed,72,77
Tyler Goodson,Tyler Goodson,power,74,69
Tyler Goodson,Tyler Goodson,agility,81,86
Tyler Goodson,Tyler Goodson,burst,78,83
Tyler Goodson,Tyler Goodson,intelligence,86,81
Tyler Goodson,Tyler Goodson,tackle,0,5
Tyler Goodson,Tyler Goodson,manCover,0,5
Tyler Goodson,Tyler Goodson,zoneCover,0,5
Tyler Goodson,Tyler Goodson,catching,84,79
Tyler Goodson,Tyler Goodson,routeRun,85,80
Sam Franklin Jr.,Sam Franklin Jr,teamID,Free Agent,BUF
Sam Franklin Jr.,Sam Franklin Jr,rating,69,68
Sam Franklin Jr.,Sam Franklin Jr,speed,86,85
Sam Franklin Jr.,Sam Franklin Jr,power,81,76
Sam Franklin Jr.,Sam Franklin Jr,agility,82,84
Sam Franklin Jr.,Sam Franklin Jr,burst,79,84
Sam Franklin Jr.,Sam Franklin Jr,intelligence,82,77
Sam Franklin Jr.,Sam Franklin Jr,tackle,73,68
Sam Franklin Jr.,Sam Franklin Jr,manCover,83,78
Sam Franklin Jr.,Sam Franklin Jr,zoneCover,69,70
Sam Franklin Jr.,Sam Franklin Jr,catching,0,5
Sam Franklin Jr.,Sam Franklin Jr,routeRun,0,5
Josh Tupou,Josh Tupou,teamID,Free Agent,NYG
Josh Tupou,Josh Tupou,rating,68,67
Josh Tupou,Josh Tupou,speed,76,71
Josh Tupou,Josh Tupou,power,79,84
Josh Tupou,Josh Tupou,agility,76,71
Josh Tupou,Josh Tupou,burst,80,75
Josh Tupou,Josh Tupou,intelligence,72,68
Josh Tupou,Josh Tupou,tackle,87,83
Josh Tupou,Josh Tupou,manCover,0,5
Josh Tupou,Josh Tupou,zoneCover,0,5
Josh Tupou,Josh Tupou,catching,0,5
Josh Tupou,Josh Tupou,routeRun,0,5
Justin Dedich,Justin Dedich,teamID,Free Agent,LAR
Justin Dedich,Justin Dedich,rating,66,67
Justin Dedich,Justin Dedich,speed,78,73
Justin Dedich,Justin Dedich,power,72,77
Justin Dedich,Justin Dedich,agility,82,77
Justin Dedich,Justin Dedich,burst,87,82
Justin Dedich,Justin Dedich,intelligence,80,75
Justin Dedich,Justin Dedich,tackle,0,5
Justin Dedich,Justin Dedich,manCover,0,5
Justin Dedich,Justin Dedich,zoneCover,0,5
Justin Dedich,Justin Dedich,catching,0,5
Justin Dedich,Justin Dedich,routeRun,0,5
Matt Peart,Matt Peart,teamID,Free Agent,DEN
Matt Peart,Matt Peart,rating,66,67
Matt Peart,Matt Peart,power,74,79
Matt Peart,Matt Peart,agility,79,74
Matt Peart,Matt Peart,burst,74,72
Matt Peart,Matt Peart,intelligence,82,77
Matt Peart,Matt Peart,tackle,0,5
Matt Peart,Matt Peart,manCover,0,5
Matt Peart,Matt Peart,zoneCover,0,5
Matt Peart,Matt Peart,catching,0,5
Matt Peart,Matt Peart,routeRun,0,5
Nathan Thomas,Nathan Thomas,teamID,DAL,HOU
Nathan Thomas,Nathan Thomas,rating,65,66
Nathan Thomas,Nathan Thomas,speed,73,68
Nathan Thomas,Nathan Thomas,power,73,78
Nathan Thomas,Nathan Thomas,agility,75,70
Nathan Thomas,Nathan Thomas,burst,79,74
Nathan Thomas,Nathan Thomas,intelligence,82,77
Nathan Thomas,Nathan Thomas,tackle,0,5
Nathan Thomas,Nathan Thomas,manCover,0,5
Nathan Thomas,Nathan Thomas,zoneCover,0,5
Nathan Thomas,Nathan Thomas,catching,0,5
Nathan Thomas,Nathan Thomas,routeRun,0,5
Julius Wood,Julius Wood,teamID,Free Agent,MIA
Julius Wood,Julius Wood,rating,65,66
Julius Wood,Julius Wood,speed,86,88
Julius Wood,Julius Wood,power,85,80
Julius Wood,Julius Wood,agility,76,81
Julius Wood,Julius Wood,burst,81,86
Julius Wood,Julius Wood,intelligence,71,66
Julius Wood,Julius Wood,tackle,71,72
Julius Wood,Julius Wood,manCover,79,74
Julius Wood,Julius Wood,zoneCover,80,75
Julius Wood,Julius Wood,catching,0,5
Julius Wood,Julius Wood,routeRun,0,5
Michael Burton,Michael Burton,teamID,Free Agent,CLE
Michael Burton,Michael Burton,rating,65,66
Michael Burton,Michael Burton,speed,84,80
Michael Burton,Michael Burton,power,67,72
Michael Burton,Michael Burton,agility,77,74
Michael Burton,Michael Burton,burst,80,77
Michael Burton,Michael Burton,intelligence,77,72
Michael Burton,Michael Burton,tackle,0,5
Michael Burton,Michael Burton,manCover,0,5
Michael Burton,Michael Burton,zoneCover,0,5
Michael Burton,Michael Burton,catching,85,80
Michael Burton,Michael Burton,routeRun,81,76
Brenden Schooler,Brenden Schooler,teamID,Free Agent,NE
Brenden Schooler,Brenden Schooler,rating,65,66
Brenden Schooler,Brenden Schooler,speed,82,87
Brenden Schooler,Brenden Schooler,power,72,67
Brenden Schooler,Brenden Schooler,agility,73,78
Brenden Schooler,Brenden Schooler,burst,78,83
Brenden Schooler,Brenden Schooler,intelligence,82,77
Brenden Schooler,Brenden Schooler,tackle,80,75
Brenden Schooler,Brenden Schooler,manCover,75,70
Brenden Schooler,Brenden Schooler,zoneCover,82,77
Brenden Schooler,Brenden Schooler,catching,0,5
Brenden Schooler,Brenden Schooler,routeRun,0,5
Tyrus Wheat,Tyrus Wheat,teamID,Free Agent,DAL
Tyrus Wheat,Tyrus Wheat,rating,66,65
Tyrus Wheat,Tyrus Wheat,speed,77,82
Tyrus Wheat,Tyrus Wheat,power,83,78
Tyrus Wheat,Tyrus Wheat,agility,65,70
Tyrus Wheat,Tyrus Wheat,burst,80,85
Tyrus Wheat,Tyrus Wheat,intelligence,82,77
Tyrus Wheat,Tyrus Wheat,tackle,80,75
Tyrus Wheat,Tyrus Wheat,manCover,0,5
Tyrus Wheat,Tyrus Wheat,zoneCover,0,5
Tyrus Wheat,Tyrus Wheat,catching,0,5
Tyrus Wheat,Tyrus Wheat,routeRun,0,5
Myles Hinton,Myles Hinton,teamID,PHI,CIN
Myles Hinton,Myles Hinton,rating,64,65
Myles Hinton,Myles Hinton,speed,87,82
Myles Hinton,Myles Hinton,power,71,76
Myles Hinton,Myles Hinton,agility,75,70
Myles Hinton,Myles Hinton,burst,73,69
Myles Hinton,Myles Hinton,intelligence,79,74
Myles Hinton,Myles Hinton,tackle,0,5
Myles Hinton,Myles Hinton,manCover,0,5
Myles Hinton,Myles Hinton,zoneCover,0,5
Myles Hinton,Myles Hinton,catching,0,5
Myles Hinton,Myles Hinton,routeRun,0,5
Jack Heflin,Jack Heflin,teamID,Free Agent,NYJ
Jack Heflin,Jack Heflin,rating,65,64
Jack Heflin,Jack Heflin,speed,82,77
Jack Heflin,Jack Heflin,power,89,84
Jack Heflin,Jack Heflin,agility,72,67
Jack Heflin,Jack Heflin,burst,77,72
Jack Heflin,Jack Heflin,intelligence,63,67
Jack Heflin,Jack Heflin,tackle,82,77
Jack Heflin,Jack Heflin,manCover,0,5
Jack Heflin,Jack Heflin,zoneCover,0,5
Jack Heflin,Jack Heflin,catching,0,5
Jack Heflin,Jack Heflin,routeRun,0,5
Quintin Morris,Quintin Morris,teamID,Free Agent,JAX
Quintin Morris,Quintin Morris,rating,64,63
Quintin Morris,Quintin Morris,speed,77,82
Quintin Morris,Quintin Morris,power,77,72
Quintin Morris,Quintin Morris,burst,77,82
Quintin Morris,Quintin Morris,intelligence,76,71
Quintin Morris,Quintin Morris,tackle,0,5
Quintin Morris,Quintin Morris,manCover,0,5
Quintin Morris,Quintin Morris,zoneCover,0,5
Quintin Morris,Quintin Morris,catching,81,80
Quintin Morris,Quintin Morris,routeRun,81,76
Carl Jones,Carl Jones,teamID,Free Agent,BAL
Carl Jones,Carl Jones,rating,63,62
Carl Jones,Carl Jones,speed,79,84
Carl Jones,Carl Jones,power,75,70
Carl Jones,Carl Jones,agility,74,79
Carl Jones,Carl Jones,burst,75,80
Carl Jones,Carl Jones,intelligence,81,76
Carl Jones,Carl Jones,tackle,74,79
Carl Jones,Carl Jones,manCover,74,69
Carl Jones,Carl Jones,zoneCover,83,78
Carl Jones,Carl Jones,catching,0,5
Carl Jones,Carl Jones,routeRun,0,5
Joe Cardona,Joe Cardona,teamID,Free Agent,LAR
Joe Cardona,Joe Cardona,rating,61,60
Joe Cardona,Joe Cardona,speed,81,76
Joe Cardona,Joe Cardona,power,70,75
Joe Cardona,Joe Cardona,agility,74,69
Joe Cardona,Joe Cardona,burst,69,72
Joe Cardona,Joe Cardona,intelligence,70,65
Joe Cardona,Joe Cardona,tackle,0,5
Joe Cardona,Joe Cardona,manCover,0,5
Joe Cardona,Joe Cardona,zoneCover,0,5
Joe Cardona,Joe Cardona,catching,0,5
Joe Cardona,Joe Cardona,routeRun,0,5
Tucker Addington,Tucker Addington,teamID,Free Agent,MIA
Tucker Addington,Tucker Addington,rating,55,56
Tucker Addington,Tucker Addington,speed,79,74
Tucker Addington,Tucker Addington,power,64,62
Tucker Addington,Tucker Addington,agility,82,77
Tucker Addington,Tucker Addington,burst,76,71
Tucker Addington,Tucker Addington,intelligence,75,70
Tucker Addington,Tucker Addington,tackle,0,5
Tucker Addington,Tucker Addington,manCover,0,5
Tucker Addington,Tucker Addington,zoneCover,0,5
Tucker Addington,Tucker Addington,catching,0,5
Tucker Addington,Tucker Addington,routeRun,0,5
Feleipe Franks,Feleipe Franks,teamID,Free Agent,CAR
Feleipe Franks,Feleipe Franks,rating,56,55
Feleipe Franks,Feleipe Franks,speed,70,75
Feleipe Franks,Feleipe Franks,power,70,65
Feleipe Franks,Feleipe Franks,agility,66,71
Feleipe Franks,Feleipe Franks,burst,75,80
Feleipe Franks,Feleipe Franks,intelligence,67,62
Feleipe Franks,Feleipe Franks,tackle,0,5
Feleipe Franks,Feleipe Franks,manCover,0,5
Feleipe Franks,Feleipe Franks,zoneCover,0,5
Feleipe Franks,Feleipe Franks,catching,65,70
Feleipe Franks,Feleipe Franks,routeRun,75,70
Caleb Downs,Caleb Downs,teamID,Rookie,DAL
Caleb Downs,Caleb Downs,rating,84,82
Caleb Downs,Caleb Downs,speed,85,89
Caleb Downs,Caleb Downs,power,71,73
Caleb Downs,Caleb Downs,agility,83,88
Caleb Downs,Caleb Downs,burst,81,86
Caleb Downs,Caleb Downs,intelligence,74,79
Caleb Downs,Caleb Downs,tackle,90,85
Caleb Downs,Caleb Downs,manCover,83,78
Caleb Downs,Caleb Downs,zoneCover,86,81
Caleb Downs,Caleb Downs,catching,0,5
Caleb Downs,Caleb Downs,routeRun,0,5
Aaron Rodgers,Aaron Rodgers,teamID,Free Agent,PIT
Aaron Rodgers,Aaron Rodgers,rating,77,79
Aaron Rodgers,Aaron Rodgers,speed,72,77
Aaron Rodgers,Aaron Rodgers,power,90,85
Aaron Rodgers,Aaron Rodgers,agility,80,75
Aaron Rodgers,Aaron Rodgers,intelligence,95,90
Aaron Rodgers,Aaron Rodgers,tackle,0,5
Aaron Rodgers,Aaron Rodgers,manCover,0,5
Aaron Rodgers,Aaron Rodgers,zoneCover,0,5
Aaron Rodgers,Aaron Rodgers,catching,0,5
Aaron Rodgers,Aaron Rodgers,routeRun,0,5
Keldric Faulk,Keldric Faulk,teamID,Rookie,TEN
Keldric Faulk,Keldric Faulk,rating,80,78
Keldric Faulk,Keldric Faulk,speed,92,87
Keldric Faulk,Keldric Faulk,power,85,84
Keldric Faulk,Keldric Faulk,agility,82,77
Keldric Faulk,Keldric Faulk,burst,84,82
Keldric Faulk,Keldric Faulk,intelligence,77,73
Keldric Faulk,Keldric Faulk,tackle,65,70
Keldric Faulk,Keldric Faulk,manCover,0,5
Keldric Faulk,Keldric Faulk,zoneCover,0,5
Keldric Faulk,Keldric Faulk,catching,0,5
Keldric Faulk,Keldric Faulk,routeRun,0,5
Mitch Wishnowsky,Mitch Wishnowsky,teamID,BUF,NE
Mitch Wishnowsky,Mitch Wishnowsky,rating,74,76
Mitch Wishnowsky,Mitch Wishnowsky,speed,77,82
Mitch Wishnowsky,Mitch Wishnowsky,power,86,81
Mitch Wishnowsky,Mitch Wishnowsky,agility,72,70
Mitch Wishnowsky,Mitch Wishnowsky,burst,91,86
Mitch Wishnowsky,Mitch Wishnowsky,intelligence,70,65
Mitch Wishnowsky,Mitch Wishnowsky,tackle,0,5
Mitch Wishnowsky,Mitch Wishnowsky,manCover,0,5
Mitch Wishnowsky,Mitch Wishnowsky,zoneCover,0,5
Mitch Wishnowsky,Mitch Wishnowsky,catching,0,5
Mitch Wishnowsky,Mitch Wishnowsky,routeRun,0,5
Dante Fowler Jr.,Dante Fowler Jr,teamID,Free Agent,SEA
Dante Fowler Jr.,Dante Fowler Jr,rating,73,75
Dante Fowler Jr.,Dante Fowler Jr,speed,90,85
Dante Fowler Jr.,Dante Fowler Jr,power,72,73
Dante Fowler Jr.,Dante Fowler Jr,agility,71,76
Dante Fowler Jr.,Dante Fowler Jr,burst,85,84
Dante Fowler Jr.,Dante Fowler Jr,intelligence,87,82
Dante Fowler Jr.,Dante Fowler Jr,tackle,83,78
Dante Fowler Jr.,Dante Fowler Jr,manCover,0,5
Dante Fowler Jr.,Dante Fowler Jr,zoneCover,0,5
Dante Fowler Jr.,Dante Fowler Jr,catching,0,5
Dante Fowler Jr.,Dante Fowler Jr,routeRun,0,5
Jaylon Jones,Jaylon Jones,teamID,IND,TEN
Jaylon Jones,Jaylon Jones,rating,71,73
Jaylon Jones,Jaylon Jones,speed,77,82
Jaylon Jones,Jaylon Jones,power,71,66
Jaylon Jones,Jaylon Jones,agility,91,87
Jaylon Jones,Jaylon Jones,burst,83,88
Jaylon Jones,Jaylon Jones,intelligence,74,75
Jaylon Jones,Jaylon Jones,tackle,84,79
Jaylon Jones,Jaylon Jones,manCover,80,75
Jaylon Jones,Jaylon Jones,zoneCover,80,75
Jaylon Jones,Jaylon Jones,catching,0,5
Jaylon Jones,Jaylon Jones,routeRun,0,5
Daniel Faalele,Daniel Faalele,teamID,NYG,JAX
Daniel Faalele,Daniel Faalele,rating,70,72
Daniel Faalele,Daniel Faalele,speed,82,77
Daniel Faalele,Daniel Faalele,power,87,90
Daniel Faalele,Daniel Faalele,agility,75,70
Daniel Faalele,Daniel Faalele,burst,87,82
Daniel Faalele,Daniel Faalele,intelligence,63,68
Daniel Faalele,Daniel Faalele,tackle,0,5
Daniel Faalele,Daniel Faalele,manCover,0,5
Daniel Faalele,Daniel Faalele,zoneCover,0,5
Daniel Faalele,Daniel Faalele,catching,0,5
Daniel Faalele,Daniel Faalele,routeRun,0,5
Casey Kreiter,Casey Kreiter,teamID,Free Agent,ARI
Casey Kreiter,Casey Kreiter,rating,68,70
Casey Kreiter,Casey Kreiter,speed,70,71
Casey Kreiter,Casey Kreiter,power,82,77
Casey Kreiter,Casey Kreiter,agility,79,74
Casey Kreiter,Casey Kreiter,burst,79,74
Casey Kreiter,Casey Kreiter,intelligence,77,72
Casey Kreiter,Casey Kreiter,tackle,0,5
Casey Kreiter,Casey Kreiter,manCover,0,5
Casey Kreiter,Casey Kreiter,zoneCover,0,5
Casey Kreiter,Casey Kreiter,catching,0,5
Casey Kreiter,Casey Kreiter,routeRun,0,5
Robert Longerbeam,Robert Longerbeam,teamID,BAL,ATL
Robert Longerbeam,Robert Longerbeam,rating,67,69
Robert Longerbeam,Robert Longerbeam,speed,86,91
Robert Longerbeam,Robert Longerbeam,power,79,74
Robert Longerbeam,Robert Longerbeam,burst,84,89
Robert Longerbeam,Robert Longerbeam,intelligence,84,79
Robert Longerbeam,Robert Longerbeam,tackle,71,66
Robert Longerbeam,Robert Longerbeam,manCover,82,77
Robert Longerbeam,Robert Longerbeam,zoneCover,80,75
Robert Longerbeam,Robert Longerbeam,catching,0,5
Robert Longerbeam,Robert Longerbeam,routeRun,0,5
Tyrod Taylor,Tyrod Taylor,teamID,NYJ,GB
Tyrod Taylor,Tyrod Taylor,rating,67,69
Tyrod Taylor,Tyrod Taylor,speed,67,72
Tyrod Taylor,Tyrod Taylor,power,85,80
Tyrod Taylor,Tyrod Taylor,agility,80,85
Tyrod Taylor,Tyrod Taylor,burst,81,85
Tyrod Taylor,Tyrod Taylor,intelligence,81,76
Tyrod Taylor,Tyrod Taylor,tackle,0,5
Tyrod Taylor,Tyrod Taylor,manCover,0,5
Tyrod Taylor,Tyrod Taylor,zoneCover,0,5
Tyrod Taylor,Tyrod Taylor,catching,0,5
Tyrod Taylor,Tyrod Taylor,routeRun,0,5
Jaylin Simpson,Jaylin Simpson,teamID,GB,MIA
Jaylin Simpson,Jaylin Simpson,rating,66,68
Jaylin Simpson,Jaylin Simpson,speed,83,88
Jaylin Simpson,Jaylin Simpson,power,80,75
Jaylin Simpson,Jaylin Simpson,agility,75,80
Jaylin Simpson,Jaylin Simpson,burst,65,70
Jaylin Simpson,Jaylin Simpson,intelligence,76,71
Jaylin Simpson,Jaylin Simpson,tackle,75,70
Jaylin Simpson,Jaylin Simpson,manCover,88,83
Jaylin Simpson,Jaylin Simpson,zoneCover,78,73
Jaylin Simpson,Jaylin Simpson,catching,0,5
Jaylin Simpson,Jaylin Simpson,routeRun,0,5
Joshua Dobbs,Joshua Dobbs,teamID,NE,DET
Joshua Dobbs,Joshua Dobbs,rating,70,68
Joshua Dobbs,Joshua Dobbs,speed,89,87
Joshua Dobbs,Joshua Dobbs,power,86,81
Joshua Dobbs,Joshua Dobbs,agility,68,73
Joshua Dobbs,Joshua Dobbs,burst,70,75
Joshua Dobbs,Joshua Dobbs,intelligence,87,82
Joshua Dobbs,Joshua Dobbs,tackle,0,5
Joshua Dobbs,Joshua Dobbs,manCover,0,5
Joshua Dobbs,Joshua Dobbs,zoneCover,0,5
Joshua Dobbs,Joshua Dobbs,catching,0,5
Joshua Dobbs,Joshua Dobbs,routeRun,0,5
Jamree Kromah,Jamree Kromah,teamID,Free Agent,CHI
Jamree Kromah,Jamree Kromah,rating,69,67
Jamree Kromah,Jamree Kromah,speed,78,79
Jamree Kromah,Jamree Kromah,power,84,82
Jamree Kromah,Jamree Kromah,agility,81,76
Jamree Kromah,Jamree Kromah,burst,73,78
Jamree Kromah,Jamree Kromah,intelligence,83,78
Jamree Kromah,Jamree Kromah,tackle,83,78
Jamree Kromah,Jamree Kromah,manCover,0,5
Jamree Kromah,Jamree Kromah,zoneCover,0,5
Jamree Kromah,Jamree Kromah,catching,0,5
Jamree Kromah,Jamree Kromah,routeRun,0,5
Miles Killebrew,Miles Killebrew,teamID,Free Agent,TB
Miles Killebrew,Miles Killebrew,rating,65,67
Miles Killebrew,Miles Killebrew,speed,75,80
Miles Killebrew,Miles Killebrew,power,82,77
Miles Killebrew,Miles Killebrew,agility,75,80
Miles Killebrew,Miles Killebrew,burst,75,80
Miles Killebrew,Miles Killebrew,intelligence,76,71
Miles Killebrew,Miles Killebrew,tackle,88,83
Miles Killebrew,Miles Killebrew,manCover,69,64
Miles Killebrew,Miles Killebrew,zoneCover,73,68
Miles Killebrew,Miles Killebrew,catching,0,5
Miles Killebrew,Miles Killebrew,routeRun,0,5
Dallis Flowers,Dallis Flowers,teamID,Free Agent,CHI
Dallis Flowers,Dallis Flowers,rating,68,66
Dallis Flowers,Dallis Flowers,speed,71,76
Dallis Flowers,Dallis Flowers,power,83,78
Dallis Flowers,Dallis Flowers,agility,80,83
Dallis Flowers,Dallis Flowers,burst,85,90
Dallis Flowers,Dallis Flowers,intelligence,85,80
Dallis Flowers,Dallis Flowers,tackle,77,72
Dallis Flowers,Dallis Flowers,manCover,77,72
Dallis Flowers,Dallis Flowers,catching,0,5
Dallis Flowers,Dallis Flowers,routeRun,0,5
Ryan Miller,Ryan Miller,teamID,Free Agent,MIA
Ryan Miller,Ryan Miller,rating,68,66
Ryan Miller,Ryan Miller,speed,77,82
Ryan Miller,Ryan Miller,power,71,66
Ryan Miller,Ryan Miller,agility,91,89
Ryan Miller,Ryan Miller,intelligence,80,75
Ryan Miller,Ryan Miller,tackle,0,5
Ryan Miller,Ryan Miller,manCover,0,5
Ryan Miller,Ryan Miller,zoneCover,0,5
Ryan Miller,Ryan Miller,catching,73,78
Ryan Miller,Ryan Miller,routeRun,79,74
Dareke Young,Dareke Young,teamID,Free Agent,LV
Dareke Young,Dareke Young,rating,64,66
Dareke Young,Dareke Young,speed,68,73
Dareke Young,Dareke Young,power,76,71
Dareke Young,Dareke Young,agility,75,80
Dareke Young,Dareke Young,burst,73,78
Dareke Young,Dareke Young,intelligence,86,81
Dareke Young,Dareke Young,tackle,0,5
Dareke Young,Dareke Young,manCover,0,5
Dareke Young,Dareke Young,zoneCover,0,5
Dareke Young,Dareke Young,catching,80,78
Dareke Young,Dareke Young,routeRun,72,67
Jacob Saylors,Jacob Saylors,teamID,Free Agent,DET
Jacob Saylors,Jacob Saylors,rating,64,66
Jacob Saylors,Jacob Saylors,speed,87,88
Jacob Saylors,Jacob Saylors,agility,76,77
Jacob Saylors,Jacob Saylors,burst,69,74
Jacob Saylors,Jacob Saylors,intelligence,69,73
Jacob Saylors,Jacob Saylors,tackle,0,5
Jacob Saylors,Jacob Saylors,manCover,0,5
Jacob Saylors,Jacob Saylors,zoneCover,0,5
Jacob Saylors,Jacob Saylors,catching,69,67
Jacob Saylors,Jacob Saylors,routeRun,85,80
Leonard Taylor III,Leonard Taylor III,teamID,Free Agent,NE
Leonard Taylor III,Leonard Taylor III,rating,67,65
Leonard Taylor III,Leonard Taylor III,speed,76,71
Leonard Taylor III,Leonard Taylor III,power,73,78
Leonard Taylor III,Leonard Taylor III,agility,68,63
Leonard Taylor III,Leonard Taylor III,burst,89,84
Leonard Taylor III,Leonard Taylor III,intelligence,75,70
Leonard Taylor III,Leonard Taylor III,tackle,86,81
Leonard Taylor III,Leonard Taylor III,manCover,0,5
Leonard Taylor III,Leonard Taylor III,zoneCover,0,5
Leonard Taylor III,Leonard Taylor III,catching,0,5
Leonard Taylor III,Leonard Taylor III,routeRun,0,5
Ben Brown,Ben Brown,teamID,Free Agent,NE
Ben Brown,Ben Brown,rating,67,65
Ben Brown,Ben Brown,speed,92,87
Ben Brown,Ben Brown,power,74,79
Ben Brown,Ben Brown,agility,93,88
Ben Brown,Ben Brown,burst,78,73
Ben Brown,Ben Brown,intelligence,72,75
Ben Brown,Ben Brown,tackle,0,5
Ben Brown,Ben Brown,manCover,0,5
Ben Brown,Ben Brown,zoneCover,0,5
Ben Brown,Ben Brown,catching,0,5
Ben Brown,Ben Brown,routeRun,0,5
Brady Russell,Brady Russell,teamID,Free Agent,SEA
Brady Russell,Brady Russell,rating,67,65
Brady Russell,Brady Russell,speed,87,82
Brady Russell,Brady Russell,power,84,79
Brady Russell,Brady Russell,agility,77,75
Brady Russell,Brady Russell,burst,79,83
Brady Russell,Brady Russell,intelligence,70,65
Brady Russell,Brady Russell,tackle,0,5
Brady Russell,Brady Russell,manCover,0,5
Brady Russell,Brady Russell,zoneCover,0,5
Brady Russell,Brady Russell,catching,73,75
Brady Russell,Brady Russell,routeRun,80,75
Naquan Jones,Naquan Jones,teamID,Free Agent,SF
Naquan Jones,Naquan Jones,rating,63,65
Naquan Jones,Naquan Jones,power,79,82
Naquan Jones,Naquan Jones,agility,74,69
Naquan Jones,Naquan Jones,burst,72,67
Naquan Jones,Naquan Jones,intelligence,79,74
Naquan Jones,Naquan Jones,tackle,70,75
Naquan Jones,Naquan Jones,manCover,0,5
Naquan Jones,Naquan Jones,zoneCover,0,5
Naquan Jones,Naquan Jones,catching,0,5
Naquan Jones,Naquan Jones,routeRun,0,5
Mitchell Trubisky,Mitchell Trubisky,teamID,Free Agent,TEN
Mitchell Trubisky,Mitchell Trubisky,rating,63,65
Mitchell Trubisky,Mitchell Trubisky,speed,76,81
Mitchell Trubisky,Mitchell Trubisky,power,80,75
Mitchell Trubisky,Mitchell Trubisky,agility,82,86
Mitchell Trubisky,Mitchell Trubisky,burst,73,78
Mitchell Trubisky,Mitchell Trubisky,intelligence,73,68
Mitchell Trubisky,Mitchell Trubisky,tackle,0,5
Mitchell Trubisky,Mitchell Trubisky,manCover,0,5
Mitchell Trubisky,Mitchell Trubisky,zoneCover,0,5
Mitchell Trubisky,Mitchell Trubisky,catching,0,5
Mitchell Trubisky,Mitchell Trubisky,routeRun,0,5
Dylan McMahon,Dylan McMahon,teamID,Free Agent,LAR
Dylan McMahon,Dylan McMahon,rating,62,64
Dylan McMahon,Dylan McMahon,speed,72,69
Dylan McMahon,Dylan McMahon,power,71,76
Dylan McMahon,Dylan McMahon,agility,88,83
Dylan McMahon,Dylan McMahon,burst,69,74
Dylan McMahon,Dylan McMahon,intelligence,81,76
Dylan McMahon,Dylan McMahon,tackle,0,5
Dylan McMahon,Dylan McMahon,manCover,0,5
Dylan McMahon,Dylan McMahon,zoneCover,0,5
Dylan McMahon,Dylan McMahon,catching,0,5
Dylan McMahon,Dylan McMahon,routeRun,0,5
Kevin Knowles,Kevin Knowles,teamID,KC,TB
Kevin Knowles,Kevin Knowles,rating,62,64
Kevin Knowles,Kevin Knowles,speed,69,74
Kevin Knowles,Kevin Knowles,power,77,72
Kevin Knowles,Kevin Knowles,agility,79,82
Kevin Knowles,Kevin Knowles,burst,64,69
Kevin Knowles,Kevin Knowles,intelligence,74,69
Kevin Knowles,Kevin Knowles,tackle,69,64
Kevin Knowles,Kevin Knowles,manCover,78,73
Kevin Knowles,Kevin Knowles,zoneCover,81,76
Kevin Knowles,Kevin Knowles,catching,0,5
Kevin Knowles,Kevin Knowles,routeRun,0,5
Joey Blount,Joey Blount,teamID,Free Agent,ARI
Joey Blount,Joey Blount,rating,65,63
Joey Blount,Joey Blount,speed,71,76
Joey Blount,Joey Blount,power,77,72
Joey Blount,Joey Blount,agility,71,76
Joey Blount,Joey Blount,burst,74,79
Joey Blount,Joey Blount,intelligence,86,81
Joey Blount,Joey Blount,tackle,74,69
Joey Blount,Joey Blount,manCover,77,72
Joey Blount,Joey Blount,zoneCover,87,82
Joey Blount,Joey Blount,catching,0,5
Joey Blount,Joey Blount,routeRun,0,5
Quinn Ewers,Quinn Ewers,teamID,Free Agent,JAX
Quinn Ewers,Quinn Ewers,rating,65,63
Quinn Ewers,Quinn Ewers,speed,70,75
Quinn Ewers,Quinn Ewers,power,69,66
Quinn Ewers,Quinn Ewers,agility,85,80
Quinn Ewers,Quinn Ewers,burst,91,86
Quinn Ewers,Quinn Ewers,intelligence,68,65
Quinn Ewers,Quinn Ewers,tackle,0,5
Quinn Ewers,Quinn Ewers,manCover,0,5
Quinn Ewers,Quinn Ewers,zoneCover,0,5
Quinn Ewers,Quinn Ewers,catching,0,5
Quinn Ewers,Quinn Ewers,routeRun,0,5
Nick Muse,Nick Muse,teamID,Free Agent,ATL
Nick Muse,Nick Muse,rating,64,62
Nick Muse,Nick Muse,speed,70,75
Nick Muse,Nick Muse,power,72,77
Nick Muse,Nick Muse,agility,86,81
Nick Muse,Nick Muse,burst,77,82
Nick Muse,Nick Muse,intelligence,82,77
Nick Muse,Nick Muse,tackle,0,5
Nick Muse,Nick Muse,manCover,0,5
Nick Muse,Nick Muse,zoneCover,0,5
Nick Muse,Nick Muse,catching,86,81
Nick Muse,Nick Muse,routeRun,72,67
Cooper Rush,Cooper Rush,teamID,Free Agent,ATL
Cooper Rush,Cooper Rush,rating,64,62
Cooper Rush,Cooper Rush,speed,86,81
Cooper Rush,Cooper Rush,power,66,62
Cooper Rush,Cooper Rush,agility,82,77
Cooper Rush,Cooper Rush,burst,71,74
Cooper Rush,Cooper Rush,intelligence,78,73
Cooper Rush,Cooper Rush,tackle,0,5
Cooper Rush,Cooper Rush,manCover,0,5
Cooper Rush,Cooper Rush,zoneCover,0,5
Cooper Rush,Cooper Rush,catching,0,5
Cooper Rush,Cooper Rush,routeRun,0,5
Cameron Jordan,Cameron Jordan,teamID,Free Agent,NO
Cameron Jordan,Cameron Jordan,rating,76,79
Cameron Jordan,Cameron Jordan,speed,85,80
Cameron Jordan,Cameron Jordan,power,84,87
Cameron Jordan,Cameron Jordan,agility,89,84
Cameron Jordan,Cameron Jordan,burst,90,85
Cameron Jordan,Cameron Jordan,intelligence,88,85
Cameron Jordan,Cameron Jordan,tackle,73,78
Cameron Jordan,Cameron Jordan,manCover,0,5
Cameron Jordan,Cameron Jordan,zoneCover,0,5
Cameron Jordan,Cameron Jordan,catching,0,5
Cameron Jordan,Cameron Jordan,routeRun,0,5
Arvell Reese,Arvell Reese,teamID,Rookie,NYG
Arvell Reese,Arvell Reese,rating,82,79
Arvell Reese,Arvell Reese,speed,83,88
Arvell Reese,Arvell Reese,power,85,80
Arvell Reese,Arvell Reese,agility,87,85
Arvell Reese,Arvell Reese,burst,79,84
Arvell Reese,Arvell Reese,tackle,77,82
Arvell Reese,Arvell Reese,manCover,66,61
Arvell Reese,Arvell Reese,zoneCover,82,77
Arvell Reese,Arvell Reese,catching,0,5
Arvell Reese,Arvell Reese,routeRun,0,5
Jarran Reed,Jarran Reed,teamID,Free Agent,SEA
Jarran Reed,Jarran Reed,rating,75,78
Jarran Reed,Jarran Reed,speed,86,81
Jarran Reed,Jarran Reed,power,80,85
Jarran Reed,Jarran Reed,agility,75,70
Jarran Reed,Jarran Reed,burst,87,82
Jarran Reed,Jarran Reed,intelligence,78,83
Jarran Reed,Jarran Reed,tackle,85,88
Jarran Reed,Jarran Reed,manCover,0,5
Jarran Reed,Jarran Reed,zoneCover,0,5
Jarran Reed,Jarran Reed,catching,0,5
Jarran Reed,Jarran Reed,routeRun,0,5
Darius Slayton,Darius Slayton,teamID,NYG,IND
Darius Slayton,Darius Slayton,rating,75,78
Darius Slayton,Darius Slayton,speed,83,88
Darius Slayton,Darius Slayton,power,81,76
Darius Slayton,Darius Slayton,agility,85,84
Darius Slayton,Darius Slayton,burst,86,91
Darius Slayton,Darius Slayton,intelligence,81,85
Darius Slayton,Darius Slayton,tackle,0,5
Darius Slayton,Darius Slayton,manCover,0,5
Darius Slayton,Darius Slayton,zoneCover,0,5
Darius Slayton,Darius Slayton,catching,86,81
Darius Slayton,Darius Slayton,routeRun,86,81
Clark Phillips III,Clark Phillips III,teamID,ATL,CHI
Clark Phillips III,Clark Phillips III,rating,78,75
Clark Phillips III,Clark Phillips III,speed,72,77
Clark Phillips III,Clark Phillips III,power,72,67
Clark Phillips III,Clark Phillips III,agility,81,86
Clark Phillips III,Clark Phillips III,burst,72,77
Clark Phillips III,Clark Phillips III,intelligence,82,77
Clark Phillips III,Clark Phillips III,tackle,89,84
Clark Phillips III,Clark Phillips III,manCover,75,78
Clark Phillips III,Clark Phillips III,zoneCover,82,77
Clark Phillips III,Clark Phillips III,catching,0,5
Clark Phillips III,Clark Phillips III,routeRun,0,5
Ty Okada,Ty Okada,teamID,Free Agent,SEA
Ty Okada,Ty Okada,rating,72,75
Ty Okada,Ty Okada,speed,89,90
Ty Okada,Ty Okada,power,83,78
Ty Okada,Ty Okada,agility,69,74
Ty Okada,Ty Okada,burst,80,85
Ty Okada,Ty Okada,intelligence,84,79
Ty Okada,Ty Okada,tackle,82,77
Ty Okada,Ty Okada,manCover,83,78
Ty Okada,Ty Okada,zoneCover,83,78
Ty Okada,Ty Okada,catching,0,5
Ty Okada,Ty Okada,routeRun,0,5
Spencer Shrader,Spencer Shrader,teamID,Free Agent,IND
Spencer Shrader,Spencer Shrader,rating,77,74
Spencer Shrader,Spencer Shrader,speed,84,79
Spencer Shrader,Spencer Shrader,power,74,69
Spencer Shrader,Spencer Shrader,agility,84,79
Spencer Shrader,Spencer Shrader,burst,85,80
Spencer Shrader,Spencer Shrader,intelligence,87,82
Spencer Shrader,Spencer Shrader,tackle,0,5
Spencer Shrader,Spencer Shrader,manCover,0,5
Spencer Shrader,Spencer Shrader,zoneCover,0,5
Spencer Shrader,Spencer Shrader,catching,0,5
Spencer Shrader,Spencer Shrader,routeRun,0,5
Greg Gaines,Greg Gaines,teamID,Free Agent,BUF
Greg Gaines,Greg Gaines,rating,70,73
Greg Gaines,Greg Gaines,speed,75,70
Greg Gaines,Greg Gaines,power,81,86
Greg Gaines,Greg Gaines,agility,76,71
Greg Gaines,Greg Gaines,burst,81,76
Greg Gaines,Greg Gaines,intelligence,75,80
Greg Gaines,Greg Gaines,tackle,71,76
Greg Gaines,Greg Gaines,manCover,0,5
Greg Gaines,Greg Gaines,zoneCover,0,5
Greg Gaines,Greg Gaines,catching,0,5
Greg Gaines,Greg Gaines,routeRun,0,5
Jaishawn Barham,Jaishawn Barham,teamID,Rookie,DAL
Jaishawn Barham,Jaishawn Barham,rating,76,73
Jaishawn Barham,Jaishawn Barham,speed,80,85
Jaishawn Barham,Jaishawn Barham,power,92,87
Jaishawn Barham,Jaishawn Barham,agility,70,75
Jaishawn Barham,Jaishawn Barham,burst,71,76
Jaishawn Barham,Jaishawn Barham,intelligence,68,66
Jaishawn Barham,Jaishawn Barham,tackle,66,71
Jaishawn Barham,Jaishawn Barham,manCover,0,5
Jaishawn Barham,Jaishawn Barham,zoneCover,0,5
Jaishawn Barham,Jaishawn Barham,catching,0,5
Jaishawn Barham,Jaishawn Barham,routeRun,0,5
Darrick Forrest,Darrick Forrest,teamID,Free Agent,SF
Darrick Forrest,Darrick Forrest,rating,74,71
Darrick Forrest,Darrick Forrest,speed,79,84
Darrick Forrest,Darrick Forrest,power,86,81
Darrick Forrest,Darrick Forrest,agility,80,85
Darrick Forrest,Darrick Forrest,burst,82,87
Darrick Forrest,Darrick Forrest,intelligence,75,70
Darrick Forrest,Darrick Forrest,tackle,83,78
Darrick Forrest,Darrick Forrest,manCover,88,83
Darrick Forrest,Darrick Forrest,zoneCover,88,83
Darrick Forrest,Darrick Forrest,catching,0,5
Darrick Forrest,Darrick Forrest,routeRun,0,5
Ja'Sir Taylor,Ja'Sir Taylor,teamID,Free Agent,CIN
Ja'Sir Taylor,Ja'Sir Taylor,rating,68,71
Ja'Sir Taylor,Ja'Sir Taylor,speed,91,92
Ja'Sir Taylor,Ja'Sir Taylor,power,80,75
Ja'Sir Taylor,Ja'Sir Taylor,agility,74,79
Ja'Sir Taylor,Ja'Sir Taylor,burst,75,80
Ja'Sir Taylor,Ja'Sir Taylor,tackle,80,75
Ja'Sir Taylor,Ja'Sir Taylor,manCover,76,71
Ja'Sir Taylor,Ja'Sir Taylor,zoneCover,81,76
Ja'Sir Taylor,Ja'Sir Taylor,catching,0,5
Ja'Sir Taylor,Ja'Sir Taylor,routeRun,0,5
Broderick Jones,Broderick Jones,teamID,PIT,DAL
Broderick Jones,Broderick Jones,rating,74,71
Broderick Jones,Broderick Jones,speed,74,73
Broderick Jones,Broderick Jones,power,76,81
Broderick Jones,Broderick Jones,agility,83,78
Broderick Jones,Broderick Jones,burst,72,77
Broderick Jones,Broderick Jones,intelligence,81,76
Broderick Jones,Broderick Jones,tackle,0,5
Broderick Jones,Broderick Jones,manCover,0,5
Broderick Jones,Broderick Jones,zoneCover,0,5
Broderick Jones,Broderick Jones,catching,0,5
Broderick Jones,Broderick Jones,routeRun,0,5
Cameron Thomas,Cameron Thomas,teamID,Free Agent,ATL
Cameron Thomas,Cameron Thomas,rating,73,70
Cameron Thomas,Cameron Thomas,speed,82,78
Cameron Thomas,Cameron Thomas,agility,83,82
Cameron Thomas,Cameron Thomas,burst,84,83
Cameron Thomas,Cameron Thomas,intelligence,85,80
Cameron Thomas,Cameron Thomas,tackle,79,83
Cameron Thomas,Cameron Thomas,manCover,0,5
Cameron Thomas,Cameron Thomas,zoneCover,0,5
Cameron Thomas,Cameron Thomas,catching,0,5
Cameron Thomas,Cameron Thomas,routeRun,0,5
Nick Moore,Nick Moore,teamID,Free Agent,BAL
Nick Moore,Nick Moore,rating,67,70
Nick Moore,Nick Moore,speed,78,73
Nick Moore,Nick Moore,power,76,71
Nick Moore,Nick Moore,burst,78,73
Nick Moore,Nick Moore,intelligence,84,79
Nick Moore,Nick Moore,tackle,0,5
Nick Moore,Nick Moore,manCover,0,5
Nick Moore,Nick Moore,zoneCover,0,5
Nick Moore,Nick Moore,catching,0,5
Nick Moore,Nick Moore,routeRun,0,5
Jaden Crumedy,Jaden Crumedy,teamID,GB,HOU
Jaden Crumedy,Jaden Crumedy,rating,73,70
Jaden Crumedy,Jaden Crumedy,speed,72,73
Jaden Crumedy,Jaden Crumedy,power,89,84
Jaden Crumedy,Jaden Crumedy,agility,68,63
Jaden Crumedy,Jaden Crumedy,burst,83,81
Jaden Crumedy,Jaden Crumedy,intelligence,82,77
Jaden Crumedy,Jaden Crumedy,tackle,68,73
Jaden Crumedy,Jaden Crumedy,manCover,0,5
Jaden Crumedy,Jaden Crumedy,zoneCover,0,5
Jaden Crumedy,Jaden Crumedy,catching,0,5
Jaden Crumedy,Jaden Crumedy,routeRun,0,5
Emari Demercado,Emari Demercado,teamID,KC,DAL
Emari Demercado,Emari Demercado,rating,73,70
Emari Demercado,Emari Demercado,speed,78,83
Emari Demercado,Emari Demercado,power,83,78
Emari Demercado,Emari Demercado,agility,80,83
Emari Demercado,Emari Demercado,burst,80,85
Emari Demercado,Emari Demercado,intelligence,74,70
Emari Demercado,Emari Demercado,tackle,0,5
Emari Demercado,Emari Demercado,manCover,0,5
Emari Demercado,Emari Demercado,zoneCover,0,5
Emari Demercado,Emari Demercado,catching,79,74
Emari Demercado,Emari Demercado,routeRun,77,72
Grant Calcaterra,Grant Calcaterra,teamID,Free Agent,PHI
Grant Calcaterra,Grant Calcaterra,rating,66,69
Grant Calcaterra,Grant Calcaterra,speed,76,81
Grant Calcaterra,Grant Calcaterra,power,80,75
Grant Calcaterra,Grant Calcaterra,agility,78,79
Grant Calcaterra,Grant Calcaterra,burst,84,89
Grant Calcaterra,Grant Calcaterra,intelligence,75,73
Grant Calcaterra,Grant Calcaterra,tackle,0,5
Grant Calcaterra,Grant Calcaterra,manCover,0,5
Grant Calcaterra,Grant Calcaterra,zoneCover,0,5
Grant Calcaterra,Grant Calcaterra,catching,87,83
Grant Calcaterra,Grant Calcaterra,routeRun,68,64
Darrell Luter Jr.,Darrell Luter Jr,teamID,SF,LV
Darrell Luter Jr.,Darrell Luter Jr,rating,66,69
Darrell Luter Jr.,Darrell Luter Jr,speed,67,72
Darrell Luter Jr.,Darrell Luter Jr,power,71,66
Darrell Luter Jr.,Darrell Luter Jr,agility,77,82
Darrell Luter Jr.,Darrell Luter Jr,burst,70,75
Darrell Luter Jr.,Darrell Luter Jr,intelligence,72,67
Darrell Luter Jr.,Darrell Luter Jr,tackle,89,84
Darrell Luter Jr.,Darrell Luter Jr,manCover,79,74
Darrell Luter Jr.,Darrell Luter Jr,zoneCover,89,84
Darrell Luter Jr.,Darrell Luter Jr,catching,0,5
Darrell Luter Jr.,Darrell Luter Jr,routeRun,0,5
Drew Sample,Drew Sample,teamID,Free Agent,CIN
Drew Sample,Drew Sample,rating,65,68
Drew Sample,Drew Sample,speed,79,81
Drew Sample,Drew Sample,power,81,76
Drew Sample,Drew Sample,agility,83,78
Drew Sample,Drew Sample,burst,82,83
Drew Sample,Drew Sample,intelligence,80,75
Drew Sample,Drew Sample,tackle,0,5
Drew Sample,Drew Sample,manCover,0,5
Drew Sample,Drew Sample,zoneCover,0,5
Drew Sample,Drew Sample,catching,75,77
Drew Sample,Drew Sample,routeRun,73,68
Marcus Mbow,Marcus Mbow,teamID,Free Agent,NYG
Marcus Mbow,Marcus Mbow,rating,64,67
Marcus Mbow,Marcus Mbow,speed,76,71
Marcus Mbow,Marcus Mbow,power,67,72
Marcus Mbow,Marcus Mbow,agility,84,79
Marcus Mbow,Marcus Mbow,burst,74,73
Marcus Mbow,Marcus Mbow,intelligence,84,79
Marcus Mbow,Marcus Mbow,tackle,0,5
Marcus Mbow,Marcus Mbow,manCover,0,5
Marcus Mbow,Marcus Mbow,zoneCover,0,5
Marcus Mbow,Marcus Mbow,catching,0,5
Marcus Mbow,Marcus Mbow,routeRun,0,5
Beaux Collins,Beaux Collins,teamID,Free Agent,ATL
Beaux Collins,Beaux Collins,rating,64,67
Beaux Collins,Beaux Collins,speed,86,88
Beaux Collins,Beaux Collins,power,75,73
Beaux Collins,Beaux Collins,agility,66,71
Beaux Collins,Beaux Collins,burst,70,75
Beaux Collins,Beaux Collins,intelligence,85,80
Beaux Collins,Beaux Collins,tackle,0,5
Beaux Collins,Beaux Collins,manCover,0,5
Beaux Collins,Beaux Collins,zoneCover,0,5
Beaux Collins,Beaux Collins,catching,80,78
Beaux Collins,Beaux Collins,routeRun,72,73
Robert Tonyan,Robert Tonyan,teamID,Free Agent,PIT
Robert Tonyan,Robert Tonyan,rating,70,67
Robert Tonyan,Robert Tonyan,speed,81,85
Robert Tonyan,Robert Tonyan,power,80,75
Robert Tonyan,Robert Tonyan,agility,69,74
Robert Tonyan,Robert Tonyan,burst,86,87
Robert Tonyan,Robert Tonyan,intelligence,83,78
Robert Tonyan,Robert Tonyan,tackle,0,5
Robert Tonyan,Robert Tonyan,manCover,0,5
Robert Tonyan,Robert Tonyan,zoneCover,0,5
Robert Tonyan,Robert Tonyan,catching,76,81
Robert Tonyan,Robert Tonyan,routeRun,89,84
Ben VanSumeren,Ben VanSumeren,teamID,Free Agent,KC
Ben VanSumeren,Ben VanSumeren,rating,64,67
Ben VanSumeren,Ben VanSumeren,speed,84,87
Ben VanSumeren,Ben VanSumeren,power,72,75
Ben VanSumeren,Ben VanSumeren,agility,79,80
Ben VanSumeren,Ben VanSumeren,burst,81,86
Ben VanSumeren,Ben VanSumeren,intelligence,71,69
Ben VanSumeren,Ben VanSumeren,tackle,0,5
Ben VanSumeren,Ben VanSumeren,manCover,0,5
Ben VanSumeren,Ben VanSumeren,zoneCover,0,5
Ben VanSumeren,Ben VanSumeren,catching,82,77
Ben VanSumeren,Ben VanSumeren,routeRun,86,81
Tay Martin,Tay Martin,teamID,Free Agent,DET
Tay Martin,Tay Martin,rating,64,67
Tay Martin,Tay Martin,speed,76,81
Tay Martin,Tay Martin,power,81,76
Tay Martin,Tay Martin,agility,67,72
Tay Martin,Tay Martin,burst,76,81
Tay Martin,Tay Martin,intelligence,82,77
Tay Martin,Tay Martin,tackle,0,5
Tay Martin,Tay Martin,manCover,0,5
Tay Martin,Tay Martin,zoneCover,0,5
Tay Martin,Tay Martin,catching,82,78
Tay Martin,Tay Martin,routeRun,74,70
Sedrick Van Pran-Granger,Sedrick Van Pran-Granger,teamID,BUF,IND
Sedrick Van Pran-Granger,Sedrick Van Pran-Granger,speed,79,74
Sedrick Van Pran-Granger,Sedrick Van Pran-Granger,power,93,88
Sedrick Van Pran-Granger,Sedrick Van Pran-Granger,agility,85,80
Sedrick Van Pran-Granger,Sedrick Van Pran-Granger,intelligence,65,70
Sedrick Van Pran-Granger,Sedrick Van Pran-Granger,tackle,0,5
Sedrick Van Pran-Granger,Sedrick Van Pran-Granger,manCover,0,5
Sedrick Van Pran-Granger,Sedrick Van Pran-Granger,zoneCover,0,5
Sedrick Van Pran-Granger,Sedrick Van Pran-Granger,catching,0,5
Sedrick Van Pran-Granger,Sedrick Van Pran-Granger,routeRun,0,5
Luke Wypler,Luke Wypler,teamID,Free Agent,CLE
Luke Wypler,Luke Wypler,rating,69,66
Luke Wypler,Luke Wypler,speed,69,68
Luke Wypler,Luke Wypler,power,79,84
Luke Wypler,Luke Wypler,agility,86,81
Luke Wypler,Luke Wypler,burst,81,77
Luke Wypler,Luke Wypler,intelligence,78,73
Luke Wypler,Luke Wypler,tackle,0,5
Luke Wypler,Luke Wypler,manCover,0,5
Luke Wypler,Luke Wypler,zoneCover,0,5
Luke Wypler,Luke Wypler,catching,0,5
Luke Wypler,Luke Wypler,routeRun,0,5
Zayne Anderson,Zayne Anderson,teamID,Free Agent,MIA
Zayne Anderson,Zayne Anderson,rating,63,66
Zayne Anderson,Zayne Anderson,speed,74,79
Zayne Anderson,Zayne Anderson,power,88,83
Zayne Anderson,Zayne Anderson,agility,82,87
Zayne Anderson,Zayne Anderson,burst,67,72
Zayne Anderson,Zayne Anderson,intelligence,79,74
Zayne Anderson,Zayne Anderson,tackle,79,74
Zayne Anderson,Zayne Anderson,manCover,73,68
Zayne Anderson,Zayne Anderson,zoneCover,71,70
Zayne Anderson,Zayne Anderson,catching,0,5
Zayne Anderson,Zayne Anderson,routeRun,0,5
Marcellas Dial Jr.,Marcellas Dial Jr,teamID,NE,MIA
Marcellas Dial Jr.,Marcellas Dial Jr,rating,69,66
Marcellas Dial Jr.,Marcellas Dial Jr,speed,86,91
Marcellas Dial Jr.,Marcellas Dial Jr,power,79,74
Marcellas Dial Jr.,Marcellas Dial Jr,agility,75,78
Marcellas Dial Jr.,Marcellas Dial Jr,burst,83,88
Marcellas Dial Jr.,Marcellas Dial Jr,intelligence,86,81
Marcellas Dial Jr.,Marcellas Dial Jr,tackle,72,70
Marcellas Dial Jr.,Marcellas Dial Jr,manCover,82,77
Marcellas Dial Jr.,Marcellas Dial Jr,zoneCover,79,74
Marcellas Dial Jr.,Marcellas Dial Jr,catching,0,5
Marcellas Dial Jr.,Marcellas Dial Jr,routeRun,0,5
Josh Blackwell,Josh Blackwell,teamID,Free Agent,CHI
Josh Blackwell,Josh Blackwell,rating,68,65
Josh Blackwell,Josh Blackwell,speed,79,84
Josh Blackwell,Josh Blackwell,power,82,77
Josh Blackwell,Josh Blackwell,agility,70,75
Josh Blackwell,Josh Blackwell,burst,87,92
Josh Blackwell,Josh Blackwell,intelligence,89,84
Josh Blackwell,Josh Blackwell,tackle,80,75
Josh Blackwell,Josh Blackwell,manCover,72,67
Josh Blackwell,Josh Blackwell,zoneCover,80,75
Josh Blackwell,Josh Blackwell,catching,0,5
Josh Blackwell,Josh Blackwell,routeRun,0,5
Tyrell Shavers,Tyrell Shavers,teamID,Free Agent,BUF
Tyrell Shavers,Tyrell Shavers,rating,62,65
Tyrell Shavers,Tyrell Shavers,speed,72,77
Tyrell Shavers,Tyrell Shavers,power,68,63
Tyrell Shavers,Tyrell Shavers,agility,82,79
Tyrell Shavers,Tyrell Shavers,burst,79,84
Tyrell Shavers,Tyrell Shavers,intelligence,80,75
Tyrell Shavers,Tyrell Shavers,tackle,0,5
Tyrell Shavers,Tyrell Shavers,manCover,0,5
Tyrell Shavers,Tyrell Shavers,zoneCover,0,5
Tyrell Shavers,Tyrell Shavers,catching,76,78
Tyrell Shavers,Tyrell Shavers,routeRun,87,82
Matt Dickerson,Matt Dickerson,teamID,Free Agent,JAX
Matt Dickerson,Matt Dickerson,rating,62,65
Matt Dickerson,Matt Dickerson,speed,76,71
Matt Dickerson,Matt Dickerson,power,72,77
Matt Dickerson,Matt Dickerson,agility,73,68
Matt Dickerson,Matt Dickerson,burst,82,77
Matt Dickerson,Matt Dickerson,intelligence,77,72
Matt Dickerson,Matt Dickerson,tackle,69,74
Matt Dickerson,Matt Dickerson,manCover,0,5
Matt Dickerson,Matt Dickerson,zoneCover,0,5
Matt Dickerson,Matt Dickerson,catching,0,5
Matt Dickerson,Matt Dickerson,routeRun,0,5
Britain Covey,Britain Covey,teamID,Free Agent,PHI
Britain Covey,Britain Covey,rating,62,65
Britain Covey,Britain Covey,speed,70,75
Britain Covey,Britain Covey,power,70,65
Britain Covey,Britain Covey,agility,82,87
Britain Covey,Britain Covey,burst,74,79
Britain Covey,Britain Covey,intelligence,83,78
Britain Covey,Britain Covey,tackle,0,5
Britain Covey,Britain Covey,manCover,0,5
Britain Covey,Britain Covey,zoneCover,0,5
Britain Covey,Britain Covey,catching,79,77
Britain Covey,Britain Covey,routeRun,87,82
Seth McLaughlin,Seth McLaughlin,teamID,Free Agent,DET
Seth McLaughlin,Seth McLaughlin,rating,67,64
Seth McLaughlin,Seth McLaughlin,speed,82,77
Seth McLaughlin,Seth McLaughlin,power,72,77
Seth McLaughlin,Seth McLaughlin,agility,84,79
Seth McLaughlin,Seth McLaughlin,burst,77,72
Seth McLaughlin,Seth McLaughlin,intelligence,72,67
Seth McLaughlin,Seth McLaughlin,tackle,0,5
Seth McLaughlin,Seth McLaughlin,manCover,0,5
Seth McLaughlin,Seth McLaughlin,zoneCover,0,5
Seth McLaughlin,Seth McLaughlin,catching,0,5
Seth McLaughlin,Seth McLaughlin,routeRun,0,5
Skylar Thompson,Skylar Thompson,teamID,Free Agent,BAL
Skylar Thompson,Skylar Thompson,rating,67,64
Skylar Thompson,Skylar Thompson,speed,73,77
Skylar Thompson,Skylar Thompson,power,81,76
Skylar Thompson,Skylar Thompson,agility,69,74
Skylar Thompson,Skylar Thompson,burst,74,79
Skylar Thompson,Skylar Thompson,intelligence,80,75
Skylar Thompson,Skylar Thompson,tackle,0,5
Skylar Thompson,Skylar Thompson,manCover,0,5
Skylar Thompson,Skylar Thompson,zoneCover,0,5
Skylar Thompson,Skylar Thompson,catching,0,5
Skylar Thompson,Skylar Thompson,routeRun,0,5
Donovan Jennings,Donovan Jennings,teamID,Free Agent,GB
Donovan Jennings,Donovan Jennings,rating,61,64
Donovan Jennings,Donovan Jennings,speed,65,70
Donovan Jennings,Donovan Jennings,power,75,80
Donovan Jennings,Donovan Jennings,agility,67,65
Donovan Jennings,Donovan Jennings,burst,84,79
Donovan Jennings,Donovan Jennings,intelligence,84,79
Donovan Jennings,Donovan Jennings,tackle,0,5
Donovan Jennings,Donovan Jennings,manCover,0,5
Donovan Jennings,Donovan Jennings,zoneCover,0,5
Donovan Jennings,Donovan Jennings,catching,0,5
Donovan Jennings,Donovan Jennings,routeRun,0,5
Yasir Abdullah,Yasir Abdullah,teamID,JAX,ATL
Yasir Abdullah,Yasir Abdullah,rating,67,64
Yasir Abdullah,Yasir Abdullah,speed,76,81
Yasir Abdullah,Yasir Abdullah,power,79,74
Yasir Abdullah,Yasir Abdullah,agility,76,81
Yasir Abdullah,Yasir Abdullah,burst,82,87
Yasir Abdullah,Yasir Abdullah,intelligence,72,67
Yasir Abdullah,Yasir Abdullah,tackle,90,85
Yasir Abdullah,Yasir Abdullah,manCover,0,5
Yasir Abdullah,Yasir Abdullah,zoneCover,0,5
Yasir Abdullah,Yasir Abdullah,catching,0,5
Yasir Abdullah,Yasir Abdullah,routeRun,0,5
Brayden Willis,Brayden Willis,teamID,Free Agent,SF
Brayden Willis,Brayden Willis,rating,66,63
Brayden Willis,Brayden Willis,speed,66,71
Brayden Willis,Brayden Willis,power,75,76
Brayden Willis,Brayden Willis,agility,70,75
Brayden Willis,Brayden Willis,burst,77,82
Brayden Willis,Brayden Willis,intelligence,84,79
Brayden Willis,Brayden Willis,tackle,0,5
Brayden Willis,Brayden Willis,manCover,0,5
Brayden Willis,Brayden Willis,zoneCover,0,5
Brayden Willis,Brayden Willis,catching,81,77
Brayden Willis,Brayden Willis,routeRun,76,71
AJ Finley,AJ Finley,teamID,Free Agent,SEA
AJ Finley,AJ Finley,speed,85,87
AJ Finley,AJ Finley,power,76,71
AJ Finley,AJ Finley,agility,74,79
AJ Finley,AJ Finley,burst,82,87
AJ Finley,AJ Finley,intelligence,72,67
AJ Finley,AJ Finley,tackle,67,66
AJ Finley,AJ Finley,manCover,77,72
AJ Finley,AJ Finley,zoneCover,84,79
AJ Finley,AJ Finley,catching,0,5
AJ Finley,AJ Finley,routeRun,0,5
William Wagner,William Wagner,teamID,Free Agent,CIN
William Wagner,William Wagner,rating,60,63
William Wagner,William Wagner,speed,83,78
William Wagner,William Wagner,power,78,73
William Wagner,William Wagner,agility,80,75
William Wagner,William Wagner,intelligence,68,63
William Wagner,William Wagner,tackle,0,5
William Wagner,William Wagner,manCover,0,5
William Wagner,William Wagner,zoneCover,0,5
William Wagner,William Wagner,catching,0,5
William Wagner,William Wagner,routeRun,0,5
Tanner Ingle,Tanner Ingle,teamID,Free Agent,LAR
Tanner Ingle,Tanner Ingle,speed,82,86
Tanner Ingle,Tanner Ingle,power,87,82
Tanner Ingle,Tanner Ingle,agility,81,85
Tanner Ingle,Tanner Ingle,burst,73,78
Tanner Ingle,Tanner Ingle,intelligence,87,82
Tanner Ingle,Tanner Ingle,tackle,66,61
Tanner Ingle,Tanner Ingle,manCover,80,75
Tanner Ingle,Tanner Ingle,zoneCover,73,68
Tanner Ingle,Tanner Ingle,catching,0,5
Tanner Ingle,Tanner Ingle,routeRun,0,5
Cal Adomitis,Cal Adomitis,teamID,Free Agent,NO
Cal Adomitis,Cal Adomitis,rating,60,63
Cal Adomitis,Cal Adomitis,speed,72,73
Cal Adomitis,Cal Adomitis,power,68,69
Cal Adomitis,Cal Adomitis,agility,75,70
Cal Adomitis,Cal Adomitis,burst,77,81
Cal Adomitis,Cal Adomitis,intelligence,82,77
Cal Adomitis,Cal Adomitis,tackle,0,5
Cal Adomitis,Cal Adomitis,manCover,0,5
Cal Adomitis,Cal Adomitis,zoneCover,0,5
Cal Adomitis,Cal Adomitis,catching,0,5
Cal Adomitis,Cal Adomitis,routeRun,0,5
Case Keenum,Case Keenum,teamID,Free Agent,CHI
Case Keenum,Case Keenum,rating,60,63
Case Keenum,Case Keenum,speed,80,76
Case Keenum,Case Keenum,power,83,78
Case Keenum,Case Keenum,agility,71,72
Case Keenum,Case Keenum,burst,74,71
Case Keenum,Case Keenum,intelligence,72,67
Case Keenum,Case Keenum,tackle,0,5
Case Keenum,Case Keenum,manCover,0,5
Case Keenum,Case Keenum,zoneCover,0,5
Case Keenum,Case Keenum,catching,0,5
Case Keenum,Case Keenum,routeRun,0,5
Chris Stoll,Chris Stoll,teamID,Free Agent,SEA
Chris Stoll,Chris Stoll,rating,59,62
Chris Stoll,Chris Stoll,speed,79,75
Chris Stoll,Chris Stoll,power,75,70
Chris Stoll,Chris Stoll,agility,72,67
Chris Stoll,Chris Stoll,burst,77,74
Chris Stoll,Chris Stoll,intelligence,68,63
Chris Stoll,Chris Stoll,tackle,0,5
Chris Stoll,Chris Stoll,manCover,0,5
Chris Stoll,Chris Stoll,zoneCover,0,5
Chris Stoll,Chris Stoll,catching,0,5
Chris Stoll,Chris Stoll,routeRun,0,5
Tristin McCollum,Tristin McCollum,teamID,Free Agent,LV
Tristin McCollum,Tristin McCollum,rating,59,62
Tristin McCollum,Tristin McCollum,speed,74,79
Tristin McCollum,Tristin McCollum,power,81,76
Tristin McCollum,Tristin McCollum,agility,72,77
Tristin McCollum,Tristin McCollum,burst,83,88
Tristin McCollum,Tristin McCollum,intelligence,77,72
Tristin McCollum,Tristin McCollum,tackle,68,63
Tristin McCollum,Tristin McCollum,manCover,72,67
Tristin McCollum,Tristin McCollum,zoneCover,69,67
Tristin McCollum,Tristin McCollum,catching,0,5
Tristin McCollum,Tristin McCollum,routeRun,0,5
Rasul Douglas,Rasul Douglas,teamID,MIA,WAS
Rasul Douglas,Rasul Douglas,rating,78,77
Rasul Douglas,Rasul Douglas,speed,97,92
Rasul Douglas,Rasul Douglas,power,79,74
Rasul Douglas,Rasul Douglas,agility,81,82
Rasul Douglas,Rasul Douglas,burst,77,82
Rasul Douglas,Rasul Douglas,intelligence,81,80
Rasul Douglas,Rasul Douglas,tackle,79,74
Rasul Douglas,Rasul Douglas,manCover,95,90
Rasul Douglas,Rasul Douglas,zoneCover,81,82
Rasul Douglas,Rasul Douglas,catching,0,5
Rasul Douglas,Rasul Douglas,routeRun,0,5
Carnell Tate,Carnell Tate,teamID,Rookie,TEN
Carnell Tate,Carnell Tate,rating,81,77
Carnell Tate,Carnell Tate,speed,88,91
Carnell Tate,Carnell Tate,power,88,83
Carnell Tate,Carnell Tate,agility,79,84
Carnell Tate,Carnell Tate,burst,81,86
Carnell Tate,Carnell Tate,intelligence,75,80
Carnell Tate,Carnell Tate,tackle,0,5
Carnell Tate,Carnell Tate,manCover,0,5
Carnell Tate,Carnell Tate,zoneCover,0,5
Carnell Tate,Carnell Tate,catching,82,85
Carnell Tate,Carnell Tate,routeRun,84,79
Darnell Mooney,Darnell Mooney,teamID,ATL,NYG
Darnell Mooney,Darnell Mooney,rating,75,76
Darnell Mooney,Darnell Mooney,speed,77,82
Darnell Mooney,Darnell Mooney,power,70,65
Darnell Mooney,Darnell Mooney,agility,75,80
Darnell Mooney,Darnell Mooney,burst,78,83
Darnell Mooney,Darnell Mooney,intelligence,87,82
Darnell Mooney,Darnell Mooney,tackle,0,5
Darnell Mooney,Darnell Mooney,manCover,0,5
Darnell Mooney,Darnell Mooney,zoneCover,0,5
Darnell Mooney,Darnell Mooney,catching,88,83
Darnell Mooney,Darnell Mooney,routeRun,91,86
Roger McCreary,Roger McCreary,teamID,Free Agent,DET
Roger McCreary,Roger McCreary,rating,72,76
Roger McCreary,Roger McCreary,speed,93,88
Roger McCreary,Roger McCreary,power,77,72
Roger McCreary,Roger McCreary,agility,80,85
Roger McCreary,Roger McCreary,burst,79,84
Roger McCreary,Roger McCreary,intelligence,88,83
Roger McCreary,Roger McCreary,tackle,70,68
Roger McCreary,Roger McCreary,manCover,71,76
Roger McCreary,Roger McCreary,zoneCover,91,86
Roger McCreary,Roger McCreary,catching,0,5
Roger McCreary,Roger McCreary,routeRun,0,5
Nate Hobbs,Nate Hobbs,teamID,GB,SF
Nate Hobbs,Nate Hobbs,rating,72,76
Nate Hobbs,Nate Hobbs,speed,86,90
Nate Hobbs,Nate Hobbs,power,76,71
Nate Hobbs,Nate Hobbs,agility,82,87
Nate Hobbs,Nate Hobbs,burst,82,87
Nate Hobbs,Nate Hobbs,intelligence,85,80
Nate Hobbs,Nate Hobbs,tackle,73,68
Nate Hobbs,Nate Hobbs,manCover,86,81
Nate Hobbs,Nate Hobbs,zoneCover,84,79
Nate Hobbs,Nate Hobbs,catching,0,5
Nate Hobbs,Nate Hobbs,routeRun,0,5
Jahlani Tavai,Jahlani Tavai,teamID,NE,JAX
Jahlani Tavai,Jahlani Tavai,rating,74,75
Jahlani Tavai,Jahlani Tavai,speed,93,88
Jahlani Tavai,Jahlani Tavai,power,87,82
Jahlani Tavai,Jahlani Tavai,agility,71,76
Jahlani Tavai,Jahlani Tavai,burst,77,82
Jahlani Tavai,Jahlani Tavai,intelligence,76,72
Jahlani Tavai,Jahlani Tavai,tackle,88,85
Jahlani Tavai,Jahlani Tavai,manCover,80,75
Jahlani Tavai,Jahlani Tavai,zoneCover,80,75
Jahlani Tavai,Jahlani Tavai,catching,0,5
Jahlani Tavai,Jahlani Tavai,routeRun,0,5
Montaric Brown,Montaric Brown,teamID,Free Agent,JAX
Montaric Brown,Montaric Brown,rating,78,74
Montaric Brown,Montaric Brown,speed,86,87
Montaric Brown,Montaric Brown,power,89,84
Montaric Brown,Montaric Brown,burst,86,90
Montaric Brown,Montaric Brown,intelligence,81,78
Montaric Brown,Montaric Brown,tackle,90,85
Montaric Brown,Montaric Brown,manCover,79,76
Montaric Brown,Montaric Brown,zoneCover,93,88
Montaric Brown,Montaric Brown,catching,0,5
Montaric Brown,Montaric Brown,routeRun,0,5
Ben Bredeson,Ben Bredeson,teamID,Free Agent,TB
Ben Bredeson,Ben Bredeson,rating,70,74
Ben Bredeson,Ben Bredeson,speed,76,71
Ben Bredeson,Ben Bredeson,power,80,85
Ben Bredeson,Ben Bredeson,agility,75,70
Ben Bredeson,Ben Bredeson,burst,75,70
Ben Bredeson,Ben Bredeson,intelligence,91,86
Ben Bredeson,Ben Bredeson,tackle,0,5
Ben Bredeson,Ben Bredeson,manCover,0,5
Ben Bredeson,Ben Bredeson,zoneCover,0,5
Ben Bredeson,Ben Bredeson,catching,0,5
Ben Bredeson,Ben Bredeson,routeRun,0,5
Ozzy Trapilo,Ozzy Trapilo,teamID,Free Agent,CHI
Ozzy Trapilo,Ozzy Trapilo,rating,72,73
Ozzy Trapilo,Ozzy Trapilo,speed,83,78
Ozzy Trapilo,Ozzy Trapilo,agility,83,78
Ozzy Trapilo,Ozzy Trapilo,burst,80,75
Ozzy Trapilo,Ozzy Trapilo,intelligence,83,78
Ozzy Trapilo,Ozzy Trapilo,tackle,0,5
Ozzy Trapilo,Ozzy Trapilo,manCover,0,5
Ozzy Trapilo,Ozzy Trapilo,zoneCover,0,5
Ozzy Trapilo,Ozzy Trapilo,catching,0,5
Ozzy Trapilo,Ozzy Trapilo,routeRun,0,5
Odell Beckham Jr.,Odell Beckham Jr,teamID,Free Agent,NYG
Odell Beckham Jr.,Odell Beckham Jr,rating,72,73
Odell Beckham Jr.,Odell Beckham Jr,speed,81,86
Odell Beckham Jr.,Odell Beckham Jr,power,81,76
Odell Beckham Jr.,Odell Beckham Jr,agility,70,75
Odell Beckham Jr.,Odell Beckham Jr,burst,87,90
Odell Beckham Jr.,Odell Beckham Jr,intelligence,92,87
Odell Beckham Jr.,Odell Beckham Jr,tackle,0,5
Odell Beckham Jr.,Odell Beckham Jr,manCover,0,5
Odell Beckham Jr.,Odell Beckham Jr,zoneCover,0,5
Odell Beckham Jr.,Odell Beckham Jr,catching,84,85
Starling Thomas,Starling Thomas V,teamID,Free Agent,ARI
Starling Thomas,Starling Thomas V,rating,69,73
Starling Thomas,Starling Thomas V,speed,65,70
Starling Thomas,Starling Thomas V,power,77,72
Starling Thomas,Starling Thomas V,agility,83,82
Starling Thomas,Starling Thomas V,burst,70,75
Starling Thomas,Starling Thomas V,intelligence,91,86
Starling Thomas,Starling Thomas V,tackle,88,83
Starling Thomas,Starling Thomas V,manCover,77,73
Starling Thomas,Starling Thomas V,zoneCover,87,82
Starling Thomas,Starling Thomas V,catching,0,5
Starling Thomas,Starling Thomas V,routeRun,0,5
Tyree Wilson,Tyree Wilson,teamID,LV,NO
Tyree Wilson,Tyree Wilson,rating,69,73
Tyree Wilson,Tyree Wilson,speed,68,73
Tyree Wilson,Tyree Wilson,power,80,85
Tyree Wilson,Tyree Wilson,agility,82,77
Tyree Wilson,Tyree Wilson,burst,74,79
Tyree Wilson,Tyree Wilson,intelligence,88,83
Tyree Wilson,Tyree Wilson,tackle,82,81
Tyree Wilson,Tyree Wilson,manCover,0,5
Tyree Wilson,Tyree Wilson,zoneCover,0,5
Tyree Wilson,Tyree Wilson,catching,0,5
Tyree Wilson,Tyree Wilson,routeRun,0,5
Isaac Yiadom,Isaac Yiadom,teamID,NO,WAS
Isaac Yiadom,Isaac Yiadom,rating,68,72
Isaac Yiadom,Isaac Yiadom,speed,80,85
Isaac Yiadom,Isaac Yiadom,power,75,70
Isaac Yiadom,Isaac Yiadom,agility,89,84
Isaac Yiadom,Isaac Yiadom,burst,77,82
Isaac Yiadom,Isaac Yiadom,intelligence,84,79
Isaac Yiadom,Isaac Yiadom,tackle,76,71
Isaac Yiadom,Isaac Yiadom,manCover,76,71
Isaac Yiadom,Isaac Yiadom,zoneCover,83,78
Isaac Yiadom,Isaac Yiadom,catching,0,5
Isaac Yiadom,Isaac Yiadom,routeRun,0,5
Lucas Patrick,Lucas Patrick,teamID,NYG,WAS
Lucas Patrick,Lucas Patrick,rating,76,72
Lucas Patrick,Lucas Patrick,speed,85,80
Lucas Patrick,Lucas Patrick,power,88,84
Lucas Patrick,Lucas Patrick,agility,79,74
Lucas Patrick,Lucas Patrick,burst,79,80
Lucas Patrick,Lucas Patrick,intelligence,79,74
Lucas Patrick,Lucas Patrick,tackle,0,5
Lucas Patrick,Lucas Patrick,manCover,0,5
Lucas Patrick,Lucas Patrick,zoneCover,0,5
Lucas Patrick,Lucas Patrick,catching,0,5
Lucas Patrick,Lucas Patrick,routeRun,0,5
Darrell Jackson Jr.,Darrell Jackson Jr,teamID,Rookie,NYJ
Darrell Jackson Jr.,Darrell Jackson Jr,rating,73,72
Darrell Jackson Jr.,Darrell Jackson Jr,speed,72,67
Darrell Jackson Jr.,Darrell Jackson Jr,power,59,64
Darrell Jackson Jr.,Darrell Jackson Jr,agility,69,64
Darrell Jackson Jr.,Darrell Jackson Jr,burst,59,64
Darrell Jackson Jr.,Darrell Jackson Jr,intelligence,82,77
Darrell Jackson Jr.,Darrell Jackson Jr,tackle,92,87
Darrell Jackson Jr.,Darrell Jackson Jr,manCover,0,5
Darrell Jackson Jr.,Darrell Jackson Jr,zoneCover,0,5
Darrell Jackson Jr.,Darrell Jackson Jr,catching,0,5
Darrell Jackson Jr.,Darrell Jackson Jr,routeRun,0,5
Eli Stowers,Eli Stowers,teamID,Rookie,PHI
Eli Stowers,Eli Stowers,rating,76,72
Eli Stowers,Eli Stowers,speed,81,86
Eli Stowers,Eli Stowers,power,92,87
Eli Stowers,Eli Stowers,agility,39,44
Eli Stowers,Eli Stowers,burst,64,69
Eli Stowers,Eli Stowers,intelligence,69,64
Eli Stowers,Eli Stowers,tackle,0,5
Eli Stowers,Eli Stowers,manCover,0,5
Eli Stowers,Eli Stowers,zoneCover,0,5
Eli Stowers,Eli Stowers,catching,62,67
Eli Stowers,Eli Stowers,routeRun,70,65
Jaleel McLaughlin,Jaleel McLaughlin,teamID,DEN,CLE
Jaleel McLaughlin,Jaleel McLaughlin,rating,70,71
Jaleel McLaughlin,Jaleel McLaughlin,speed,76,81
Jaleel McLaughlin,Jaleel McLaughlin,power,85,80
Jaleel McLaughlin,Jaleel McLaughlin,agility,77,78
Jaleel McLaughlin,Jaleel McLaughlin,burst,79,84
Jaleel McLaughlin,Jaleel McLaughlin,intelligence,93,88
Jaleel McLaughlin,Jaleel McLaughlin,tackle,0,5
Jaleel McLaughlin,Jaleel McLaughlin,manCover,0,5
Jaleel McLaughlin,Jaleel McLaughlin,zoneCover,0,5
Jaleel McLaughlin,Jaleel McLaughlin,catching,77,72
Jaleel McLaughlin,Jaleel McLaughlin,routeRun,89,84
Jerry Tillery,Jerry Tillery,teamID,Free Agent,IND
Jerry Tillery,Jerry Tillery,rating,72,71
Jerry Tillery,Jerry Tillery,speed,87,82
Jerry Tillery,Jerry Tillery,power,81,85
Jerry Tillery,Jerry Tillery,agility,79,74
Jerry Tillery,Jerry Tillery,burst,74,77
Jerry Tillery,Jerry Tillery,intelligence,79,74
Jerry Tillery,Jerry Tillery,tackle,72,77
Jerry Tillery,Jerry Tillery,manCover,0,5
Jerry Tillery,Jerry Tillery,zoneCover,0,5
Jerry Tillery,Jerry Tillery,catching,0,5
Jerry Tillery,Jerry Tillery,routeRun,0,5
Fabian Moreau,Fabian Moreau,teamID,Free Agent,WAS
Fabian Moreau,Fabian Moreau,rating,67,71
Fabian Moreau,Fabian Moreau,speed,77,82
Fabian Moreau,Fabian Moreau,power,87,82
Fabian Moreau,Fabian Moreau,agility,76,81
Fabian Moreau,Fabian Moreau,burst,81,86
Fabian Moreau,Fabian Moreau,intelligence,80,75
Fabian Moreau,Fabian Moreau,tackle,71,66
Fabian Moreau,Fabian Moreau,manCover,70,67
Fabian Moreau,Fabian Moreau,zoneCover,89,84
Fabian Moreau,Fabian Moreau,catching,0,5
Fabian Moreau,Fabian Moreau,routeRun,0,5
Jarrett Patterson,Jarrett Patterson,teamID,HOU,SF
Jarrett Patterson,Jarrett Patterson,rating,66,70
Jarrett Patterson,Jarrett Patterson,speed,82,77
Jarrett Patterson,Jarrett Patterson,power,73,78
Jarrett Patterson,Jarrett Patterson,agility,77,72
Jarrett Patterson,Jarrett Patterson,burst,69,71
Jarrett Patterson,Jarrett Patterson,intelligence,67,72
Jarrett Patterson,Jarrett Patterson,tackle,0,5
Jarrett Patterson,Jarrett Patterson,manCover,0,5
Jarrett Patterson,Jarrett Patterson,zoneCover,0,5
Jarrett Patterson,Jarrett Patterson,catching,0,5
Jarrett Patterson,Jarrett Patterson,routeRun,0,5
Kendrick Law,Kendrick Law,teamID,Rookie,DET
Kendrick Law,Kendrick Law,rating,71,70
Kendrick Law,Kendrick Law,speed,89,91
Kendrick Law,Kendrick Law,power,69,66
Kendrick Law,Kendrick Law,agility,70,75
Kendrick Law,Kendrick Law,burst,88,92
Kendrick Law,Kendrick Law,intelligence,60,55
Kendrick Law,Kendrick Law,tackle,0,5
Kendrick Law,Kendrick Law,manCover,0,5
Kendrick Law,Kendrick Law,zoneCover,0,5
Kendrick Law,Kendrick Law,catching,53,58
Kendrick Law,Kendrick Law,routeRun,91,86
Beau Stephens,Beau Stephens,teamID,Rookie,SEA
Beau Stephens,Beau Stephens,rating,66,70
Beau Stephens,Beau Stephens,speed,52,57
Beau Stephens,Beau Stephens,power,72,77
Beau Stephens,Beau Stephens,agility,92,87
Beau Stephens,Beau Stephens,burst,49,54
Beau Stephens,Beau Stephens,intelligence,49,54
Beau Stephens,Beau Stephens,tackle,0,5
Beau Stephens,Beau Stephens,manCover,0,5
Beau Stephens,Beau Stephens,zoneCover,0,5
Beau Stephens,Beau Stephens,catching,0,5
Beau Stephens,Beau Stephens,routeRun,0,5
Tyler Badie,Tyler Badie,teamID,Free Agent,DEN
Tyler Badie,Tyler Badie,rating,70,69
Tyler Badie,Tyler Badie,speed,77,82
Tyler Badie,Tyler Badie,power,85,80
Tyler Badie,Tyler Badie,agility,66,71
Tyler Badie,Tyler Badie,burst,76,81
Tyler Badie,Tyler Badie,intelligence,80,75
Tyler Badie,Tyler Badie,tackle,0,5
Tyler Badie,Tyler Badie,manCover,0,5
Tyler Badie,Tyler Badie,zoneCover,0,5
Tyler Badie,Tyler Badie,catching,72,69
Tyler Badie,Tyler Badie,routeRun,74,69
Kevin Coleman Jr.,Kevin Coleman Jr,teamID,Rookie,MIA
Kevin Coleman Jr.,Kevin Coleman Jr,rating,70,69
Kevin Coleman Jr.,Kevin Coleman Jr,speed,72,77
Kevin Coleman Jr.,Kevin Coleman Jr,power,54,59
Kevin Coleman Jr.,Kevin Coleman Jr,agility,52,57
Kevin Coleman Jr.,Kevin Coleman Jr,burst,79,84
Kevin Coleman Jr.,Kevin Coleman Jr,intelligence,52,57
Kevin Coleman Jr.,Kevin Coleman Jr,tackle,0,5
Kevin Coleman Jr.,Kevin Coleman Jr,manCover,0,5
Kevin Coleman Jr.,Kevin Coleman Jr,zoneCover,0,5
Kevin Coleman Jr.,Kevin Coleman Jr,catching,85,84
Kevin Coleman Jr.,Kevin Coleman Jr,routeRun,58,63
Ahmed Hassanein,Ahmed Hassanein,teamID,Free Agent,DET
Ahmed Hassanein,Ahmed Hassanein,rating,72,68
Ahmed Hassanein,Ahmed Hassanein,speed,78,80
Ahmed Hassanein,Ahmed Hassanein,power,79,83
Ahmed Hassanein,Ahmed Hassanein,agility,69,74
Ahmed Hassanein,Ahmed Hassanein,burst,76,81
Ahmed Hassanein,Ahmed Hassanein,intelligence,87,82
Ahmed Hassanein,Ahmed Hassanein,tackle,89,84
Ahmed Hassanein,Ahmed Hassanein,manCover,0,5
Ahmed Hassanein,Ahmed Hassanein,zoneCover,0,5
Ahmed Hassanein,Ahmed Hassanein,catching,0,5
Ahmed Hassanein,Ahmed Hassanein,routeRun,0,5
Drew Lock,Drew Lock,teamID,Free Agent,SEA
Drew Lock,Drew Lock,rating,64,68
Drew Lock,Drew Lock,power,74,69
Drew Lock,Drew Lock,agility,83,79
Drew Lock,Drew Lock,burst,68,73
Drew Lock,Drew Lock,intelligence,82,77
Drew Lock,Drew Lock,tackle,0,5
Drew Lock,Drew Lock,manCover,0,5
Drew Lock,Drew Lock,zoneCover,0,5
Drew Lock,Drew Lock,catching,0,5
Drew Lock,Drew Lock,routeRun,0,5
Andrew Beck,Andrew Beck,teamID,Free Agent,NYJ
Andrew Beck,Andrew Beck,rating,64,68
Andrew Beck,Andrew Beck,speed,86,85
Andrew Beck,Andrew Beck,power,89,84
Andrew Beck,Andrew Beck,agility,78,77
Andrew Beck,Andrew Beck,burst,77,82
Andrew Beck,Andrew Beck,intelligence,72,67
Andrew Beck,Andrew Beck,tackle,0,5
Andrew Beck,Andrew Beck,manCover,0,5
Andrew Beck,Andrew Beck,zoneCover,0,5
Andrew Beck,Andrew Beck,catching,62,67
Andrew Beck,Andrew Beck,routeRun,84,79
Tim Smith,Tim Smith,teamID,Free Agent,IND
Tim Smith,Tim Smith,rating,63,67
Tim Smith,Tim Smith,speed,79,74
Tim Smith,Tim Smith,power,82,83
Tim Smith,Tim Smith,agility,75,70
Tim Smith,Tim Smith,burst,75,71
Tim Smith,Tim Smith,intelligence,65,67
Tim Smith,Tim Smith,tackle,78,80
Tim Smith,Tim Smith,manCover,0,5
Tim Smith,Tim Smith,zoneCover,0,5
Tim Smith,Tim Smith,catching,0,5
Tim Smith,Tim Smith,routeRun,0,5
Kene Nwangwu,Kene Nwangwu,teamID,Free Agent,NYJ
Kene Nwangwu,Kene Nwangwu,rating,71,67
Kene Nwangwu,Kene Nwangwu,speed,68,73
Kene Nwangwu,Kene Nwangwu,power,91,86
Kene Nwangwu,Kene Nwangwu,agility,83,87
Kene Nwangwu,Kene Nwangwu,burst,76,81
Kene Nwangwu,Kene Nwangwu,intelligence,70,65
Kene Nwangwu,Kene Nwangwu,tackle,0,5
Kene Nwangwu,Kene Nwangwu,manCover,0,5
Kene Nwangwu,Kene Nwangwu,zoneCover,0,5
Kene Nwangwu,Kene Nwangwu,catching,75,70
Kene Nwangwu,Kene Nwangwu,routeRun,63,58
Chukwuebuka Godrick,Chukwuebuka Godrick,teamID,Free Agent,MIA
Chukwuebuka Godrick,Chukwuebuka Godrick,rating,66,67
Chukwuebuka Godrick,Chukwuebuka Godrick,speed,88,83
Chukwuebuka Godrick,Chukwuebuka Godrick,power,69,74
Chukwuebuka Godrick,Chukwuebuka Godrick,agility,84,79
Chukwuebuka Godrick,Chukwuebuka Godrick,burst,67,72
Chukwuebuka Godrick,Chukwuebuka Godrick,intelligence,80,85
Chukwuebuka Godrick,Chukwuebuka Godrick,tackle,0,5
Chukwuebuka Godrick,Chukwuebuka Godrick,manCover,0,5
Chukwuebuka Godrick,Chukwuebuka Godrick,zoneCover,0,5
Chukwuebuka Godrick,Chukwuebuka Godrick,catching,0,5
Chukwuebuka Godrick,Chukwuebuka Godrick,routeRun,0,5
J.C. Davis,J.C. Davis,teamID,Rookie,NYG
J.C. Davis,J.C. Davis,rating,66,67
J.C. Davis,J.C. Davis,speed,46,51
J.C. Davis,J.C. Davis,power,77,82
J.C. Davis,J.C. Davis,agility,67,62
J.C. Davis,J.C. Davis,burst,48,53
J.C. Davis,J.C. Davis,intelligence,69,64
J.C. Davis,J.C. Davis,tackle,0,5
J.C. Davis,J.C. Davis,manCover,0,5
J.C. Davis,J.C. Davis,zoneCover,0,5
J.C. Davis,J.C. Davis,catching,0,5
J.C. Davis,J.C. Davis,routeRun,0,5
Jayden Price,Jayden Price,teamID,Free Agent,NO
Jayden Price,Jayden Price,rating,70,66
Jayden Price,Jayden Price,speed,83,88
Jayden Price,Jayden Price,power,84,79
Jayden Price,Jayden Price,agility,64,69
Jayden Price,Jayden Price,burst,81,86
Jayden Price,Jayden Price,intelligence,84,79
Jayden Price,Jayden Price,tackle,78,73
Jayden Price,Jayden Price,manCover,90,85
Jayden Price,Jayden Price,zoneCover,76,71
Jayden Price,Jayden Price,catching,0,5
Jayden Price,Jayden Price,routeRun,0,5
Ronnie Rivers,Ronnie Rivers,teamID,Free Agent,LAR
Ronnie Rivers,Ronnie Rivers,rating,70,66
Ronnie Rivers,Ronnie Rivers,speed,71,76
Ronnie Rivers,Ronnie Rivers,power,73,68
Ronnie Rivers,Ronnie Rivers,agility,73,78
Ronnie Rivers,Ronnie Rivers,burst,77,82
Ronnie Rivers,Ronnie Rivers,intelligence,72,67
Ronnie Rivers,Ronnie Rivers,tackle,0,5
Ronnie Rivers,Ronnie Rivers,manCover,0,5
Ronnie Rivers,Ronnie Rivers,zoneCover,0,5
Ronnie Rivers,Ronnie Rivers,catching,77,72
Ronnie Rivers,Ronnie Rivers,routeRun,73,68
Montorie Foster,Montorie Foster Jr,teamID,Free Agent,SEA
Montorie Foster,Montorie Foster Jr,rating,62,66
Montorie Foster,Montorie Foster Jr,speed,70,75
Montorie Foster,Montorie Foster Jr,power,80,75
Montorie Foster,Montorie Foster Jr,agility,88,83
Montorie Foster,Montorie Foster Jr,burst,82,87
Montorie Foster,Montorie Foster Jr,intelligence,92,87
Montorie Foster,Montorie Foster Jr,tackle,0,5
Montorie Foster,Montorie Foster Jr,manCover,0,5
Montorie Foster,Montorie Foster Jr,zoneCover,0,5
Montorie Foster,Montorie Foster Jr,catching,73,78
Montorie Foster,Montorie Foster Jr,routeRun,80,75
Daniel Thomas,Daniel Thomas,teamID,Free Agent,CLE
Daniel Thomas,Daniel Thomas,rating,62,66
Daniel Thomas,Daniel Thomas,speed,72,77
Daniel Thomas,Daniel Thomas,power,76,71
Daniel Thomas,Daniel Thomas,agility,75,80
Daniel Thomas,Daniel Thomas,burst,78,83
Daniel Thomas,Daniel Thomas,intelligence,69,67
Daniel Thomas,Daniel Thomas,tackle,76,71
Daniel Thomas,Daniel Thomas,manCover,68,63
Daniel Thomas,Daniel Thomas,zoneCover,85,80
Daniel Thomas,Daniel Thomas,catching,0,5
Daniel Thomas,Daniel Thomas,routeRun,0,5
Morgan Cox,Morgan Cox,teamID,Free Agent,TEN
Morgan Cox,Morgan Cox,rating,62,66
Morgan Cox,Morgan Cox,speed,78,73
Morgan Cox,Morgan Cox,power,77,73
Morgan Cox,Morgan Cox,agility,68,63
Morgan Cox,Morgan Cox,burst,80,75
Morgan Cox,Morgan Cox,intelligence,77,73
Morgan Cox,Morgan Cox,tackle,0,5
Morgan Cox,Morgan Cox,manCover,0,5
Morgan Cox,Morgan Cox,zoneCover,0,5
Morgan Cox,Morgan Cox,catching,0,5
Morgan Cox,Morgan Cox,routeRun,0,5
Trey Sermon,Trey Sermon,teamID,Free Agent,ATL
Trey Sermon,Trey Sermon,rating,62,66
Trey Sermon,Trey Sermon,speed,83,84
Trey Sermon,Trey Sermon,power,74,78
Trey Sermon,Trey Sermon,agility,78,83
Trey Sermon,Trey Sermon,burst,70,75
Trey Sermon,Trey Sermon,intelligence,71,66
Trey Sermon,Trey Sermon,tackle,0,5
Trey Sermon,Trey Sermon,manCover,0,5
Trey Sermon,Trey Sermon,zoneCover,0,5
Trey Sermon,Trey Sermon,catching,76,71
Trey Sermon,Trey Sermon,routeRun,81,76
Hayden Conner,Hayden Conner,teamID,Free Agent,ARI
Hayden Conner,Hayden Conner,rating,69,65
Hayden Conner,Hayden Conner,speed,69,65
Hayden Conner,Hayden Conner,power,77,82
Hayden Conner,Hayden Conner,agility,81,76
Hayden Conner,Hayden Conner,burst,87,82
Hayden Conner,Hayden Conner,intelligence,76,71
Hayden Conner,Hayden Conner,tackle,0,5
Hayden Conner,Hayden Conner,manCover,0,5
Hayden Conner,Hayden Conner,zoneCover,0,5
Hayden Conner,Hayden Conner,catching,0,5
Hayden Conner,Hayden Conner,routeRun,0,5
Austen Pleasants,Austen Pleasants,teamID,Free Agent,SF
Austen Pleasants,Austen Pleasants,rating,61,65
Austen Pleasants,Austen Pleasants,speed,77,72
Austen Pleasants,Austen Pleasants,power,73,78
Austen Pleasants,Austen Pleasants,agility,76,71
Austen Pleasants,Austen Pleasants,burst,72,67
Austen Pleasants,Austen Pleasants,intelligence,82,77
Austen Pleasants,Austen Pleasants,tackle,0,5
Austen Pleasants,Austen Pleasants,manCover,0,5
Austen Pleasants,Austen Pleasants,zoneCover,0,5
Austen Pleasants,Austen Pleasants,catching,0,5
Austen Pleasants,Austen Pleasants,routeRun,0,5
Aiden Fisher,Aiden Fisher,teamID,Rookie,HOU
Aiden Fisher,Aiden Fisher,rating,66,65
Aiden Fisher,Aiden Fisher,speed,86,85
Aiden Fisher,Aiden Fisher,power,65,68
Aiden Fisher,Aiden Fisher,agility,60,65
Aiden Fisher,Aiden Fisher,burst,81,86
Aiden Fisher,Aiden Fisher,intelligence,71,66
Aiden Fisher,Aiden Fisher,tackle,62,67
Aiden Fisher,Aiden Fisher,manCover,0,5
Aiden Fisher,Aiden Fisher,zoneCover,0,5
Aiden Fisher,Aiden Fisher,catching,0,5
Aiden Fisher,Aiden Fisher,routeRun,0,5
Keith Cooper Jr.,Keith Cooper Jr.,teamID,Free Agent,MIA
Keith Cooper Jr.,Keith Cooper Jr.,rating,68,64
Keith Cooper Jr.,Keith Cooper Jr.,speed,79,74
Keith Cooper Jr.,Keith Cooper Jr.,power,84,82
Keith Cooper Jr.,Keith Cooper Jr.,agility,83,78
Keith Cooper Jr.,Keith Cooper Jr.,burst,86,81
Keith Cooper Jr.,Keith Cooper Jr.,intelligence,82,77
Keith Cooper Jr.,Keith Cooper Jr.,manCover,0,5
Keith Cooper Jr.,Keith Cooper Jr.,zoneCover,0,5
Keith Cooper Jr.,Keith Cooper Jr.,catching,0,5
Keith Cooper Jr.,Keith Cooper Jr.,routeRun,0,5
Kayode Awosika,Kayode Awosika,teamID,Free Agent,LAC
Kayode Awosika,Kayode Awosika,rating,63,64
Kayode Awosika,Kayode Awosika,speed,75,70
Kayode Awosika,Kayode Awosika,power,75,80
Kayode Awosika,Kayode Awosika,agility,79,74
Kayode Awosika,Kayode Awosika,burst,81,76
Kayode Awosika,Kayode Awosika,intelligence,67,64
Kayode Awosika,Kayode Awosika,tackle,0,5
Kayode Awosika,Kayode Awosika,manCover,0,5
Kayode Awosika,Kayode Awosika,zoneCover,0,5
Kayode Awosika,Kayode Awosika,catching,0,5
Kayode Awosika,Kayode Awosika,routeRun,0,5
Jonathan Ford,Jonathan Ford,teamID,Free Agent,GB
Jonathan Ford,Jonathan Ford,rating,64,63
Jonathan Ford,Jonathan Ford,speed,75,70
Jonathan Ford,Jonathan Ford,power,79,84
Jonathan Ford,Jonathan Ford,agility,78,73
Jonathan Ford,Jonathan Ford,burst,82,77
Jonathan Ford,Jonathan Ford,intelligence,67,65
Jonathan Ford,Jonathan Ford,tackle,87,82
Jonathan Ford,Jonathan Ford,manCover,0,5
Jonathan Ford,Jonathan Ford,zoneCover,0,5
Jonathan Ford,Jonathan Ford,catching,0,5
Jonathan Ford,Jonathan Ford,routeRun,0,5
Jake Haener,Jake Haener,teamID,Free Agent,NYG
Jake Haener,Jake Haener,rating,66,62
Jake Haener,Jake Haener,speed,74,79
Jake Haener,Jake Haener,power,86,81
Jake Haener,Jake Haener,agility,79,82
Jake Haener,Jake Haener,burst,76,81
Jake Haener,Jake Haener,intelligence,80,75
Jake Haener,Jake Haener,tackle,0,5
Jake Haener,Jake Haener,manCover,0,5
Jake Haener,Jake Haener,zoneCover,0,5
Jake Haener,Jake Haener,catching,0,5
Jake Haener,Jake Haener,routeRun,0,5
Christian Kuntz,Christian Kuntz,teamID,Free Agent,PIT
Christian Kuntz,Christian Kuntz,rating,66,62
Christian Kuntz,Christian Kuntz,speed,81,79
Christian Kuntz,Christian Kuntz,power,85,80
Christian Kuntz,Christian Kuntz,agility,68,73
Christian Kuntz,Christian Kuntz,burst,80,85
Christian Kuntz,Christian Kuntz,intelligence,76,71
Christian Kuntz,Christian Kuntz,tackle,0,5
Christian Kuntz,Christian Kuntz,manCover,0,5
Christian Kuntz,Christian Kuntz,zoneCover,0,5
Christian Kuntz,Christian Kuntz,catching,0,5
Christian Kuntz,Christian Kuntz,routeRun,0,5
Brittain Brown,Brittain Brown,teamID,Free Agent,CHI
Brittain Brown,Brittain Brown,rating,63,62
Brittain Brown,Brittain Brown,speed,75,80
Brittain Brown,Brittain Brown,power,85,80
Brittain Brown,Brittain Brown,agility,68,73
Brittain Brown,Brittain Brown,burst,78,83
Brittain Brown,Brittain Brown,intelligence,77,73
Brittain Brown,Brittain Brown,tackle,0,5
Brittain Brown,Brittain Brown,manCover,0,5
Brittain Brown,Brittain Brown,zoneCover,0,5
Brittain Brown,Brittain Brown,catching,70,65
Brittain Brown,Brittain Brown,routeRun,91,86
Hayden Rucci,Hayden Rucci,teamID,Free Agent,LAC
Hayden Rucci,Hayden Rucci,rating,65,61
Hayden Rucci,Hayden Rucci,speed,70,75
Hayden Rucci,Hayden Rucci,power,79,74
Hayden Rucci,Hayden Rucci,agility,73,68
Hayden Rucci,Hayden Rucci,burst,83,80
Hayden Rucci,Hayden Rucci,intelligence,87,82
Hayden Rucci,Hayden Rucci,tackle,0,5
Hayden Rucci,Hayden Rucci,manCover,0,5
Hayden Rucci,Hayden Rucci,zoneCover,0,5
Hayden Rucci,Hayden Rucci,catching,82,77
Hayden Rucci,Hayden Rucci,routeRun,82,77
Tommy DeVito,Tommy DeVito,teamID,Free Agent,NE
Tommy DeVito,Tommy DeVito,rating,65,61
Tommy DeVito,Tommy DeVito,speed,74,79
Tommy DeVito,Tommy DeVito,power,80,75
Tommy DeVito,Tommy DeVito,agility,66,71
Tommy DeVito,Tommy DeVito,burst,79,84
Tommy DeVito,Tommy DeVito,intelligence,84,79
Tommy DeVito,Tommy DeVito,tackle,0,5
Tommy DeVito,Tommy DeVito,manCover,0,5
Tommy DeVito,Tommy DeVito,zoneCover,0,5
Tommy DeVito,Tommy DeVito,catching,0,5
Tommy DeVito,Tommy DeVito,routeRun,0,5
Kyle Allen,Kyle Allen,teamID,Free Agent,BUF
Kyle Allen,Kyle Allen,rating,56,60
Kyle Allen,Kyle Allen,speed,79,81
Kyle Allen,Kyle Allen,power,68,63
Kyle Allen,Kyle Allen,agility,69,73
Kyle Allen,Kyle Allen,burst,74,76
Kyle Allen,Kyle Allen,intelligence,61,62
Kyle Allen,Kyle Allen,tackle,0,5
Kyle Allen,Kyle Allen,manCover,0,5
Kyle Allen,Kyle Allen,zoneCover,0,5
Kyle Allen,Kyle Allen,catching,0,5
Kyle Allen,Kyle Allen,routeRun,0,5
Milo Eifler,Milo Eifler,teamID,Free Agent,TEN
Milo Eifler,Milo Eifler,rating,61,57
Milo Eifler,Milo Eifler,speed,69,74
Milo Eifler,Milo Eifler,power,82,77
Milo Eifler,Milo Eifler,agility,71,76
Milo Eifler,Milo Eifler,burst,79,84
Milo Eifler,Milo Eifler,intelligence,83,78
Milo Eifler,Milo Eifler,tackle,69,70
Milo Eifler,Milo Eifler,manCover,75,70
Milo Eifler,Milo Eifler,zoneCover,82,77
Milo Eifler,Milo Eifler,catching,0,5
Milo Eifler,Milo Eifler,routeRun,0,5
DeMario Davis,Demario Davis,teamID,NO,NYJ
DeMario Davis,Demario Davis,rating,85,90
DeMario Davis,Demario Davis,speed,83,88
DeMario Davis,Demario Davis,power,98,93
DeMario Davis,Demario Davis,agility,80,77
DeMario Davis,Demario Davis,burst,75,80
DeMario Davis,Demario Davis,intelligence,89,94
DeMario Davis,Demario Davis,tackle,83,88
DeMario Davis,Demario Davis,manCover,94,89
DeMario Davis,Demario Davis,zoneCover,89,84
DeMario Davis,Demario Davis,catching,0,5
DeMario Davis,Demario Davis,routeRun,0,5
Calais Campbell,Calais Campbell,teamID,Free Agent,BAL
Calais Campbell,Calais Campbell,rating,77,82
Calais Campbell,Calais Campbell,speed,74,73
Calais Campbell,Calais Campbell,power,96,91
Calais Campbell,Calais Campbell,agility,60,65
Calais Campbell,Calais Campbell,burst,70,73
Calais Campbell,Calais Campbell,intelligence,80,83
Calais Campbell,Calais Campbell,tackle,89,84
Calais Campbell,Calais Campbell,manCover,0,5
Calais Campbell,Calais Campbell,zoneCover,0,5
Calais Campbell,Calais Campbell,catching,0,5
Calais Campbell,Calais Campbell,routeRun,0,5
Jauan Jennings,Jauan Jennings,teamID,Free Agent,MIN
Jauan Jennings,Jauan Jennings,rating,76,81
Jauan Jennings,Jauan Jennings,speed,94,89
Jauan Jennings,Jauan Jennings,power,87,82
Jauan Jennings,Jauan Jennings,agility,75,78
Jauan Jennings,Jauan Jennings,burst,95,90
Jauan Jennings,Jauan Jennings,intelligence,74,79
Jauan Jennings,Jauan Jennings,tackle,0,5
Jauan Jennings,Jauan Jennings,manCover,0,5
Jauan Jennings,Jauan Jennings,zoneCover,0,5
Jauan Jennings,Jauan Jennings,catching,76,81
Jauan Jennings,Jauan Jennings,routeRun,76,79
Spencer Fano,Spencer Fano,teamID,Rookie,CLE
Spencer Fano,Spencer Fano,rating,77,79
Spencer Fano,Spencer Fano,speed,70,75
Spencer Fano,Spencer Fano,power,88,90
Spencer Fano,Spencer Fano,agility,86,81
Spencer Fano,Spencer Fano,burst,76,78
Spencer Fano,Spencer Fano,intelligence,82,86
Spencer Fano,Spencer Fano,tackle,0,5
Spencer Fano,Spencer Fano,manCover,0,5
Spencer Fano,Spencer Fano,zoneCover,0,5
Spencer Fano,Spencer Fano,catching,0,5
Spencer Fano,Spencer Fano,routeRun,0,5
Micah McFadden,Micah McFadden,teamID,Free Agent,NYG
Micah McFadden,Micah McFadden,rating,70,75
Micah McFadden,Micah McFadden,speed,88,84
Micah McFadden,Micah McFadden,power,77,72
Micah McFadden,Micah McFadden,agility,69,74
Micah McFadden,Micah McFadden,burst,79,84
Micah McFadden,Micah McFadden,intelligence,87,82
Micah McFadden,Micah McFadden,tackle,82,80
Micah McFadden,Micah McFadden,manCover,69,64
Micah McFadden,Micah McFadden,zoneCover,85,80
Micah McFadden,Micah McFadden,catching,0,5
Micah McFadden,Micah McFadden,routeRun,0,5
Germie Bernard,Germie Bernard,teamID,Rookie,PIT
Germie Bernard,Germie Bernard,rating,80,75
Germie Bernard,Germie Bernard,speed,69,74
Germie Bernard,Germie Bernard,power,85,80
Germie Bernard,Germie Bernard,agility,77,82
Germie Bernard,Germie Bernard,burst,72,77
Germie Bernard,Germie Bernard,intelligence,76,71
Germie Bernard,Germie Bernard,tackle,0,5
Germie Bernard,Germie Bernard,manCover,0,5
Germie Bernard,Germie Bernard,zoneCover,0,5
Germie Bernard,Germie Bernard,catching,90,85
Germie Bernard,Germie Bernard,routeRun,62,67
Max Iheanachor,Max Iheanachor,teamID,Rookie,PIT
Max Iheanachor,Max Iheanachor,rating,80,75
Max Iheanachor,Max Iheanachor,speed,74,75
Max Iheanachor,Max Iheanachor,power,84,88
Max Iheanachor,Max Iheanachor,agility,92,87
Max Iheanachor,Max Iheanachor,burst,74,77
Max Iheanachor,Max Iheanachor,intelligence,70,75
Max Iheanachor,Max Iheanachor,tackle,0,5
Max Iheanachor,Max Iheanachor,manCover,0,5
Max Iheanachor,Max Iheanachor,zoneCover,0,5
Max Iheanachor,Max Iheanachor,catching,0,5
Max Iheanachor,Max Iheanachor,routeRun,0,5
Braxton Jones,Braxton Jones,teamID,Free Agent,CHI
Braxton Jones,Braxton Jones,rating,69,74
Braxton Jones,Braxton Jones,speed,77,73
Braxton Jones,Braxton Jones,power,77,82
Braxton Jones,Braxton Jones,agility,83,78
Braxton Jones,Braxton Jones,burst,73,78
Braxton Jones,Braxton Jones,intelligence,81,82
Braxton Jones,Braxton Jones,tackle,0,5
Braxton Jones,Braxton Jones,manCover,0,5
Braxton Jones,Braxton Jones,zoneCover,0,5
Braxton Jones,Braxton Jones,catching,0,5
Braxton Jones,Braxton Jones,routeRun,0,5
Davison Igbinosun,Davison Igbinosun,teamID,Rookie,BUF
Davison Igbinosun,Davison Igbinosun,rating,79,74
Davison Igbinosun,Davison Igbinosun,speed,73,78
Davison Igbinosun,Davison Igbinosun,power,92,87
Davison Igbinosun,Davison Igbinosun,agility,66,71
Davison Igbinosun,Davison Igbinosun,burst,79,84
Davison Igbinosun,Davison Igbinosun,intelligence,92,87
Davison Igbinosun,Davison Igbinosun,tackle,61,65
Davison Igbinosun,Davison Igbinosun,manCover,65,70
Davison Igbinosun,Davison Igbinosun,zoneCover,79,74
Davison Igbinosun,Davison Igbinosun,catching,0,5
Davison Igbinosun,Davison Igbinosun,routeRun,0,5
Derek Barnett,Derek Barnett,teamID,Free Agent,CLE
Derek Barnett,Derek Barnett,rating,68,73
Derek Barnett,Derek Barnett,speed,84,79
Derek Barnett,Derek Barnett,power,74,79
Derek Barnett,Derek Barnett,agility,83,78
Derek Barnett,Derek Barnett,burst,86,81
Derek Barnett,Derek Barnett,intelligence,86,81
Derek Barnett,Derek Barnett,tackle,74,79
Derek Barnett,Derek Barnett,manCover,0,5
Derek Barnett,Derek Barnett,zoneCover,0,5
Derek Barnett,Derek Barnett,catching,0,5
Derek Barnett,Derek Barnett,routeRun,0,5
Markel Bell,Markel Bell,teamID,Rookie,PHI
Markel Bell,Markel Bell,rating,71,73
Markel Bell,Markel Bell,speed,54,59
Markel Bell,Markel Bell,power,70,75
Markel Bell,Markel Bell,agility,79,74
Markel Bell,Markel Bell,burst,67,66
Markel Bell,Markel Bell,intelligence,74,76
Markel Bell,Markel Bell,tackle,0,5
Markel Bell,Markel Bell,manCover,0,5
Markel Bell,Markel Bell,zoneCover,0,5
Markel Bell,Markel Bell,catching,0,5
Markel Bell,Markel Bell,routeRun,0,5
Joshua Josephs,Joshua Josephs,teamID,Rookie,WAS
Joshua Josephs,Joshua Josephs,rating,77,72
Joshua Josephs,Joshua Josephs,speed,70,75
Joshua Josephs,Joshua Josephs,power,91,86
Joshua Josephs,Joshua Josephs,agility,92,87
Joshua Josephs,Joshua Josephs,burst,64,69
Joshua Josephs,Joshua Josephs,intelligence,77,72
Joshua Josephs,Joshua Josephs,tackle,87,82
Joshua Josephs,Joshua Josephs,manCover,0,5
Joshua Josephs,Joshua Josephs,zoneCover,0,5
Joshua Josephs,Joshua Josephs,catching,0,5
Joshua Josephs,Joshua Josephs,routeRun,0,5
Tanoh Kpassagnon,Tanoh Kpassagnon,teamID,Free Agent,TEN
Tanoh Kpassagnon,Tanoh Kpassagnon,rating,66,71
Tanoh Kpassagnon,Tanoh Kpassagnon,speed,75,79
Tanoh Kpassagnon,Tanoh Kpassagnon,power,79,82
Tanoh Kpassagnon,Tanoh Kpassagnon,agility,82,77
Tanoh Kpassagnon,Tanoh Kpassagnon,burst,77,80
Tanoh Kpassagnon,Tanoh Kpassagnon,intelligence,78,73
Tanoh Kpassagnon,Tanoh Kpassagnon,tackle,84,79
Tanoh Kpassagnon,Tanoh Kpassagnon,manCover,0,5
Tanoh Kpassagnon,Tanoh Kpassagnon,zoneCover,0,5
Tanoh Kpassagnon,Tanoh Kpassagnon,catching,0,5
Tanoh Kpassagnon,Tanoh Kpassagnon,routeRun,0,5
Darius Muasau,Darius Muasau,teamID,Free Agent,NE
Darius Muasau,Darius Muasau,rating,64,69
Darius Muasau,Darius Muasau,speed,63,68
Darius Muasau,Darius Muasau,power,80,75
Darius Muasau,Darius Muasau,agility,87,82
Darius Muasau,Darius Muasau,burst,75,80
Darius Muasau,Darius Muasau,intelligence,88,83
Darius Muasau,Darius Muasau,tackle,69,74
Darius Muasau,Darius Muasau,manCover,79,74
Darius Muasau,Darius Muasau,zoneCover,75,70
Darius Muasau,Darius Muasau,catching,0,5
Darius Muasau,Darius Muasau,routeRun,0,5
Byron Young,Byron Young,teamID,Free Agent,PHI
Byron Young,Byron Young,rating,64,69
Byron Young,Byron Young,speed,84,79
Byron Young,Byron Young,power,73,78
Byron Young,Byron Young,agility,83,78
Byron Young,Byron Young,burst,75,80
Byron Young,Byron Young,intelligence,89,84
Byron Young,Byron Young,tackle,74,79
Byron Young,Byron Young,manCover,0,5
Byron Young,Byron Young,zoneCover,0,5
Byron Young,Byron Young,catching,0,5
Byron Young,Byron Young,routeRun,0,5
Xavier Smith,Xavier Smith,teamID,Free Agent,LAR
Xavier Smith,Xavier Smith,rating,66,68
Xavier Smith,Xavier Smith,speed,71,76
Xavier Smith,Xavier Smith,power,84,79
Xavier Smith,Xavier Smith,agility,83,78
Xavier Smith,Xavier Smith,burst,82,87
Xavier Smith,Xavier Smith,intelligence,80,75
Xavier Smith,Xavier Smith,tackle,0,5
Xavier Smith,Xavier Smith,manCover,0,5
Xavier Smith,Xavier Smith,zoneCover,0,5
Xavier Smith,Xavier Smith,catching,77,82
Xavier Smith,Xavier Smith,routeRun,76,72
Jaylen Reed,Jaylen Reed,teamID,HOU,NE
Jaylen Reed,Jaylen Reed,rating,63,68
Jaylen Reed,Jaylen Reed,speed,77,82
Jaylen Reed,Jaylen Reed,power,82,77
Jaylen Reed,Jaylen Reed,agility,72,77
Jaylen Reed,Jaylen Reed,burst,74,79
Jaylen Reed,Jaylen Reed,intelligence,80,75
Jaylen Reed,Jaylen Reed,tackle,76,71
Jaylen Reed,Jaylen Reed,manCover,74,69
Jaylen Reed,Jaylen Reed,zoneCover,81,76
Jaylen Reed,Jaylen Reed,catching,0,5
Jaylen Reed,Jaylen Reed,routeRun,0,5
Johnny Mundt,Johnny Mundt,teamID,JAX,PHI
Johnny Mundt,Johnny Mundt,rating,73,68
Johnny Mundt,Johnny Mundt,speed,74,79
Johnny Mundt,Johnny Mundt,power,77,74
Johnny Mundt,Johnny Mundt,agility,83,78
Johnny Mundt,Johnny Mundt,burst,76,81
Johnny Mundt,Johnny Mundt,intelligence,77,74
Johnny Mundt,Johnny Mundt,tackle,0,5
Johnny Mundt,Johnny Mundt,manCover,0,5
Johnny Mundt,Johnny Mundt,zoneCover,0,5
Johnny Mundt,Johnny Mundt,catching,81,79
Johnny Mundt,Johnny Mundt,routeRun,73,68
Brian Parker II,Brian Parker II,teamID,Rookie,CIN
Brian Parker II,Brian Parker II,rating,70,68
Brian Parker II,Brian Parker II,speed,59,64
Brian Parker II,Brian Parker II,power,66,71
Brian Parker II,Brian Parker II,agility,92,87
Brian Parker II,Brian Parker II,burst,58,63
Brian Parker II,Brian Parker II,intelligence,70,68
Brian Parker II,Brian Parker II,tackle,0,5
Brian Parker II,Brian Parker II,manCover,0,5
Brian Parker II,Brian Parker II,zoneCover,0,5
Brian Parker II,Brian Parker II,catching,0,5
Brian Parker II,Brian Parker II,routeRun,0,5
Chris Blair,Chris Blair,teamID,Free Agent,ATL
Chris Blair,Chris Blair,rating,69,67
Chris Blair,Chris Blair,speed,76,81
Chris Blair,Chris Blair,power,82,77
Chris Blair,Chris Blair,agility,74,79
Chris Blair,Chris Blair,burst,83,88
Chris Blair,Chris Blair,intelligence,73,68
Chris Blair,Chris Blair,tackle,0,5
Chris Blair,Chris Blair,manCover,0,5
Chris Blair,Chris Blair,zoneCover,0,5
Chris Blair,Chris Blair,catching,84,79
Chris Blair,Chris Blair,routeRun,81,76
Eric Saubert,Eric Saubert,teamID,Free Agent,SEA
Eric Saubert,Eric Saubert,rating,62,67
Eric Saubert,Eric Saubert,speed,73,78
Eric Saubert,Eric Saubert,agility,78,73
Eric Saubert,Eric Saubert,burst,70,75
Eric Saubert,Eric Saubert,intelligence,78,73
Eric Saubert,Eric Saubert,tackle,0,5
Eric Saubert,Eric Saubert,manCover,0,5
Eric Saubert,Eric Saubert,zoneCover,0,5
Eric Saubert,Eric Saubert,catching,75,78
Eric Saubert,Eric Saubert,routeRun,75,70
Daniel Hardy,Daniel Hardy,teamID,Free Agent,CHI
Daniel Hardy,Daniel Hardy,rating,62,67
Daniel Hardy,Daniel Hardy,speed,78,82
Daniel Hardy,Daniel Hardy,power,74,71
Daniel Hardy,Daniel Hardy,agility,82,87
Daniel Hardy,Daniel Hardy,burst,85,90
Daniel Hardy,Daniel Hardy,intelligence,72,67
Daniel Hardy,Daniel Hardy,tackle,66,71
Daniel Hardy,Daniel Hardy,manCover,0,5
Daniel Hardy,Daniel Hardy,zoneCover,0,5
Daniel Hardy,Daniel Hardy,catching,0,5
Daniel Hardy,Daniel Hardy,routeRun,0,5
Braiden McGregor,Braiden McGregor,teamID,Free Agent,NYJ
Braiden McGregor,Braiden McGregor,rating,62,67
Braiden McGregor,Braiden McGregor,speed,90,85
Braiden McGregor,Braiden McGregor,power,86,81
Braiden McGregor,Braiden McGregor,agility,70,73
Braiden McGregor,Braiden McGregor,burst,75,80
Braiden McGregor,Braiden McGregor,intelligence,66,68
Braiden McGregor,Braiden McGregor,tackle,77,82
Braiden McGregor,Braiden McGregor,manCover,0,5
Braiden McGregor,Braiden McGregor,zoneCover,0,5
Braiden McGregor,Braiden McGregor,catching,0,5
Braiden McGregor,Braiden McGregor,routeRun,0,5
Christian Braswell,Christian Braswell,teamID,Free Agent,JAX
Christian Braswell,Christian Braswell,rating,64,66
Christian Braswell,Christian Braswell,speed,72,77
Christian Braswell,Christian Braswell,power,86,81
Christian Braswell,Christian Braswell,agility,73,78
Christian Braswell,Christian Braswell,burst,86,90
Christian Braswell,Christian Braswell,intelligence,79,74
Christian Braswell,Christian Braswell,tackle,77,72
Christian Braswell,Christian Braswell,manCover,83,78
Christian Braswell,Christian Braswell,zoneCover,70,72
Christian Braswell,Christian Braswell,catching,0,5
Christian Braswell,Christian Braswell,routeRun,0,5
Jalen Davis,Jalen Davis,teamID,Free Agent,CIN
Jalen Davis,Jalen Davis,rating,61,66
Jalen Davis,Jalen Davis,speed,76,81
Jalen Davis,Jalen Davis,power,89,84
Jalen Davis,Jalen Davis,agility,75,80
Jalen Davis,Jalen Davis,burst,74,79
Jalen Davis,Jalen Davis,intelligence,85,80
Jalen Davis,Jalen Davis,tackle,67,62
Jalen Davis,Jalen Davis,manCover,80,75
Jalen Davis,Jalen Davis,zoneCover,66,67
Jalen Davis,Jalen Davis,catching,0,5
Jalen Davis,Jalen Davis,routeRun,0,5
Bryce Cabeldue,Bryce Cabeldue,teamID,SEA,LV
Bryce Cabeldue,Bryce Cabeldue,rating,68,66
Bryce Cabeldue,Bryce Cabeldue,speed,78,74
Bryce Cabeldue,Bryce Cabeldue,power,82,87
Bryce Cabeldue,Bryce Cabeldue,agility,74,69
Bryce Cabeldue,Bryce Cabeldue,burst,75,77
Bryce Cabeldue,Bryce Cabeldue,intelligence,66,67
Bryce Cabeldue,Bryce Cabeldue,tackle,0,5
Bryce Cabeldue,Bryce Cabeldue,manCover,0,5
Bryce Cabeldue,Bryce Cabeldue,zoneCover,0,5
Bryce Cabeldue,Bryce Cabeldue,catching,0,5
Bryce Cabeldue,Bryce Cabeldue,routeRun,0,5
Bill Murray,Bill Murray,teamID,Free Agent,LAR
Bill Murray,Bill Murray,rating,70,65
Bill Murray,Bill Murray,speed,83,78
Bill Murray,Bill Murray,power,83,82
Bill Murray,Bill Murray,agility,79,74
Bill Murray,Bill Murray,burst,67,71
Bill Murray,Bill Murray,intelligence,78,73
Bill Murray,Bill Murray,tackle,0,5
Bill Murray,Bill Murray,manCover,0,5
Bill Murray,Bill Murray,zoneCover,0,5
Bill Murray,Bill Murray,catching,0,5
Bill Murray,Bill Murray,routeRun,0,5
Marcelino McCrary-Ball,Marcelino McCrary-Ball,teamID,Free Agent,NYJ
Marcelino McCrary-Ball,Marcelino McCrary-Ball,rating,59,64
Marcelino McCrary-Ball,Marcelino McCrary-Ball,speed,75,80
Marcelino McCrary-Ball,Marcelino McCrary-Ball,power,70,72
Marcelino McCrary-Ball,Marcelino McCrary-Ball,agility,86,83
Marcelino McCrary-Ball,Marcelino McCrary-Ball,burst,79,84
Marcelino McCrary-Ball,Marcelino McCrary-Ball,intelligence,73,68
Marcelino McCrary-Ball,Marcelino McCrary-Ball,tackle,75,73
Marcelino McCrary-Ball,Marcelino McCrary-Ball,manCover,0,5
Marcelino McCrary-Ball,Marcelino McCrary-Ball,zoneCover,0,5
Marcelino McCrary-Ball,Marcelino McCrary-Ball,catching,0,5
Marcelino McCrary-Ball,Marcelino McCrary-Ball,routeRun,0,5
Storm Duck,Storm Duck,teamID,Free Agent,MIA
Storm Duck,Storm Duck,rating,68,63
Storm Duck,Storm Duck,speed,83,88
Storm Duck,Storm Duck,power,79,74
Storm Duck,Storm Duck,burst,75,80
Storm Duck,Storm Duck,intelligence,72,67
Storm Duck,Storm Duck,tackle,85,80
Storm Duck,Storm Duck,manCover,71,66
Storm Duck,Storm Duck,zoneCover,75,70
Storm Duck,Storm Duck,catching,0,5
Storm Duck,Storm Duck,routeRun,0,5
Atonio Mafi,Atonio Mafi,teamID,Free Agent,TEN
Atonio Mafi,Atonio Mafi,rating,60,62
Atonio Mafi,Atonio Mafi,speed,71,66
Atonio Mafi,Atonio Mafi,power,75,80
Atonio Mafi,Atonio Mafi,agility,85,80
Atonio Mafi,Atonio Mafi,burst,82,77
Atonio Mafi,Atonio Mafi,intelligence,67,62
Atonio Mafi,Atonio Mafi,tackle,0,5
Atonio Mafi,Atonio Mafi,manCover,0,5
Atonio Mafi,Atonio Mafi,zoneCover,0,5
Atonio Mafi,Atonio Mafi,catching,0,5
Atonio Mafi,Atonio Mafi,routeRun,0,5
Stefon Diggs,Stefon Diggs,teamID,Free Agent,WAS
Stefon Diggs,Stefon Diggs,rating,80,86
Stefon Diggs,Stefon Diggs,speed,84,88
Stefon Diggs,Stefon Diggs,power,80,75
Stefon Diggs,Stefon Diggs,agility,96,91
Stefon Diggs,Stefon Diggs,burst,82,87
Stefon Diggs,Stefon Diggs,intelligence,88,83
Stefon Diggs,Stefon Diggs,tackle,0,5
Stefon Diggs,Stefon Diggs,manCover,0,5
Stefon Diggs,Stefon Diggs,zoneCover,0,5
Stefon Diggs,Stefon Diggs,catching,82,87
Stefon Diggs,Stefon Diggs,routeRun,98,93
Bobby Okereke,Bobby Okereke,teamID,NYG,CAR
Bobby Okereke,Bobby Okereke,rating,77,83
Bobby Okereke,Bobby Okereke,speed,91,88
Bobby Okereke,Bobby Okereke,power,86,81
Bobby Okereke,Bobby Okereke,burst,88,87
Bobby Okereke,Bobby Okereke,intelligence,85,80
Bobby Okereke,Bobby Okereke,tackle,82,87
Bobby Okereke,Bobby Okereke,manCover,86,81
Bobby Okereke,Bobby Okereke,zoneCover,79,76
Bobby Okereke,Bobby Okereke,catching,0,5
Bobby Okereke,Bobby Okereke,routeRun,0,5
Harrison Phillips,Harrison Phillips,teamID,Free Agent,NYJ
Harrison Phillips,Harrison Phillips,rating,72,78
Harrison Phillips,Harrison Phillips,speed,83,78
Harrison Phillips,Harrison Phillips,power,81,86
Harrison Phillips,Harrison Phillips,burst,83,78
Harrison Phillips,Harrison Phillips,intelligence,77,73
Harrison Phillips,Harrison Phillips,tackle,80,85
Harrison Phillips,Harrison Phillips,manCover,0,5
Harrison Phillips,Harrison Phillips,zoneCover,0,5
Harrison Phillips,Harrison Phillips,catching,0,5
Harrison Phillips,Harrison Phillips,routeRun,0,5
R Mason Thomas,R Mason Thomas,teamID,Rookie,KC
R Mason Thomas,R Mason Thomas,speed,75,80
R Mason Thomas,R Mason Thomas,power,88,83
R Mason Thomas,R Mason Thomas,agility,70,75
R Mason Thomas,R Mason Thomas,burst,70,75
R Mason Thomas,R Mason Thomas,intelligence,82,77
R Mason Thomas,R Mason Thomas,tackle,92,87
R Mason Thomas,R Mason Thomas,manCover,0,5
R Mason Thomas,R Mason Thomas,zoneCover,0,5
R Mason Thomas,R Mason Thomas,catching,0,5
R Mason Thomas,R Mason Thomas,routeRun,0,5
Greg Van Roten,Greg Van Roten,teamID,Free Agent,NE
Greg Van Roten,Greg Van Roten,rating,70,76
Greg Van Roten,Greg Van Roten,speed,82,77
Greg Van Roten,Greg Van Roten,power,81,84
Greg Van Roten,Greg Van Roten,agility,70,65
Greg Van Roten,Greg Van Roten,burst,81,76
Greg Van Roten,Greg Van Roten,intelligence,80,85
Greg Van Roten,Greg Van Roten,tackle,0,5
Greg Van Roten,Greg Van Roten,manCover,0,5
Greg Van Roten,Greg Van Roten,zoneCover,0,5
Greg Van Roten,Greg Van Roten,catching,0,5
Greg Van Roten,Greg Van Roten,routeRun,0,5
Jonnu Smith,Jonnu Smith,teamID,Free Agent,GB
Jonnu Smith,Jonnu Smith,rating,70,76
Jonnu Smith,Jonnu Smith,speed,77,82
Jonnu Smith,Jonnu Smith,power,87,82
Jonnu Smith,Jonnu Smith,agility,83,78
Jonnu Smith,Jonnu Smith,burst,77,82
Jonnu Smith,Jonnu Smith,intelligence,77,72
Jonnu Smith,Jonnu Smith,tackle,0,5
Jonnu Smith,Jonnu Smith,manCover,0,5
Jonnu Smith,Jonnu Smith,zoneCover,0,5
Jonnu Smith,Jonnu Smith,catching,80,85
Jonnu Smith,Jonnu Smith,routeRun,78,73
Tutu Atwell,Tutu Atwell,teamID,MIA,LAR
Tutu Atwell,Tutu Atwell,rating,78,75
Tutu Atwell,Tutu Atwell,speed,84,89
Tutu Atwell,Tutu Atwell,power,89,84
Tutu Atwell,Tutu Atwell,agility,89,88
Tutu Atwell,Tutu Atwell,burst,83,88
Tutu Atwell,Tutu Atwell,intelligence,81,78
Tutu Atwell,Tutu Atwell,tackle,0,5
Tutu Atwell,Tutu Atwell,manCover,0,5
Tutu Atwell,Tutu Atwell,zoneCover,0,5
Tutu Atwell,Tutu Atwell,catching,86,83
Tutu Atwell,Tutu Atwell,routeRun,79,77
Nathan Shepherd,Nathan Shepherd,teamID,Free Agent,NO
Nathan Shepherd,Nathan Shepherd,rating,71,74
Nathan Shepherd,Nathan Shepherd,speed,80,75
Nathan Shepherd,Nathan Shepherd,power,74,79
Nathan Shepherd,Nathan Shepherd,agility,92,87
Nathan Shepherd,Nathan Shepherd,burst,86,81
Nathan Shepherd,Nathan Shepherd,intelligence,85,80
Nathan Shepherd,Nathan Shepherd,tackle,70,75
Nathan Shepherd,Nathan Shepherd,manCover,0,5
Nathan Shepherd,Nathan Shepherd,zoneCover,0,5
Nathan Shepherd,Nathan Shepherd,catching,0,5
Nathan Shepherd,Nathan Shepherd,routeRun,0,5
Damar Hamlin,Damar Hamlin,teamID,Free Agent,BUF
Damar Hamlin,Damar Hamlin,rating,67,73
Damar Hamlin,Damar Hamlin,speed,81,86
Damar Hamlin,Damar Hamlin,power,76,71
Damar Hamlin,Damar Hamlin,agility,76,81
Damar Hamlin,Damar Hamlin,burst,79,84
Damar Hamlin,Damar Hamlin,intelligence,81,76
Damar Hamlin,Damar Hamlin,tackle,74,70
Damar Hamlin,Damar Hamlin,manCover,92,87
Damar Hamlin,Damar Hamlin,zoneCover,75,71
Damar Hamlin,Damar Hamlin,catching,0,5
Damar Hamlin,Damar Hamlin,routeRun,0,5
Malik Davis,Malik Davis,teamID,Free Agent,DAL
Malik Davis,Malik Davis,rating,67,73
Malik Davis,Malik Davis,speed,75,80
Malik Davis,Malik Davis,power,71,66
Malik Davis,Malik Davis,agility,72,77
Malik Davis,Malik Davis,burst,79,84
Malik Davis,Malik Davis,intelligence,72,77
Malik Davis,Malik Davis,tackle,0,5
Malik Davis,Malik Davis,manCover,0,5
Malik Davis,Malik Davis,zoneCover,0,5
Malik Davis,Malik Davis,catching,73,69
Malik Davis,Malik Davis,routeRun,72,67
Mike Ford,Mike Ford Jr,teamID,Free Agent,ATL
Mike Ford,Mike Ford Jr,rating,66,72
Mike Ford,Mike Ford Jr,speed,77,82
Mike Ford,Mike Ford Jr,power,77,72
Mike Ford,Mike Ford Jr,agility,81,86
Mike Ford,Mike Ford Jr,burst,78,83
Mike Ford,Mike Ford Jr,intelligence,78,73
Mike Ford,Mike Ford Jr,tackle,84,79
Mike Ford,Mike Ford Jr,manCover,80,75
Mike Ford,Mike Ford Jr,zoneCover,72,69
Mike Ford,Mike Ford Jr,catching,0,5
Mike Ford,Mike Ford Jr,routeRun,0,5
Genesis Smith,Genesis Smith,teamID,Rookie,LAC
Genesis Smith,Genesis Smith,rating,75,72
Genesis Smith,Genesis Smith,speed,92,89
Genesis Smith,Genesis Smith,power,51,56
Genesis Smith,Genesis Smith,agility,91,86
Genesis Smith,Genesis Smith,burst,88,93
Genesis Smith,Genesis Smith,intelligence,57,62
Genesis Smith,Genesis Smith,tackle,84,79
Genesis Smith,Genesis Smith,manCover,62,67
Genesis Smith,Genesis Smith,zoneCover,73,69
Genesis Smith,Genesis Smith,catching,0,5
Genesis Smith,Genesis Smith,routeRun,0,5
Jalen Farmer,Jalen Farmer,teamID,Rookie,IND
Jalen Farmer,Jalen Farmer,rating,75,72
Jalen Farmer,Jalen Farmer,speed,36,41
Jalen Farmer,Jalen Farmer,power,77,82
Jalen Farmer,Jalen Farmer,agility,92,87
Jalen Farmer,Jalen Farmer,burst,58,63
Jalen Farmer,Jalen Farmer,intelligence,59,64
Jalen Farmer,Jalen Farmer,tackle,0,5
Jalen Farmer,Jalen Farmer,manCover,0,5
Jalen Farmer,Jalen Farmer,zoneCover,0,5
Jalen Farmer,Jalen Farmer,catching,0,5
Jalen Farmer,Jalen Farmer,routeRun,0,5
Ethan Pocic,Ethan Pocic,teamID,Free Agent,BAL
Ethan Pocic,Ethan Pocic,rating,76,70
Ethan Pocic,Ethan Pocic,speed,94,89
Ethan Pocic,Ethan Pocic,agility,83,78
Ethan Pocic,Ethan Pocic,burst,90,85
Ethan Pocic,Ethan Pocic,intelligence,74,69
Ethan Pocic,Ethan Pocic,tackle,0,5
Ethan Pocic,Ethan Pocic,manCover,0,5
Ethan Pocic,Ethan Pocic,zoneCover,0,5
Ethan Pocic,Ethan Pocic,catching,0,5
Ethan Pocic,Ethan Pocic,routeRun,0,5
David Sills,David Sills V,teamID,Free Agent,TB
David Sills,David Sills V,rating,66,69
David Sills,David Sills V,speed,79,84
David Sills,David Sills V,power,78,73
David Sills,David Sills V,agility,77,82
David Sills,David Sills V,burst,85,89
David Sills,David Sills V,intelligence,75,74
David Sills,David Sills V,tackle,0,5
David Sills,David Sills V,manCover,0,5
David Sills,David Sills V,zoneCover,0,5
David Sills,David Sills V,routeRun,71,73
Dominique Robinson,Dominique Robinson,teamID,Free Agent,HOU
Dominique Robinson,Dominique Robinson,rating,63,69
Dominique Robinson,Dominique Robinson,speed,72,77
Dominique Robinson,Dominique Robinson,power,76,79
Dominique Robinson,Dominique Robinson,agility,72,76
Dominique Robinson,Dominique Robinson,burst,83,86
Dominique Robinson,Dominique Robinson,intelligence,77,72
Dominique Robinson,Dominique Robinson,tackle,70,75
Dominique Robinson,Dominique Robinson,manCover,0,5
Dominique Robinson,Dominique Robinson,zoneCover,0,5
Dominique Robinson,Dominique Robinson,catching,0,5
Dominique Robinson,Dominique Robinson,routeRun,0,5
Rakeem Nunez-Roches,Rakeem Nunez-Roches Sr,teamID,Free Agent,TB
Rakeem Nunez-Roches,Rakeem Nunez-Roches Sr,rating,63,69
Rakeem Nunez-Roches,Rakeem Nunez-Roches Sr,agility,83,78
Rakeem Nunez-Roches,Rakeem Nunez-Roches Sr,burst,65,70
Rakeem Nunez-Roches,Rakeem Nunez-Roches Sr,intelligence,74,72
Rakeem Nunez-Roches,Rakeem Nunez-Roches Sr,tackle,73,78
Rakeem Nunez-Roches,Rakeem Nunez-Roches Sr,manCover,0,5
Rakeem Nunez-Roches,Rakeem Nunez-Roches Sr,zoneCover,0,5
Rakeem Nunez-Roches,Rakeem Nunez-Roches Sr,catching,0,5
Rakeem Nunez-Roches,Rakeem Nunez-Roches Sr,routeRun,0,5
Hezekiah Masses,Hezekiah Masses,teamID,Rookie,LV
Hezekiah Masses,Hezekiah Masses,rating,72,69
Hezekiah Masses,Hezekiah Masses,speed,73,78
Hezekiah Masses,Hezekiah Masses,power,42,47
Hezekiah Masses,Hezekiah Masses,agility,51,56
Hezekiah Masses,Hezekiah Masses,burst,83,88
Hezekiah Masses,Hezekiah Masses,intelligence,61,66
Hezekiah Masses,Hezekiah Masses,tackle,83,78
Hezekiah Masses,Hezekiah Masses,manCover,91,86
Hezekiah Masses,Hezekiah Masses,zoneCover,92,87
Hezekiah Masses,Hezekiah Masses,catching,0,5
Hezekiah Masses,Hezekiah Masses,routeRun,0,5
Brevin Jordan,Brevin Jordan,teamID,Free Agent,HOU
Brevin Jordan,Brevin Jordan,rating,74,68
Brevin Jordan,Brevin Jordan,speed,85,86
Brevin Jordan,Brevin Jordan,power,90,85
Brevin Jordan,Brevin Jordan,agility,68,73
Brevin Jordan,Brevin Jordan,burst,82,87
Brevin Jordan,Brevin Jordan,intelligence,78,73
Brevin Jordan,Brevin Jordan,tackle,0,5
Brevin Jordan,Brevin Jordan,manCover,0,5
Brevin Jordan,Brevin Jordan,zoneCover,0,5
Brevin Jordan,Brevin Jordan,catching,77,79
Brevin Jordan,Brevin Jordan,routeRun,82,77
Carson Wentz,Carson Wentz,teamID,Free Agent,MIN
Carson Wentz,Carson Wentz,rating,62,68
Carson Wentz,Carson Wentz,speed,79,82
Carson Wentz,Carson Wentz,power,73,72
Carson Wentz,Carson Wentz,agility,71,76
Carson Wentz,Carson Wentz,burst,77,82
Carson Wentz,Carson Wentz,intelligence,71,73
Carson Wentz,Carson Wentz,tackle,0,5
Carson Wentz,Carson Wentz,manCover,0,5
Carson Wentz,Carson Wentz,zoneCover,0,5
Carson Wentz,Carson Wentz,catching,0,5
Carson Wentz,Carson Wentz,routeRun,0,5
David Long,David Long Jr,teamID,Free Agent,NO
David Long,David Long Jr,rating,62,68
David Long,David Long Jr,speed,75,80
David Long,David Long Jr,power,78,73
David Long,David Long Jr,agility,81,86
David Long,David Long Jr,burst,76,81
David Long,David Long Jr,intelligence,72,67
David Long,David Long Jr,tackle,75,70
David Long,David Long Jr,manCover,72,71
David Long,David Long Jr,zoneCover,85,80
David Long,David Long Jr,catching,0,5
David Long,David Long Jr,routeRun,0,5
Michael Deiter,Michael Deiter,teamID,Free Agent,DEN
Michael Deiter,Michael Deiter,rating,69,66
Michael Deiter,Michael Deiter,speed,87,82
Michael Deiter,Michael Deiter,power,76,81
Michael Deiter,Michael Deiter,agility,61,56
Michael Deiter,Michael Deiter,burst,76,71
Michael Deiter,Michael Deiter,intelligence,90,85
Michael Deiter,Michael Deiter,tackle,0,5
Michael Deiter,Michael Deiter,manCover,0,5
Michael Deiter,Michael Deiter,zoneCover,0,5
Michael Deiter,Michael Deiter,catching,0,5
Michael Deiter,Michael Deiter,routeRun,0,5
Ryan Van Demark,Ryan Van Demark,teamID,Free Agent,MIN
Ryan Van Demark,Ryan Van Demark,rating,70,64
Ryan Van Demark,Ryan Van Demark,speed,80,75
Ryan Van Demark,Ryan Van Demark,power,85,83
Ryan Van Demark,Ryan Van Demark,agility,76,71
Ryan Van Demark,Ryan Van Demark,burst,76,74
Ryan Van Demark,Ryan Van Demark,intelligence,85,80
Ryan Van Demark,Ryan Van Demark,tackle,0,5
Ryan Van Demark,Ryan Van Demark,manCover,0,5
Ryan Van Demark,Ryan Van Demark,zoneCover,0,5
Ryan Van Demark,Ryan Van Demark,catching,0,5
Ryan Van Demark,Ryan Van Demark,routeRun,0,5
Malik Herring,Malik Herring,teamID,Free Agent,MIA
Malik Herring,Malik Herring,rating,60,63
Malik Herring,Malik Herring,speed,72,74
Malik Herring,Malik Herring,power,82,78
Malik Herring,Malik Herring,agility,76,71
Malik Herring,Malik Herring,burst,79,78
Malik Herring,Malik Herring,intelligence,66,61
Malik Herring,Malik Herring,tackle,67,72
Malik Herring,Malik Herring,manCover,0,5
Malik Herring,Malik Herring,zoneCover,0,5
Malik Herring,Malik Herring,catching,0,5
Malik Herring,Malik Herring,routeRun,0,5
Alex Ward,Alex Ward,teamID,Free Agent,LV
Alex Ward,Alex Ward,rating,56,62
Alex Ward,Alex Ward,speed,80,75
Alex Ward,Alex Ward,agility,78,73
Alex Ward,Alex Ward,burst,78,77
Alex Ward,Alex Ward,intelligence,69,64
Alex Ward,Alex Ward,tackle,0,5
Alex Ward,Alex Ward,manCover,0,5
Alex Ward,Alex Ward,zoneCover,0,5
Alex Ward,Alex Ward,catching,0,5
Alex Ward,Alex Ward,routeRun,0,5
Colson Yankoff,Colson Yankoff,teamID,Free Agent,WAS
Colson Yankoff,Colson Yankoff,rating,67,61
Colson Yankoff,Colson Yankoff,speed,75,80
Colson Yankoff,Colson Yankoff,power,74,71
Colson Yankoff,Colson Yankoff,agility,71,76
Colson Yankoff,Colson Yankoff,burst,74,79
Colson Yankoff,Colson Yankoff,intelligence,75,70
Colson Yankoff,Colson Yankoff,tackle,0,5
Colson Yankoff,Colson Yankoff,manCover,0,5
Colson Yankoff,Colson Yankoff,zoneCover,0,5
Colson Yankoff,Colson Yankoff,catching,71,73
Colson Yankoff,Colson Yankoff,routeRun,76,71
Scott Daly,Scott Daly,teamID,Free Agent,CHI
Scott Daly,Scott Daly,rating,53,59
Scott Daly,Scott Daly,power,66,71
Scott Daly,Scott Daly,agility,71,66
Scott Daly,Scott Daly,burst,69,70
Scott Daly,Scott Daly,intelligence,75,70
Scott Daly,Scott Daly,tackle,0,5
Scott Daly,Scott Daly,manCover,0,5
Scott Daly,Scott Daly,zoneCover,0,5
Scott Daly,Scott Daly,catching,0,5
Scott Daly,Scott Daly,routeRun,0,5
Harrison Smith,Harrison Smith,teamID,Free Agent,MIN
Harrison Smith,Harrison Smith,rating,80,87
Harrison Smith,Harrison Smith,power,86,81
Harrison Smith,Harrison Smith,agility,87,86
Harrison Smith,Harrison Smith,burst,73,78
Harrison Smith,Harrison Smith,intelligence,95,91
Harrison Smith,Harrison Smith,tackle,96,91
Harrison Smith,Harrison Smith,manCover,78,73
Harrison Smith,Harrison Smith,zoneCover,87,84
Harrison Smith,Harrison Smith,catching,0,5
Harrison Smith,Harrison Smith,routeRun,0,5
Keenan Allen,Keenan Allen,teamID,Free Agent,IND
Keenan Allen,Keenan Allen,rating,75,82
Keenan Allen,Keenan Allen,speed,72,77
Keenan Allen,Keenan Allen,power,81,76
Keenan Allen,Keenan Allen,agility,84,87
Keenan Allen,Keenan Allen,burst,73,78
Keenan Allen,Keenan Allen,intelligence,81,86
Keenan Allen,Keenan Allen,tackle,0,5
Keenan Allen,Keenan Allen,manCover,0,5
Keenan Allen,Keenan Allen,zoneCover,0,5
Keenan Allen,Keenan Allen,catching,92,87
Keenan Allen,Keenan Allen,routeRun,91,86
Jadeveon Clowney,Jadeveon Clowney,teamID,Free Agent,HOU
Jadeveon Clowney,Jadeveon Clowney,rating,73,80
Jadeveon Clowney,Jadeveon Clowney,speed,80,82
Jadeveon Clowney,Jadeveon Clowney,power,85,84
Jadeveon Clowney,Jadeveon Clowney,agility,79,81
Jadeveon Clowney,Jadeveon Clowney,burst,74,79
Jadeveon Clowney,Jadeveon Clowney,intelligence,85,80
Jadeveon Clowney,Jadeveon Clowney,tackle,79,84
Jadeveon Clowney,Jadeveon Clowney,manCover,0,5
Jadeveon Clowney,Jadeveon Clowney,zoneCover,0,5
Jadeveon Clowney,Jadeveon Clowney,catching,0,5
Jadeveon Clowney,Jadeveon Clowney,routeRun,0,5
L'Jarius Sneed,L'Jarius Sneed,teamID,TEN,KC
L'Jarius Sneed,L'Jarius Sneed,rating,73,80
L'Jarius Sneed,L'Jarius Sneed,speed,83,88
L'Jarius Sneed,L'Jarius Sneed,power,89,84
L'Jarius Sneed,L'Jarius Sneed,agility,88,87
L'Jarius Sneed,L'Jarius Sneed,burst,78,83
L'Jarius Sneed,L'Jarius Sneed,tackle,86,81
L'Jarius Sneed,L'Jarius Sneed,manCover,68,70
L'Jarius Sneed,L'Jarius Sneed,zoneCover,79,78
L'Jarius Sneed,L'Jarius Sneed,catching,0,5
L'Jarius Sneed,L'Jarius Sneed,routeRun,0,5
Calvin Austin III,Calvin Austin,teamID,Free Agent,NYG
Calvin Austin III,Calvin Austin,rating,69,76
Calvin Austin III,Calvin Austin,speed,74,79
Calvin Austin III,Calvin Austin,power,87,82
Calvin Austin III,Calvin Austin,agility,75,80
Calvin Austin III,Calvin Austin,burst,90,95
Calvin Austin III,Calvin Austin,intelligence,89,84
Calvin Austin III,Calvin Austin,tackle,0,5
Calvin Austin III,Calvin Austin,manCover,0,5
Calvin Austin III,Calvin Austin,zoneCover,0,5
Calvin Austin III,Calvin Austin,catching,76,81
Calvin Austin III,Calvin Austin,routeRun,81,76
Mekhi Blackmon,Mekhi Blackmon,teamID,Free Agent,CLE
Mekhi Blackmon,Mekhi Blackmon,rating,69,76
Mekhi Blackmon,Mekhi Blackmon,speed,80,85
Mekhi Blackmon,Mekhi Blackmon,power,80,75
Mekhi Blackmon,Mekhi Blackmon,agility,75,80
Mekhi Blackmon,Mekhi Blackmon,burst,71,76
Mekhi Blackmon,Mekhi Blackmon,intelligence,86,81
Mekhi Blackmon,Mekhi Blackmon,tackle,82,77
Mekhi Blackmon,Mekhi Blackmon,manCover,76,71
Mekhi Blackmon,Mekhi Blackmon,zoneCover,88,83
Mekhi Blackmon,Mekhi Blackmon,catching,0,5
Mekhi Blackmon,Mekhi Blackmon,routeRun,0,5
Peter Woods,Peter Woods,teamID,Rookie,KC
Peter Woods,Peter Woods,rating,83,76
Peter Woods,Peter Woods,speed,63,68
Peter Woods,Peter Woods,power,86,89
Peter Woods,Peter Woods,agility,48,53
Peter Woods,Peter Woods,burst,63,68
Peter Woods,Peter Woods,intelligence,67,72
Peter Woods,Peter Woods,tackle,91,86
Peter Woods,Peter Woods,manCover,0,5
Peter Woods,Peter Woods,zoneCover,0,5
Peter Woods,Peter Woods,catching,0,5
Peter Woods,Peter Woods,routeRun,0,5
De'Zhaun Stribling,De'Zhaun Stribling,teamID,Rookie,SF
De'Zhaun Stribling,De'Zhaun Stribling,rating,77,76
De'Zhaun Stribling,De'Zhaun Stribling,speed,61,66
De'Zhaun Stribling,De'Zhaun Stribling,power,86,81
De'Zhaun Stribling,De'Zhaun Stribling,agility,55,60
De'Zhaun Stribling,De'Zhaun Stribling,burst,88,93
De'Zhaun Stribling,De'Zhaun Stribling,intelligence,68,73
De'Zhaun Stribling,De'Zhaun Stribling,tackle,0,5
De'Zhaun Stribling,De'Zhaun Stribling,manCover,0,5
De'Zhaun Stribling,De'Zhaun Stribling,zoneCover,0,5
De'Zhaun Stribling,De'Zhaun Stribling,catching,77,82
De'Zhaun Stribling,De'Zhaun Stribling,routeRun,70,75
Emmanuel McNeil-Warren,Emmanuel McNeil-Warren,teamID,Rookie,CLE
Emmanuel McNeil-Warren,Emmanuel McNeil-Warren,rating,79,75
Emmanuel McNeil-Warren,Emmanuel McNeil-Warren,speed,83,88
Emmanuel McNeil-Warren,Emmanuel McNeil-Warren,power,84,79
Emmanuel McNeil-Warren,Emmanuel McNeil-Warren,agility,79,84
Emmanuel McNeil-Warren,Emmanuel McNeil-Warren,burst,81,86
Emmanuel McNeil-Warren,Emmanuel McNeil-Warren,intelligence,77,75
Emmanuel McNeil-Warren,Emmanuel McNeil-Warren,tackle,78,73
Emmanuel McNeil-Warren,Emmanuel McNeil-Warren,manCover,72,67
Emmanuel McNeil-Warren,Emmanuel McNeil-Warren,zoneCover,82,77
Emmanuel McNeil-Warren,Emmanuel McNeil-Warren,catching,0,5
Emmanuel McNeil-Warren,Emmanuel McNeil-Warren,routeRun,0,5
John Metchie III,John Metchie III,teamID,Free Agent,CAR
John Metchie III,John Metchie III,rating,66,73
John Metchie III,John Metchie III,speed,67,72
John Metchie III,John Metchie III,power,78,73
John Metchie III,John Metchie III,agility,77,82
John Metchie III,John Metchie III,burst,79,84
John Metchie III,John Metchie III,intelligence,85,80
John Metchie III,John Metchie III,tackle,0,5
John Metchie III,John Metchie III,manCover,0,5
John Metchie III,John Metchie III,zoneCover,0,5
John Metchie III,John Metchie III,routeRun,78,75
Ameer Abdullah,Ameer Abdullah,teamID,Free Agent,JAX
Ameer Abdullah,Ameer Abdullah,rating,66,73
Ameer Abdullah,Ameer Abdullah,speed,85,88
Ameer Abdullah,Ameer Abdullah,power,77,72
Ameer Abdullah,Ameer Abdullah,agility,66,71
Ameer Abdullah,Ameer Abdullah,burst,77,82
Ameer Abdullah,Ameer Abdullah,intelligence,70,75
Ameer Abdullah,Ameer Abdullah,tackle,0,5
Ameer Abdullah,Ameer Abdullah,manCover,0,5
Ameer Abdullah,Ameer Abdullah,zoneCover,0,5
Ameer Abdullah,Ameer Abdullah,catching,89,84
Ameer Abdullah,Ameer Abdullah,routeRun,70,65
Solomon Thomas,Solomon Thomas,teamID,Free Agent,TEN
Solomon Thomas,Solomon Thomas,rating,65,72
Solomon Thomas,Solomon Thomas,speed,68,73
Solomon Thomas,Solomon Thomas,power,82,87
Solomon Thomas,Solomon Thomas,agility,68,73
Solomon Thomas,Solomon Thomas,burst,63,68
Solomon Thomas,Solomon Thomas,intelligence,80,75
Solomon Thomas,Solomon Thomas,tackle,78,82
Solomon Thomas,Solomon Thomas,manCover,0,5
Solomon Thomas,Solomon Thomas,zoneCover,0,5
Solomon Thomas,Solomon Thomas,catching,0,5
Solomon Thomas,Solomon Thomas,routeRun,0,5
Devin Moore,Devin Moore,teamID,Rookie,DAL
Devin Moore,Devin Moore,rating,75,71
Devin Moore,Devin Moore,speed,83,88
Devin Moore,Devin Moore,power,70,65
Devin Moore,Devin Moore,agility,58,63
Devin Moore,Devin Moore,burst,71,76
Devin Moore,Devin Moore,intelligence,84,79
Devin Moore,Devin Moore,tackle,75,70
Devin Moore,Devin Moore,manCover,75,71
Devin Moore,Devin Moore,zoneCover,55,60
Devin Moore,Devin Moore,catching,0,5
Devin Moore,Devin Moore,routeRun,0,5
Will Lee III,Will Lee III,teamID,Rookie,CAR
Will Lee III,Will Lee III,rating,78,71
Will Lee III,Will Lee III,speed,86,88
Will Lee III,Will Lee III,power,84,79
Will Lee III,Will Lee III,agility,68,73
Will Lee III,Will Lee III,intelligence,59,64
Will Lee III,Will Lee III,tackle,91,86
Will Lee III,Will Lee III,manCover,88,83
Will Lee III,Will Lee III,zoneCover,74,69
Will Lee III,Will Lee III,catching,0,5
Will Lee III,Will Lee III,routeRun,0,5
Anthony Belton,Anthony Belton,teamID,Free Agent,GB
Anthony Belton,Anthony Belton,rating,63,70
Anthony Belton,Anthony Belton,speed,75,70
Anthony Belton,Anthony Belton,power,85,86
Anthony Belton,Anthony Belton,agility,82,77
Anthony Belton,Anthony Belton,burst,87,82
Anthony Belton,Anthony Belton,intelligence,73,74
Anthony Belton,Anthony Belton,tackle,0,5
Anthony Belton,Anthony Belton,manCover,0,5
Anthony Belton,Anthony Belton,zoneCover,0,5
Anthony Belton,Anthony Belton,catching,0,5
Anthony Belton,Anthony Belton,routeRun,0,5
Jon Weeks,Jon Weeks,teamID,Free Agent,SF
Jon Weeks,Jon Weeks,rating,62,69
Jon Weeks,Jon Weeks,speed,74,69
Jon Weeks,Jon Weeks,power,82,77
Jon Weeks,Jon Weeks,agility,78,73
Jon Weeks,Jon Weeks,burst,83,78
Jon Weeks,Jon Weeks,intelligence,76,71
Jon Weeks,Jon Weeks,tackle,0,5
Jon Weeks,Jon Weeks,manCover,0,5
Jon Weeks,Jon Weeks,zoneCover,0,5
Jon Weeks,Jon Weeks,catching,0,5
Jon Weeks,Jon Weeks,routeRun,0,5
Jude Bowry,Jude Bowry,teamID,Rookie,BUF
Jude Bowry,Jude Bowry,rating,73,69
Jude Bowry,Jude Bowry,speed,69,70
Jude Bowry,Jude Bowry,power,92,87
Jude Bowry,Jude Bowry,agility,88,83
Jude Bowry,Jude Bowry,burst,66,71
Jude Bowry,Jude Bowry,intelligence,53,58
Jude Bowry,Jude Bowry,tackle,0,5
Jude Bowry,Jude Bowry,manCover,0,5
Jude Bowry,Jude Bowry,zoneCover,0,5
Jude Bowry,Jude Bowry,catching,0,5
Jude Bowry,Jude Bowry,routeRun,0,5
Darius Cooper,Darius Cooper,teamID,Free Agent,PHI
Darius Cooper,Darius Cooper,rating,61,68
Darius Cooper,Darius Cooper,speed,81,86
Darius Cooper,Darius Cooper,power,72,67
Darius Cooper,Darius Cooper,agility,69,74
Darius Cooper,Darius Cooper,burst,70,75
Darius Cooper,Darius Cooper,intelligence,78,73
Darius Cooper,Darius Cooper,tackle,0,5
Darius Cooper,Darius Cooper,manCover,0,5
Darius Cooper,Darius Cooper,zoneCover,0,5
Darius Cooper,Darius Cooper,catching,72,77
Darius Cooper,Darius Cooper,routeRun,72,73
Jalen Brooks,Jalen Brooks,teamID,Free Agent,ARI
Jalen Brooks,Jalen Brooks,rating,61,68
Jalen Brooks,Jalen Brooks,speed,76,81
Jalen Brooks,Jalen Brooks,power,67,62
Jalen Brooks,Jalen Brooks,agility,66,71
Jalen Brooks,Jalen Brooks,burst,77,82
Jalen Brooks,Jalen Brooks,intelligence,87,82
Jalen Brooks,Jalen Brooks,tackle,0,5
Jalen Brooks,Jalen Brooks,manCover,0,5
Jalen Brooks,Jalen Brooks,zoneCover,0,5
Jalen Brooks,Jalen Brooks,catching,79,82
Jalen Brooks,Jalen Brooks,routeRun,66,71
Otito Ogbonnia,Otito Ogbonnia,teamID,Free Agent,DAL
Otito Ogbonnia,Otito Ogbonnia,rating,61,68
Otito Ogbonnia,Otito Ogbonnia,speed,76,71
Otito Ogbonnia,Otito Ogbonnia,power,72,77
Otito Ogbonnia,Otito Ogbonnia,agility,79,74
Otito Ogbonnia,Otito Ogbonnia,burst,70,65
Otito Ogbonnia,Otito Ogbonnia,intelligence,76,74
Otito Ogbonnia,Otito Ogbonnia,tackle,69,74
Otito Ogbonnia,Otito Ogbonnia,manCover,0,5
Otito Ogbonnia,Otito Ogbonnia,zoneCover,0,5
Otito Ogbonnia,Otito Ogbonnia,catching,0,5
Otito Ogbonnia,Otito Ogbonnia,routeRun,0,5
Drew Shelton,Drew Shelton,teamID,Rookie,DAL
Drew Shelton,Drew Shelton,rating,72,68
Drew Shelton,Drew Shelton,speed,34,39
Drew Shelton,Drew Shelton,power,82,83
Drew Shelton,Drew Shelton,agility,72,67
Drew Shelton,Drew Shelton,burst,46,51
Drew Shelton,Drew Shelton,intelligence,81,76
Drew Shelton,Drew Shelton,tackle,0,5
Drew Shelton,Drew Shelton,manCover,0,5
Drew Shelton,Drew Shelton,zoneCover,0,5
Drew Shelton,Drew Shelton,catching,0,5
Drew Shelton,Drew Shelton,routeRun,0,5
CJ Daniels,CJ Daniels,teamID,Rookie,LAR
CJ Daniels,CJ Daniels,rating,69,68
CJ Daniels,CJ Daniels,speed,75,80
CJ Daniels,CJ Daniels,power,72,67
CJ Daniels,CJ Daniels,burst,75,80
CJ Daniels,CJ Daniels,intelligence,54,59
CJ Daniels,CJ Daniels,tackle,0,5
CJ Daniels,CJ Daniels,manCover,0,5
CJ Daniels,CJ Daniels,zoneCover,0,5
CJ Daniels,CJ Daniels,catching,74,79
CJ Daniels,CJ Daniels,routeRun,59,64
Nikko Remigio,Nikko Remigio,teamID,Free Agent,KC
Nikko Remigio,Nikko Remigio,rating,63,67
Nikko Remigio,Nikko Remigio,speed,70,75
Nikko Remigio,Nikko Remigio,power,65,63
Nikko Remigio,Nikko Remigio,burst,78,83
Nikko Remigio,Nikko Remigio,intelligence,69,64
Nikko Remigio,Nikko Remigio,tackle,0,5
Nikko Remigio,Nikko Remigio,manCover,0,5
Nikko Remigio,Nikko Remigio,zoneCover,0,5
Nikko Remigio,Nikko Remigio,catching,84,82
Nikko Remigio,Nikko Remigio,routeRun,76,71
George Holani,George Holani,teamID,Free Agent,SEA
George Holani,George Holani,rating,60,67
George Holani,George Holani,speed,75,80
George Holani,George Holani,power,79,74
George Holani,George Holani,burst,77,82
George Holani,George Holani,intelligence,80,75
George Holani,George Holani,tackle,0,5
George Holani,George Holani,manCover,0,5
George Holani,George Holani,zoneCover,0,5
George Holani,George Holani,catching,76,71
George Holani,George Holani,routeRun,75,70
DeeJay Dallas,DeeJay Dallas,teamID,JAX,MIN
DeeJay Dallas,DeeJay Dallas,rating,71,67
DeeJay Dallas,DeeJay Dallas,speed,73,78
DeeJay Dallas,DeeJay Dallas,power,76,75
DeeJay Dallas,DeeJay Dallas,agility,80,79
DeeJay Dallas,DeeJay Dallas,burst,86,85
DeeJay Dallas,DeeJay Dallas,intelligence,72,75
DeeJay Dallas,DeeJay Dallas,tackle,0,5
DeeJay Dallas,DeeJay Dallas,manCover,0,5
DeeJay Dallas,DeeJay Dallas,zoneCover,0,5
DeeJay Dallas,DeeJay Dallas,catching,72,71
DeeJay Dallas,DeeJay Dallas,routeRun,74,69
Thomas Booker,Thomas Booker IV,teamID,Free Agent,LV
Thomas Booker,Thomas Booker IV,rating,59,66
Thomas Booker,Thomas Booker IV,speed,69,74
Thomas Booker,Thomas Booker IV,power,72,77
Thomas Booker,Thomas Booker IV,agility,78,73
Thomas Booker,Thomas Booker IV,burst,59,64
Thomas Booker,Thomas Booker IV,intelligence,72,67
Thomas Booker,Thomas Booker IV,tackle,70,75
Thomas Booker,Thomas Booker IV,manCover,0,5
Thomas Booker,Thomas Booker IV,zoneCover,0,5
Thomas Booker,Thomas Booker IV,catching,0,5
Thomas Booker,Thomas Booker IV,routeRun,0,5
Ameer Speed,Ameer Speed,teamID,Free Agent,DAL
Ameer Speed,Ameer Speed,rating,61,65
Ameer Speed,Ameer Speed,speed,71,76
Ameer Speed,Ameer Speed,power,81,76
Ameer Speed,Ameer Speed,agility,72,77
Ameer Speed,Ameer Speed,burst,75,80
Ameer Speed,Ameer Speed,intelligence,81,76
Ameer Speed,Ameer Speed,tackle,66,64
Ameer Speed,Ameer Speed,manCover,85,80
Ameer Speed,Ameer Speed,zoneCover,76,71
Ameer Speed,Ameer Speed,catching,0,5
Ameer Speed,Ameer Speed,routeRun,0,5
D.J. Montgomery,D.J. Montgomery,teamID,Free Agent,IND
D.J. Montgomery,D.J. Montgomery,rating,57,64
D.J. Montgomery,D.J. Montgomery,speed,83,88
D.J. Montgomery,D.J. Montgomery,power,78,73
D.J. Montgomery,D.J. Montgomery,agility,84,89
D.J. Montgomery,D.J. Montgomery,burst,67,72
D.J. Montgomery,D.J. Montgomery,intelligence,65,60
D.J. Montgomery,D.J. Montgomery,tackle,0,5
D.J. Montgomery,D.J. Montgomery,manCover,0,5
D.J. Montgomery,D.J. Montgomery,zoneCover,0,5
D.J. Montgomery,D.J. Montgomery,catching,68,73
D.J. Montgomery,D.J. Montgomery,routeRun,75,70
Andre Jones Jr.,Andre Jones Jr,teamID,Free Agent,MIA
Andre Jones Jr.,Andre Jones Jr,rating,67,63
Andre Jones Jr.,Andre Jones Jr,speed,78,80
Andre Jones Jr.,Andre Jones Jr,power,87,82
Andre Jones Jr.,Andre Jones Jr,agility,84,79
Andre Jones Jr.,Andre Jones Jr,burst,78,83
Andre Jones Jr.,Andre Jones Jr,intelligence,85,80
Andre Jones Jr.,Andre Jones Jr,tackle,77,75
Andre Jones Jr.,Andre Jones Jr,manCover,0,5
Andre Jones Jr.,Andre Jones Jr,zoneCover,0,5
Andre Jones Jr.,Andre Jones Jr,catching,0,5
Andre Jones Jr.,Andre Jones Jr,routeRun,0,5
James Hudson,James Hudson III,teamID,Free Agent,TEN
James Hudson,James Hudson III,rating,56,63
James Hudson,James Hudson III,speed,71,66
James Hudson,James Hudson III,power,70,75
James Hudson,James Hudson III,agility,73,68
James Hudson,James Hudson III,burst,75,70
James Hudson,James Hudson III,tackle,0,5
James Hudson,James Hudson III,manCover,0,5
James Hudson,James Hudson III,zoneCover,0,5
James Hudson,James Hudson III,catching,0,5
James Hudson,James Hudson III,routeRun,0,5
Rex Sunahara,Rex Sunahara,teamID,Free Agent,CLE
Rex Sunahara,Rex Sunahara,rating,54,58
Rex Sunahara,Rex Sunahara,power,67,62
Rex Sunahara,Rex Sunahara,burst,82,77
Rex Sunahara,Rex Sunahara,intelligence,90,85
Rex Sunahara,Rex Sunahara,tackle,0,5
Rex Sunahara,Rex Sunahara,manCover,0,5
Rex Sunahara,Rex Sunahara,zoneCover,0,5
Rex Sunahara,Rex Sunahara,catching,0,5
Rex Sunahara,Rex Sunahara,routeRun,0,5
Darren Waller,Darren Waller,teamID,Free Agent,CAR
Darren Waller,Darren Waller,rating,74,79
Darren Waller,Darren Waller,speed,76,81
Darren Waller,Darren Waller,power,86,81
Darren Waller,Darren Waller,burst,81,86
Darren Waller,Darren Waller,intelligence,81,76
Darren Waller,Darren Waller,tackle,0,5
Darren Waller,Darren Waller,manCover,0,5
Darren Waller,Darren Waller,zoneCover,0,5
Darren Waller,Darren Waller,catching,80,85
Darren Waller,Darren Waller,routeRun,79,74
Devonte Wyatt,Devonte Wyatt,teamID,Free Agent,GB
Devonte Wyatt,Devonte Wyatt,rating,70,78
Devonte Wyatt,Devonte Wyatt,speed,77,80
Devonte Wyatt,Devonte Wyatt,power,79,84
Devonte Wyatt,Devonte Wyatt,agility,79,74
Devonte Wyatt,Devonte Wyatt,burst,66,71
Devonte Wyatt,Devonte Wyatt,intelligence,83,84
Devonte Wyatt,Devonte Wyatt,tackle,74,79
Devonte Wyatt,Devonte Wyatt,manCover,0,5
Devonte Wyatt,Devonte Wyatt,zoneCover,0,5
Devonte Wyatt,Devonte Wyatt,catching,0,5
Devonte Wyatt,Devonte Wyatt,routeRun,0,5
Daniel Carlson,Daniel Carlson,teamID,Free Agent,NO
Daniel Carlson,Daniel Carlson,rating,69,77
Daniel Carlson,Daniel Carlson,speed,80,75
Daniel Carlson,Daniel Carlson,power,78,73
Daniel Carlson,Daniel Carlson,agility,85,80
Daniel Carlson,Daniel Carlson,burst,86,81
Daniel Carlson,Daniel Carlson,intelligence,84,79
Daniel Carlson,Daniel Carlson,tackle,0,5
Daniel Carlson,Daniel Carlson,manCover,0,5
Daniel Carlson,Daniel Carlson,zoneCover,0,5
Daniel Carlson,Daniel Carlson,catching,0,5
Daniel Carlson,Daniel Carlson,routeRun,0,5
Shelby Harris,Shelby Harris,teamID,Free Agent,NYG
Shelby Harris,Shelby Harris,rating,69,77
Shelby Harris,Shelby Harris,speed,95,90
Shelby Harris,Shelby Harris,power,66,71
Shelby Harris,Shelby Harris,agility,83,78
Shelby Harris,Shelby Harris,burst,96,91
Shelby Harris,Shelby Harris,intelligence,82,78
Shelby Harris,Shelby Harris,tackle,76,81
Shelby Harris,Shelby Harris,manCover,0,5
Shelby Harris,Shelby Harris,zoneCover,0,5
Shelby Harris,Shelby Harris,catching,0,5
Shelby Harris,Shelby Harris,routeRun,0,5
Martin Emerson,Martin Emerson Jr,teamID,Free Agent,NO
Martin Emerson,Martin Emerson Jr,rating,70,75
Martin Emerson,Martin Emerson Jr,speed,82,87
Martin Emerson,Martin Emerson Jr,power,71,66
Martin Emerson,Martin Emerson Jr,agility,79,84
Martin Emerson,Martin Emerson Jr,burst,76,81
Martin Emerson,Martin Emerson Jr,intelligence,71,76
Martin Emerson,Martin Emerson Jr,tackle,90,85
Martin Emerson,Martin Emerson Jr,manCover,80,75
Martin Emerson,Martin Emerson Jr,zoneCover,84,79
Martin Emerson,Martin Emerson Jr,catching,0,5
Martin Emerson,Martin Emerson Jr,routeRun,0,5
Avieon Terrell,Avieon Terrell,teamID,Rookie,ATL
Avieon Terrell,Avieon Terrell,rating,83,75
Avieon Terrell,Avieon Terrell,power,68,63
Avieon Terrell,Avieon Terrell,agility,85,90
Avieon Terrell,Avieon Terrell,burst,87,91
Avieon Terrell,Avieon Terrell,intelligence,75,77
Avieon Terrell,Avieon Terrell,tackle,68,70
Avieon Terrell,Avieon Terrell,manCover,86,81
Avieon Terrell,Avieon Terrell,zoneCover,92,87
Avieon Terrell,Avieon Terrell,catching,0,5
Avieon Terrell,Avieon Terrell,routeRun,0,5
Kayden McDonald,Kayden McDonald,teamID,Rookie,HOU
Kayden McDonald,Kayden McDonald,rating,83,75
Kayden McDonald,Kayden McDonald,speed,62,65
Kayden McDonald,Kayden McDonald,power,83,88
Kayden McDonald,Kayden McDonald,agility,71,66
Kayden McDonald,Kayden McDonald,burst,54,59
Kayden McDonald,Kayden McDonald,intelligence,70,75
Kayden McDonald,Kayden McDonald,tackle,89,84
Kayden McDonald,Kayden McDonald,manCover,0,5
Kayden McDonald,Kayden McDonald,zoneCover,0,5
Kayden McDonald,Kayden McDonald,catching,0,5
Kayden McDonald,Kayden McDonald,routeRun,0,5
Caleb Lomu,Caleb Lomu,teamID,Rookie,NE
Caleb Lomu,Caleb Lomu,rating,83,75
Caleb Lomu,Caleb Lomu,speed,63,68
Caleb Lomu,Caleb Lomu,power,92,87
Caleb Lomu,Caleb Lomu,agility,85,80
Caleb Lomu,Caleb Lomu,burst,46,51
Caleb Lomu,Caleb Lomu,intelligence,74,79
Caleb Lomu,Caleb Lomu,tackle,0,5
Caleb Lomu,Caleb Lomu,manCover,0,5
Caleb Lomu,Caleb Lomu,zoneCover,0,5
Caleb Lomu,Caleb Lomu,catching,0,5
Caleb Lomu,Caleb Lomu,routeRun,0,5
Trevin Wallace,Trevin Wallace,teamID,CAR,NYJ
Trevin Wallace,Trevin Wallace,rating,66,74
Trevin Wallace,Trevin Wallace,speed,73,78
Trevin Wallace,Trevin Wallace,power,71,70
Trevin Wallace,Trevin Wallace,agility,75,80
Trevin Wallace,Trevin Wallace,burst,78,83
Trevin Wallace,Trevin Wallace,intelligence,80,75
Trevin Wallace,Trevin Wallace,tackle,66,71
Trevin Wallace,Trevin Wallace,manCover,84,79
Trevin Wallace,Trevin Wallace,zoneCover,73,70
Trevin Wallace,Trevin Wallace,catching,0,5
Trevin Wallace,Trevin Wallace,routeRun,0,5
Andrei Iosivas,Andrei Iosivas,teamID,Free Agent,CIN
Andrei Iosivas,Andrei Iosivas,rating,68,73
Andrei Iosivas,Andrei Iosivas,speed,80,85
Andrei Iosivas,Andrei Iosivas,power,80,75
Andrei Iosivas,Andrei Iosivas,agility,68,73
Andrei Iosivas,Andrei Iosivas,burst,72,77
Andrei Iosivas,Andrei Iosivas,intelligence,71,76
Andrei Iosivas,Andrei Iosivas,tackle,0,5
Andrei Iosivas,Andrei Iosivas,manCover,0,5
Andrei Iosivas,Andrei Iosivas,zoneCover,0,5
Andrei Iosivas,Andrei Iosivas,catching,86,82
Andrei Iosivas,Andrei Iosivas,routeRun,77,75
Jamal Adams,Jamal Adams,teamID,Free Agent,MIN
Jamal Adams,Jamal Adams,rating,67,72
Jamal Adams,Jamal Adams,speed,81,86
Jamal Adams,Jamal Adams,power,82,77
Jamal Adams,Jamal Adams,agility,73,78
Jamal Adams,Jamal Adams,burst,75,80
Jamal Adams,Jamal Adams,intelligence,83,78
Jamal Adams,Jamal Adams,tackle,76,73
Jamal Adams,Jamal Adams,manCover,0,5
Jamal Adams,Jamal Adams,zoneCover,0,5
Jamal Adams,Jamal Adams,catching,0,5
Jamal Adams,Jamal Adams,routeRun,0,5
Noah Igbinoghene,Noah Igbinoghene,teamID,SEA,CLE
Noah Igbinoghene,Noah Igbinoghene,rating,63,71
Noah Igbinoghene,Noah Igbinoghene,speed,81,86
Noah Igbinoghene,Noah Igbinoghene,power,97,92
Noah Igbinoghene,Noah Igbinoghene,agility,81,86
Noah Igbinoghene,Noah Igbinoghene,burst,82,87
Noah Igbinoghene,Noah Igbinoghene,intelligence,86,81
Noah Igbinoghene,Noah Igbinoghene,tackle,90,85
Noah Igbinoghene,Noah Igbinoghene,manCover,74,71
Noah Igbinoghene,Noah Igbinoghene,zoneCover,92,87
Noah Igbinoghene,Noah Igbinoghene,catching,0,5
Noah Igbinoghene,Noah Igbinoghene,routeRun,0,5
Mason Tipton,Mason Tipton,teamID,Free Agent,NO
Mason Tipton,Mason Tipton,rating,65,70
Mason Tipton,Mason Tipton,speed,77,82
Mason Tipton,Mason Tipton,power,73,68
Mason Tipton,Mason Tipton,agility,77,82
Mason Tipton,Mason Tipton,burst,84,89
Mason Tipton,Mason Tipton,intelligence,69,68
Mason Tipton,Mason Tipton,tackle,0,5
Mason Tipton,Mason Tipton,manCover,0,5
Mason Tipton,Mason Tipton,zoneCover,0,5
Mason Tipton,Mason Tipton,catching,81,80
Mason Tipton,Mason Tipton,routeRun,70,73
Damarri Mathis,Damarri Mathis,teamID,Free Agent,CLE
Damarri Mathis,Damarri Mathis,rating,62,70
Damarri Mathis,Damarri Mathis,speed,73,78
Damarri Mathis,Damarri Mathis,power,79,74
Damarri Mathis,Damarri Mathis,agility,77,82
Damarri Mathis,Damarri Mathis,burst,71,76
Damarri Mathis,Damarri Mathis,intelligence,77,72
Damarri Mathis,Damarri Mathis,tackle,79,74
Damarri Mathis,Damarri Mathis,manCover,75,70
Damarri Mathis,Damarri Mathis,zoneCover,79,74
Damarri Mathis,Damarri Mathis,catching,0,5
Damarri Mathis,Damarri Mathis,routeRun,0,5
Kentavius Street,Kentavius Street,teamID,Free Agent,CHI
Kentavius Street,Kentavius Street,rating,62,70
Kentavius Street,Kentavius Street,speed,71,76
Kentavius Street,Kentavius Street,power,73,78
Kentavius Street,Kentavius Street,agility,79,74
Kentavius Street,Kentavius Street,burst,73,78
Kentavius Street,Kentavius Street,intelligence,74,69
Kentavius Street,Kentavius Street,tackle,89,84
Kentavius Street,Kentavius Street,manCover,0,5
Kentavius Street,Kentavius Street,zoneCover,0,5
Kentavius Street,Kentavius Street,catching,0,5
Kentavius Street,Kentavius Street,routeRun,0,5
Lil'Jordan Humphrey,Lil'Jordan Humphrey,teamID,Free Agent,DEN
Lil'Jordan Humphrey,Lil'Jordan Humphrey,rating,61,69
Lil'Jordan Humphrey,Lil'Jordan Humphrey,speed,72,77
Lil'Jordan Humphrey,Lil'Jordan Humphrey,power,83,78
Lil'Jordan Humphrey,Lil'Jordan Humphrey,agility,67,72
Lil'Jordan Humphrey,Lil'Jordan Humphrey,burst,83,84
Lil'Jordan Humphrey,Lil'Jordan Humphrey,tackle,0,5
Lil'Jordan Humphrey,Lil'Jordan Humphrey,manCover,0,5
Lil'Jordan Humphrey,Lil'Jordan Humphrey,zoneCover,0,5
Lil'Jordan Humphrey,Lil'Jordan Humphrey,catching,72,77
Lil'Jordan Humphrey,Lil'Jordan Humphrey,routeRun,69,70
Julius Chestnut,Julius Chestnut,teamID,Free Agent,TEN
Julius Chestnut,Julius Chestnut,rating,73,68
Julius Chestnut,Julius Chestnut,speed,90,88
Julius Chestnut,Julius Chestnut,power,85,80
Julius Chestnut,Julius Chestnut,agility,88,83
Julius Chestnut,Julius Chestnut,burst,87,90
Julius Chestnut,Julius Chestnut,intelligence,71,70
Julius Chestnut,Julius Chestnut,tackle,0,5
Julius Chestnut,Julius Chestnut,manCover,0,5
Julius Chestnut,Julius Chestnut,zoneCover,0,5
Julius Chestnut,Julius Chestnut,catching,78,73
Julius Chestnut,Julius Chestnut,routeRun,77,72
Jalon Kilgore,Jalon Kilgore,teamID,Rookie,BUF
Jalon Kilgore,Jalon Kilgore,rating,72,67
Jalon Kilgore,Jalon Kilgore,speed,72,77
Jalon Kilgore,Jalon Kilgore,power,62,64
Jalon Kilgore,Jalon Kilgore,agility,72,77
Jalon Kilgore,Jalon Kilgore,burst,70,75
Jalon Kilgore,Jalon Kilgore,intelligence,72,67
Jalon Kilgore,Jalon Kilgore,tackle,67,65
Jalon Kilgore,Jalon Kilgore,manCover,79,74
Jalon Kilgore,Jalon Kilgore,zoneCover,81,76
Jalon Kilgore,Jalon Kilgore,catching,0,5
Jalon Kilgore,Jalon Kilgore,routeRun,0,5
DJ Campbell,DJ Campbell,teamID,Rookie,MIA
DJ Campbell,DJ Campbell,rating,65,67
DJ Campbell,DJ Campbell,speed,39,44
DJ Campbell,DJ Campbell,power,68,73
DJ Campbell,DJ Campbell,agility,51,56
DJ Campbell,DJ Campbell,burst,48,53
DJ Campbell,DJ Campbell,intelligence,83,78
DJ Campbell,DJ Campbell,tackle,0,5
DJ Campbell,DJ Campbell,manCover,0,5
DJ Campbell,DJ Campbell,zoneCover,0,5
DJ Campbell,DJ Campbell,catching,0,5
DJ Campbell,DJ Campbell,routeRun,0,5
Davis Mills,Davis Mills,teamID,Free Agent,HOU
Davis Mills,Davis Mills,rating,71,66
Davis Mills,Davis Mills,speed,75,80
Davis Mills,Davis Mills,power,87,82
Davis Mills,Davis Mills,agility,78,76
Davis Mills,Davis Mills,intelligence,78,73
Davis Mills,Davis Mills,tackle,0,5
Davis Mills,Davis Mills,manCover,0,5
Davis Mills,Davis Mills,zoneCover,0,5
Davis Mills,Davis Mills,catching,0,5
Davis Mills,Davis Mills,routeRun,0,5
Kyle McCord,Kyle McCord,teamID,Free Agent,MIA
Kyle McCord,Kyle McCord,rating,70,65
Kyle McCord,Kyle McCord,speed,76,75
Kyle McCord,Kyle McCord,power,83,78
Kyle McCord,Kyle McCord,agility,68,73
Kyle McCord,Kyle McCord,burst,75,76
Kyle McCord,Kyle McCord,intelligence,78,73
Kyle McCord,Kyle McCord,tackle,0,5
Kyle McCord,Kyle McCord,manCover,0,5
Kyle McCord,Kyle McCord,zoneCover,0,5
Kyle McCord,Kyle McCord,catching,0,5
Kyle McCord,Kyle McCord,routeRun,0,5
Tip Reiman,Tip Reiman,teamID,Free Agent,ARI
Tip Reiman,Tip Reiman,rating,60,65
Tip Reiman,Tip Reiman,power,75,77
Tip Reiman,Tip Reiman,agility,74,79
Tip Reiman,Tip Reiman,burst,80,85
Tip Reiman,Tip Reiman,intelligence,70,65
Tip Reiman,Tip Reiman,tackle,0,5
Tip Reiman,Tip Reiman,manCover,0,5
Tip Reiman,Tip Reiman,zoneCover,0,5
Tip Reiman,Tip Reiman,catching,70,75
Tip Reiman,Tip Reiman,routeRun,78,73
Rejzohn Wright,Rejzohn Wright,teamID,Free Agent,NO
Rejzohn Wright,Rejzohn Wright,rating,60,65
Rejzohn Wright,Rejzohn Wright,speed,75,80
Rejzohn Wright,Rejzohn Wright,power,73,68
Rejzohn Wright,Rejzohn Wright,agility,77,82
Rejzohn Wright,Rejzohn Wright,burst,71,76
Rejzohn Wright,Rejzohn Wright,intelligence,66,63
Rejzohn Wright,Rejzohn Wright,tackle,74,69
Rejzohn Wright,Rejzohn Wright,manCover,77,72
Rejzohn Wright,Rejzohn Wright,zoneCover,72,67
Rejzohn Wright,Rejzohn Wright,catching,0,5
Rejzohn Wright,Rejzohn Wright,routeRun,0,5
Skyler Gill-Howard,Skyler Gill-Howard,teamID,Rookie,DET
Skyler Gill-Howard,Skyler Gill-Howard,rating,70,65
Skyler Gill-Howard,Skyler Gill-Howard,speed,53,58
Skyler Gill-Howard,Skyler Gill-Howard,power,91,86
Skyler Gill-Howard,Skyler Gill-Howard,agility,83,78
Skyler Gill-Howard,Skyler Gill-Howard,burst,46,51
Skyler Gill-Howard,Skyler Gill-Howard,intelligence,53,58
Skyler Gill-Howard,Skyler Gill-Howard,tackle,63,68
Skyler Gill-Howard,Skyler Gill-Howard,manCover,0,5
Skyler Gill-Howard,Skyler Gill-Howard,zoneCover,0,5
Skyler Gill-Howard,Skyler Gill-Howard,catching,0,5
Skyler Gill-Howard,Skyler Gill-Howard,routeRun,0,5
Nic Jones,Nic Jones,teamID,Free Agent,NYG
Nic Jones,Nic Jones,rating,69,64
Nic Jones,Nic Jones,speed,82,87
Nic Jones,Nic Jones,power,85,80
Nic Jones,Nic Jones,agility,72,77
Nic Jones,Nic Jones,burst,85,90
Nic Jones,Nic Jones,intelligence,74,69
Nic Jones,Nic Jones,tackle,83,78
Nic Jones,Nic Jones,manCover,74,69
Nic Jones,Nic Jones,zoneCover,84,79
Nic Jones,Nic Jones,catching,0,5
Nic Jones,Nic Jones,routeRun,0,5
Khalil Dorsey,Khalil Dorsey,teamID,Free Agent,DET
Khalil Dorsey,Khalil Dorsey,rating,56,64
Khalil Dorsey,Khalil Dorsey,speed,76,81
Khalil Dorsey,Khalil Dorsey,power,83,78
Khalil Dorsey,Khalil Dorsey,agility,74,79
Khalil Dorsey,Khalil Dorsey,burst,68,73
Khalil Dorsey,Khalil Dorsey,intelligence,71,66
Khalil Dorsey,Khalil Dorsey,tackle,64,60
Khalil Dorsey,Khalil Dorsey,manCover,80,75
Khalil Dorsey,Khalil Dorsey,zoneCover,80,75
Khalil Dorsey,Khalil Dorsey,catching,0,5
Khalil Dorsey,Khalil Dorsey,routeRun,0,5
Josh Fryar,Josh Fryar,teamID,Free Agent,ARI
Josh Fryar,Josh Fryar,rating,71,63
Josh Fryar,Josh Fryar,speed,91,86
Josh Fryar,Josh Fryar,power,71,76
Josh Fryar,Josh Fryar,agility,77,72
Josh Fryar,Josh Fryar,burst,73,78
Josh Fryar,Josh Fryar,intelligence,72,67
Josh Fryar,Josh Fryar,tackle,0,5
Josh Fryar,Josh Fryar,manCover,0,5
Josh Fryar,Josh Fryar,zoneCover,0,5
Josh Fryar,Josh Fryar,catching,0,5
Josh Fryar,Josh Fryar,routeRun,0,5
Julian Hill,Julian Hill,teamID,Free Agent,NE
Julian Hill,Julian Hill,rating,55,63
Julian Hill,Julian Hill,speed,76,81
Julian Hill,Julian Hill,power,69,74
Julian Hill,Julian Hill,agility,77,72
Julian Hill,Julian Hill,burst,60,65
Julian Hill,Julian Hill,intelligence,70,65
Julian Hill,Julian Hill,tackle,0,5
Julian Hill,Julian Hill,manCover,0,5
Julian Hill,Julian Hill,zoneCover,0,5
Julian Hill,Julian Hill,catching,73,74
Julian Hill,Julian Hill,routeRun,80,75
Mark Redman,Mark Redman,teamID,Free Agent,GB
Mark Redman,Mark Redman,rating,55,63
Mark Redman,Mark Redman,speed,70,75
Mark Redman,Mark Redman,power,68,73
Mark Redman,Mark Redman,agility,86,81
Mark Redman,Mark Redman,burst,78,83
Mark Redman,Mark Redman,intelligence,64,61
Mark Redman,Mark Redman,tackle,0,5
Mark Redman,Mark Redman,manCover,0,5
Mark Redman,Mark Redman,zoneCover,0,5
Mark Redman,Mark Redman,catching,67,72
Mark Redman,Mark Redman,routeRun,70,65
Nick Samac,Nick Samac,teamID,CAR,MIN
Nick Samac,Nick Samac,rating,70,62
Nick Samac,Nick Samac,speed,89,84
Nick Samac,Nick Samac,power,89,84
Nick Samac,Nick Samac,agility,71,66
Nick Samac,Nick Samac,burst,88,83
Nick Samac,Nick Samac,intelligence,86,81
Nick Samac,Nick Samac,tackle,0,5
Nick Samac,Nick Samac,manCover,0,5
Nick Samac,Nick Samac,zoneCover,0,5
Nick Samac,Nick Samac,catching,0,5
Nick Samac,Nick Samac,routeRun,0,5
Caleb Lohner,Caleb Lohner,teamID,Free Agent,DEN
Caleb Lohner,Caleb Lohner,rating,65,60
Caleb Lohner,Caleb Lohner,speed,80,83
Caleb Lohner,Caleb Lohner,power,73,75
Caleb Lohner,Caleb Lohner,burst,80,81
Caleb Lohner,Caleb Lohner,intelligence,76,71
Caleb Lohner,Caleb Lohner,tackle,0,5
Caleb Lohner,Caleb Lohner,manCover,0,5
Caleb Lohner,Caleb Lohner,zoneCover,0,5
Caleb Lohner,Caleb Lohner,catching,65,70
Caleb Lohner,Caleb Lohner,routeRun,78,73
Mansoor Delane,Mansoor Delane,teamID,Rookie,KC
Mansoor Delane,Mansoor Delane,rating,88,79
Mansoor Delane,Mansoor Delane,speed,87,92
Mansoor Delane,Mansoor Delane,power,75,70
Mansoor Delane,Mansoor Delane,agility,86,88
Mansoor Delane,Mansoor Delane,intelligence,92,87
Mansoor Delane,Mansoor Delane,tackle,82,77
Mansoor Delane,Mansoor Delane,manCover,87,82
Mansoor Delane,Mansoor Delane,zoneCover,80,75
Mansoor Delane,Mansoor Delane,catching,0,5
Mansoor Delane,Mansoor Delane,routeRun,0,5
Xavier Woods,Xavier Woods,teamID,Free Agent,CHI
Xavier Woods,Xavier Woods,rating,69,78
Xavier Woods,Xavier Woods,speed,69,74
Xavier Woods,Xavier Woods,power,83,78
Xavier Woods,Xavier Woods,agility,94,89
Xavier Woods,Xavier Woods,burst,91,88
Xavier Woods,Xavier Woods,intelligence,74,77
Xavier Woods,Xavier Woods,tackle,75,78
Xavier Woods,Xavier Woods,manCover,80,75
Xavier Woods,Xavier Woods,zoneCover,79,75
Xavier Woods,Xavier Woods,catching,0,5
Xavier Woods,Xavier Woods,routeRun,0,5
Hogan Hatten,Hogan Hatten,teamID,Free Agent,DET
Hogan Hatten,Hogan Hatten,rating,69,78
Hogan Hatten,Hogan Hatten,speed,82,78
Hogan Hatten,Hogan Hatten,power,87,82
Hogan Hatten,Hogan Hatten,agility,77,79
Hogan Hatten,Hogan Hatten,burst,84,83
Hogan Hatten,Hogan Hatten,intelligence,76,71
Hogan Hatten,Hogan Hatten,tackle,0,5
Hogan Hatten,Hogan Hatten,manCover,0,5
Hogan Hatten,Hogan Hatten,zoneCover,0,5
Hogan Hatten,Hogan Hatten,catching,0,5
Hogan Hatten,Hogan Hatten,routeRun,0,5
Jacob Rodriguez,Jacob Rodriguez,teamID,Rookie,MIA
Jacob Rodriguez,Jacob Rodriguez,speed,75,80
Jacob Rodriguez,Jacob Rodriguez,power,85,80
Jacob Rodriguez,Jacob Rodriguez,agility,75,80
Jacob Rodriguez,Jacob Rodriguez,burst,79,84
Jacob Rodriguez,Jacob Rodriguez,intelligence,90,85
Jacob Rodriguez,Jacob Rodriguez,tackle,70,75
Jacob Rodriguez,Jacob Rodriguez,manCover,78,73
Jacob Rodriguez,Jacob Rodriguez,zoneCover,99,94
Jacob Rodriguez,Jacob Rodriguez,catching,0,5
Jacob Rodriguez,Jacob Rodriguez,routeRun,0,5
Gabe Jacas,Gabe Jacas,teamID,Rookie,NE
Gabe Jacas,Gabe Jacas,rating,82,76
Gabe Jacas,Gabe Jacas,speed,66,71
Gabe Jacas,Gabe Jacas,power,77,82
Gabe Jacas,Gabe Jacas,agility,80,76
Gabe Jacas,Gabe Jacas,burst,78,83
Gabe Jacas,Gabe Jacas,intelligence,77,72
Gabe Jacas,Gabe Jacas,tackle,60,65
Gabe Jacas,Gabe Jacas,manCover,0,5
Gabe Jacas,Gabe Jacas,zoneCover,0,5
Gabe Jacas,Gabe Jacas,catching,0,5
Gabe Jacas,Gabe Jacas,routeRun,0,5
Keyron Crawford,Keyron Crawford,teamID,Rookie,LV
Keyron Crawford,Keyron Crawford,rating,84,75
Keyron Crawford,Keyron Crawford,speed,85,80
Keyron Crawford,Keyron Crawford,power,79,78
Keyron Crawford,Keyron Crawford,agility,54,59
Keyron Crawford,Keyron Crawford,intelligence,92,87
Keyron Crawford,Keyron Crawford,tackle,87,82
Keyron Crawford,Keyron Crawford,manCover,0,5
Keyron Crawford,Keyron Crawford,zoneCover,0,5
Keyron Crawford,Keyron Crawford,catching,0,5
Keyron Crawford,Keyron Crawford,routeRun,0,5
Alec Ingold,Alec Ingold,teamID,Free Agent,LAC
Alec Ingold,Alec Ingold,rating,65,74
Alec Ingold,Alec Ingold,speed,75,80
Alec Ingold,Alec Ingold,power,65,70
Alec Ingold,Alec Ingold,agility,77,72
Alec Ingold,Alec Ingold,burst,84,79
Alec Ingold,Alec Ingold,intelligence,73,70
Alec Ingold,Alec Ingold,tackle,0,5
Alec Ingold,Alec Ingold,manCover,0,5
Alec Ingold,Alec Ingold,zoneCover,0,5
Alec Ingold,Alec Ingold,catching,82,77
Alec Ingold,Alec Ingold,routeRun,74,69
Terrell Burgess,Terrell Burgess,teamID,Free Agent,TEN
Terrell Burgess,Terrell Burgess,rating,68,71
Terrell Burgess,Terrell Burgess,speed,80,85
Terrell Burgess,Terrell Burgess,power,78,73
Terrell Burgess,Terrell Burgess,agility,74,79
Terrell Burgess,Terrell Burgess,burst,76,81
Terrell Burgess,Terrell Burgess,intelligence,76,72
Terrell Burgess,Terrell Burgess,tackle,87,82
Terrell Burgess,Terrell Burgess,manCover,82,77
Terrell Burgess,Terrell Burgess,zoneCover,72,68
Terrell Burgess,Terrell Burgess,catching,0,5
Terrell Burgess,Terrell Burgess,routeRun,0,5
Tre Brown,Tre Brown,teamID,Free Agent,NYJ
Tre Brown,Tre Brown,rating,65,71
Tre Brown,Tre Brown,speed,83,88
Tre Brown,Tre Brown,power,73,68
Tre Brown,Tre Brown,agility,77,82
Tre Brown,Tre Brown,burst,86,90
Tre Brown,Tre Brown,intelligence,83,78
Tre Brown,Tre Brown,tackle,70,65
Tre Brown,Tre Brown,manCover,72,73
Tre Brown,Tre Brown,zoneCover,74,70
Tre Brown,Tre Brown,catching,0,5
Tre Brown,Tre Brown,routeRun,0,5
Malik Muhammad,Malik Muhammad II,teamID,Rookie,CHI
Malik Muhammad,Malik Muhammad II,rating,80,71
Malik Muhammad,Malik Muhammad II,speed,75,80
Malik Muhammad,Malik Muhammad II,power,83,78
Malik Muhammad,Malik Muhammad II,agility,91,86
Malik Muhammad,Malik Muhammad II,burst,92,93
Malik Muhammad,Malik Muhammad II,intelligence,88,83
Malik Muhammad,Malik Muhammad II,tackle,61,58
Malik Muhammad,Malik Muhammad II,manCover,92,87
Malik Muhammad,Malik Muhammad II,zoneCover,66,68
Malik Muhammad,Malik Muhammad II,catching,0,5
Malik Muhammad,Malik Muhammad II,routeRun,0,5
Julian Neal,Julian Neal,teamID,Rookie,SEA
Julian Neal,Julian Neal,rating,77,71
Julian Neal,Julian Neal,speed,85,89
Julian Neal,Julian Neal,power,87,82
Julian Neal,Julian Neal,agility,47,52
Julian Neal,Julian Neal,burst,92,90
Julian Neal,Julian Neal,intelligence,70,73
Julian Neal,Julian Neal,tackle,85,80
Julian Neal,Julian Neal,manCover,72,70
Julian Neal,Julian Neal,zoneCover,68,71
Julian Neal,Julian Neal,catching,0,5
Julian Neal,Julian Neal,routeRun,0,5
M.J. Stewart,M.J. Stewart Jr,teamID,Free Agent,HOU
M.J. Stewart,M.J. Stewart Jr,rating,64,70
M.J. Stewart,M.J. Stewart Jr,speed,79,84
M.J. Stewart,M.J. Stewart Jr,power,78,73
M.J. Stewart,M.J. Stewart Jr,agility,71,76
M.J. Stewart,M.J. Stewart Jr,burst,74,79
M.J. Stewart,M.J. Stewart Jr,intelligence,72,68
M.J. Stewart,M.J. Stewart Jr,tackle,80,75
M.J. Stewart,M.J. Stewart Jr,manCover,72,68
M.J. Stewart,M.J. Stewart Jr,zoneCover,79,75
M.J. Stewart,M.J. Stewart Jr,catching,0,5
M.J. Stewart,M.J. Stewart Jr,routeRun,0,5
Ephesians Prysock,Ephesians Prysock,teamID,Rookie,SF
Ephesians Prysock,Ephesians Prysock,rating,76,70
Ephesians Prysock,Ephesians Prysock,speed,76,81
Ephesians Prysock,Ephesians Prysock,power,75,70
Ephesians Prysock,Ephesians Prysock,agility,62,67
Ephesians Prysock,Ephesians Prysock,burst,89,92
Ephesians Prysock,Ephesians Prysock,tackle,81,76
Ephesians Prysock,Ephesians Prysock,zoneCover,77,72
Ephesians Prysock,Ephesians Prysock,catching,0,5
Ephesians Prysock,Ephesians Prysock,routeRun,0,5
Kamal Hadden,Kamal Hadden,teamID,Free Agent,GB
Kamal Hadden,Kamal Hadden,rating,76,67
Kamal Hadden,Kamal Hadden,speed,76,81
Kamal Hadden,Kamal Hadden,power,80,75
Kamal Hadden,Kamal Hadden,agility,79,81
Kamal Hadden,Kamal Hadden,burst,81,86
Kamal Hadden,Kamal Hadden,intelligence,82,77
Kamal Hadden,Kamal Hadden,tackle,81,76
Kamal Hadden,Kamal Hadden,manCover,73,68
Kamal Hadden,Kamal Hadden,zoneCover,92,87
Kamal Hadden,Kamal Hadden,catching,0,5
Kamal Hadden,Kamal Hadden,routeRun,0,5
Khalid Kareem,Khalid Kareem,teamID,Free Agent,SF
Khalid Kareem,Khalid Kareem,rating,58,67
Khalid Kareem,Khalid Kareem,speed,79,78
Khalid Kareem,Khalid Kareem,power,73,78
Khalid Kareem,Khalid Kareem,agility,67,71
Khalid Kareem,Khalid Kareem,burst,87,82
Khalid Kareem,Khalid Kareem,intelligence,68,65
Khalid Kareem,Khalid Kareem,tackle,85,80
Khalid Kareem,Khalid Kareem,manCover,0,5
Khalid Kareem,Khalid Kareem,zoneCover,0,5
Khalid Kareem,Khalid Kareem,catching,0,5
Khalid Kareem,Khalid Kareem,routeRun,0,5
Jager Burton,Jager Burton,teamID,Rookie,GB
Jager Burton,Jager Burton,rating,73,67
Jager Burton,Jager Burton,speed,58,63
Jager Burton,Jager Burton,power,62,67
Jager Burton,Jager Burton,agility,92,87
Jager Burton,Jager Burton,burst,68,73
Jager Burton,Jager Burton,intelligence,75,70
Jager Burton,Jager Burton,tackle,0,5
Jager Burton,Jager Burton,manCover,0,5
Jager Burton,Jager Burton,zoneCover,0,5
Jager Burton,Jager Burton,catching,0,5
Jager Burton,Jager Burton,routeRun,0,5
Joshua Ezeudu,Joshua Ezeudu,teamID,NYG,KC
Joshua Ezeudu,Joshua Ezeudu,rating,72,66
Joshua Ezeudu,Joshua Ezeudu,speed,89,84
Joshua Ezeudu,Joshua Ezeudu,power,84,81
Joshua Ezeudu,Joshua Ezeudu,agility,82,77
Joshua Ezeudu,Joshua Ezeudu,burst,78,73
Joshua Ezeudu,Joshua Ezeudu,tackle,0,5
Joshua Ezeudu,Joshua Ezeudu,manCover,0,5
Joshua Ezeudu,Joshua Ezeudu,zoneCover,0,5
Joshua Ezeudu,Joshua Ezeudu,catching,0,5
Joshua Ezeudu,Joshua Ezeudu,routeRun,0,5
Cameron Williams,Cameron Williams,teamID,PHI,ATL
Cameron Williams,Cameron Williams,rating,72,66
Cameron Williams,Cameron Williams,speed,90,85
Cameron Williams,Cameron Williams,power,82,87
Cameron Williams,Cameron Williams,agility,80,75
Cameron Williams,Cameron Williams,burst,79,74
Cameron Williams,Cameron Williams,intelligence,78,73
Cameron Williams,Cameron Williams,tackle,0,5
Cameron Williams,Cameron Williams,manCover,0,5
Cameron Williams,Cameron Williams,zoneCover,0,5
Cameron Williams,Cameron Williams,catching,0,5
Cameron Williams,Cameron Williams,routeRun,0,5
Mike Caliendo,Mike Caliendo,teamID,Free Agent,KC
Mike Caliendo,Mike Caliendo,rating,71,65
Mike Caliendo,Mike Caliendo,speed,80,75
Mike Caliendo,Mike Caliendo,power,89,84
Mike Caliendo,Mike Caliendo,agility,64,59
Mike Caliendo,Mike Caliendo,burst,74,70
Mike Caliendo,Mike Caliendo,intelligence,78,73
Mike Caliendo,Mike Caliendo,tackle,0,5
Mike Caliendo,Mike Caliendo,manCover,0,5
Mike Caliendo,Mike Caliendo,zoneCover,0,5
Mike Caliendo,Mike Caliendo,catching,0,5
Mike Caliendo,Mike Caliendo,routeRun,0,5
Swayze Bozeman,Swayze Bozeman,teamID,Free Agent,CIN
Swayze Bozeman,Swayze Bozeman,rating,58,64
Swayze Bozeman,Swayze Bozeman,speed,81,86
Swayze Bozeman,Swayze Bozeman,power,79,74
Swayze Bozeman,Swayze Bozeman,agility,74,78
Swayze Bozeman,Swayze Bozeman,burst,74,79
Swayze Bozeman,Swayze Bozeman,intelligence,82,77
Swayze Bozeman,Swayze Bozeman,tackle,63,68
Swayze Bozeman,Swayze Bozeman,manCover,70,65
Swayze Bozeman,Swayze Bozeman,zoneCover,70,65
Swayze Bozeman,Swayze Bozeman,catching,0,5
Swayze Bozeman,Swayze Bozeman,routeRun,0,5
Kendall Williamson,Kendall Williamson,teamID,Free Agent,LAC
Kendall Williamson,Kendall Williamson,rating,55,64
Kendall Williamson,Kendall Williamson,speed,74,79
Kendall Williamson,Kendall Williamson,power,67,63
Kendall Williamson,Kendall Williamson,agility,73,78
Kendall Williamson,Kendall Williamson,burst,80,85
Kendall Williamson,Kendall Williamson,intelligence,66,67
Kendall Williamson,Kendall Williamson,tackle,67,62
Kendall Williamson,Kendall Williamson,manCover,71,69
Kendall Williamson,Kendall Williamson,zoneCover,72,67
Kendall Williamson,Kendall Williamson,catching,0,5
Kendall Williamson,Kendall Williamson,routeRun,0,5
Brady Cook,Brady Cook,teamID,Free Agent,MIA
Brady Cook,Brady Cook,rating,57,63
Brady Cook,Brady Cook,speed,71,76
Brady Cook,Brady Cook,power,78,73
Brady Cook,Brady Cook,agility,78,82
Brady Cook,Brady Cook,burst,75,80
Brady Cook,Brady Cook,intelligence,65,60
Brady Cook,Brady Cook,tackle,0,5
Brady Cook,Brady Cook,manCover,0,5
Brady Cook,Brady Cook,zoneCover,0,5
Brady Cook,Brady Cook,catching,0,5
Brady Cook,Brady Cook,routeRun,0,5
Evan Deckers,Evan Deckers,teamID,Free Agent,TB
Evan Deckers,Evan Deckers,rating,69,60
Evan Deckers,Evan Deckers,speed,84,79
Evan Deckers,Evan Deckers,power,74,69
Evan Deckers,Evan Deckers,agility,72,67
Evan Deckers,Evan Deckers,burst,88,83
Evan Deckers,Evan Deckers,intelligence,78,73
Evan Deckers,Evan Deckers,tackle,0,5
Evan Deckers,Evan Deckers,manCover,0,5
Evan Deckers,Evan Deckers,zoneCover,0,5
Evan Deckers,Evan Deckers,catching,0,5
Evan Deckers,Evan Deckers,routeRun,0,5
DaQuan Jones,DaQuan Jones,teamID,Free Agent,NE
DaQuan Jones,DaQuan Jones,rating,71,81
DaQuan Jones,DaQuan Jones,speed,81,76
DaQuan Jones,DaQuan Jones,power,84,88
DaQuan Jones,DaQuan Jones,agility,86,81
DaQuan Jones,DaQuan Jones,burst,74,69
DaQuan Jones,DaQuan Jones,intelligence,80,85
DaQuan Jones,DaQuan Jones,tackle,70,75
DaQuan Jones,DaQuan Jones,manCover,0,5
DaQuan Jones,DaQuan Jones,zoneCover,0,5
DaQuan Jones,DaQuan Jones,catching,0,5
DaQuan Jones,DaQuan Jones,routeRun,0,5
Malachi Lawrence,Malachi Lawrence,teamID,Rookie,DAL
Malachi Lawrence,Malachi Lawrence,rating,82,78
Malachi Lawrence,Malachi Lawrence,speed,71,76
Malachi Lawrence,Malachi Lawrence,power,81,79
Malachi Lawrence,Malachi Lawrence,agility,81,82
Malachi Lawrence,Malachi Lawrence,burst,68,73
Malachi Lawrence,Malachi Lawrence,intelligence,82,77
Malachi Lawrence,Malachi Lawrence,tackle,92,87
Malachi Lawrence,Malachi Lawrence,manCover,0,5
Malachi Lawrence,Malachi Lawrence,zoneCover,0,5
Malachi Lawrence,Malachi Lawrence,catching,0,5
Malachi Lawrence,Malachi Lawrence,routeRun,0,5
Cashius Howell,Cashius Howell,teamID,Rookie,CIN
Cashius Howell,Cashius Howell,rating,81,77
Cashius Howell,Cashius Howell,speed,62,67
Cashius Howell,Cashius Howell,power,84,79
Cashius Howell,Cashius Howell,agility,63,68
Cashius Howell,Cashius Howell,burst,75,80
Cashius Howell,Cashius Howell,intelligence,67,72
Cashius Howell,Cashius Howell,tackle,72,77
Cashius Howell,Cashius Howell,manCover,0,5
Cashius Howell,Cashius Howell,zoneCover,0,5
Cashius Howell,Cashius Howell,catching,0,5
Cashius Howell,Cashius Howell,routeRun,0,5
Dee Winters,Dee Winters,teamID,SF,DAL
Dee Winters,Dee Winters,rating,70,77
Dee Winters,Dee Winters,speed,78,83
Dee Winters,Dee Winters,power,88,83
Dee Winters,Dee Winters,agility,92,87
Dee Winters,Dee Winters,burst,85,90
Dee Winters,Dee Winters,intelligence,74,77
Dee Winters,Dee Winters,tackle,79,84
Dee Winters,Dee Winters,manCover,0,5
Dee Winters,Dee Winters,zoneCover,0,5
Dee Winters,Dee Winters,catching,0,5
Dee Winters,Dee Winters,routeRun,0,5
Jacob Martin,Jacob Martin,teamID,Free Agent,TEN
Jacob Martin,Jacob Martin,rating,66,76
Jacob Martin,Jacob Martin,speed,82,86
Jacob Martin,Jacob Martin,power,89,84
Jacob Martin,Jacob Martin,agility,64,69
Jacob Martin,Jacob Martin,burst,87,84
Jacob Martin,Jacob Martin,intelligence,78,82
Jacob Martin,Jacob Martin,tackle,77,78
Jacob Martin,Jacob Martin,manCover,0,5
Jacob Martin,Jacob Martin,zoneCover,0,5
Jacob Martin,Jacob Martin,catching,0,5
Jacob Martin,Jacob Martin,routeRun,0,5
Makai Lemon,Makai Lemon,teamID,Rookie,PHI
Makai Lemon,Makai Lemon,rating,80,76
Makai Lemon,Makai Lemon,speed,92,89
Makai Lemon,Makai Lemon,burst,92,91
Makai Lemon,Makai Lemon,intelligence,70,73
Makai Lemon,Makai Lemon,tackle,0,5
Makai Lemon,Makai Lemon,manCover,0,5
Makai Lemon,Makai Lemon,zoneCover,0,5
Makai Lemon,Makai Lemon,catching,91,86
Makai Lemon,Makai Lemon,routeRun,87,82
Caleb Banks,Caleb Banks,teamID,Rookie,MIN
Caleb Banks,Caleb Banks,rating,86,76
Caleb Banks,Caleb Banks,speed,55,60
Caleb Banks,Caleb Banks,power,90,87
Caleb Banks,Caleb Banks,agility,63,68
Caleb Banks,Caleb Banks,burst,56,61
Caleb Banks,Caleb Banks,intelligence,73,78
Caleb Banks,Caleb Banks,tackle,56,61
Caleb Banks,Caleb Banks,manCover,0,5
Caleb Banks,Caleb Banks,zoneCover,0,5
Caleb Banks,Caleb Banks,catching,0,5
Caleb Banks,Caleb Banks,routeRun,0,5
Moro Ojomo,Moro Ojomo,position,DE,DT
Moro Ojomo,Moro Ojomo,speed,69,71
Moro Ojomo,Moro Ojomo,power,72,77
Moro Ojomo,Moro Ojomo,agility,88,83
Moro Ojomo,Moro Ojomo,intelligence,87,82
Moro Ojomo,Moro Ojomo,tackle,89,84
Moro Ojomo,Moro Ojomo,manCover,0,5
Moro Ojomo,Moro Ojomo,zoneCover,0,5
Moro Ojomo,Moro Ojomo,catching,0,5
Moro Ojomo,Moro Ojomo,routeRun,0,5
Tim Patrick,Tim Patrick,teamID,Free Agent,NYJ
Tim Patrick,Tim Patrick,rating,64,74
Tim Patrick,Tim Patrick,speed,77,82
Tim Patrick,Tim Patrick,power,87,82
Tim Patrick,Tim Patrick,agility,71,76
Tim Patrick,Tim Patrick,burst,70,75
Tim Patrick,Tim Patrick,intelligence,76,79
Tim Patrick,Tim Patrick,tackle,0,5
Tim Patrick,Tim Patrick,manCover,0,5
Tim Patrick,Tim Patrick,zoneCover,0,5
Tim Patrick,Tim Patrick,catching,72,77
Tim Patrick,Tim Patrick,routeRun,89,84
A.J. Haulcy,A.J. Haulcy,teamID,Rookie,IND
A.J. Haulcy,A.J. Haulcy,rating,81,74
A.J. Haulcy,A.J. Haulcy,speed,64,69
A.J. Haulcy,A.J. Haulcy,power,64,69
A.J. Haulcy,A.J. Haulcy,agility,87,85
A.J. Haulcy,A.J. Haulcy,burst,70,75
A.J. Haulcy,A.J. Haulcy,intelligence,70,75
A.J. Haulcy,A.J. Haulcy,tackle,92,87
A.J. Haulcy,A.J. Haulcy,manCover,80,75
A.J. Haulcy,A.J. Haulcy,zoneCover,88,83
A.J. Haulcy,A.J. Haulcy,catching,0,5
A.J. Haulcy,A.J. Haulcy,routeRun,0,5
Andrew Billings,Andrew Billings,teamID,Free Agent,ARI
Andrew Billings,Andrew Billings,rating,63,73
Andrew Billings,Andrew Billings,speed,72,69
Andrew Billings,Andrew Billings,power,72,77
Andrew Billings,Andrew Billings,agility,77,72
Andrew Billings,Andrew Billings,burst,84,79
Andrew Billings,Andrew Billings,intelligence,81,76
Andrew Billings,Andrew Billings,tackle,74,79
Andrew Billings,Andrew Billings,manCover,0,5
Andrew Billings,Andrew Billings,zoneCover,0,5
Andrew Billings,Andrew Billings,catching,0,5
Andrew Billings,Andrew Billings,routeRun,0,5
Caleb Ransaw,Caleb Ransaw,position,CB,S
Caleb Ransaw,Caleb Ransaw,speed,71,76
Caleb Ransaw,Caleb Ransaw,power,77,72
Caleb Ransaw,Caleb Ransaw,agility,81,86
Caleb Ransaw,Caleb Ransaw,burst,79,84
Caleb Ransaw,Caleb Ransaw,intelligence,84,79
Caleb Ransaw,Caleb Ransaw,tackle,80,75
Caleb Ransaw,Caleb Ransaw,manCover,94,89
Caleb Ransaw,Caleb Ransaw,zoneCover,85,80
Caleb Ransaw,Caleb Ransaw,catching,0,5
Caleb Ransaw,Caleb Ransaw,routeRun,0,5
Chauncey Golston,Chauncey Golston,position,DE,DT
Chauncey Golston,Chauncey Golston,speed,82,78
Chauncey Golston,Chauncey Golston,power,87,82
Chauncey Golston,Chauncey Golston,agility,91,86
Chauncey Golston,Chauncey Golston,burst,88,85
Chauncey Golston,Chauncey Golston,intelligence,77,74
Chauncey Golston,Chauncey Golston,tackle,83,82
Chauncey Golston,Chauncey Golston,manCover,0,5
Chauncey Golston,Chauncey Golston,zoneCover,0,5
Chauncey Golston,Chauncey Golston,catching,0,5
Chauncey Golston,Chauncey Golston,routeRun,0,5
Jake Slaughter,Jake Slaughter,teamID,Rookie,LAC
Jake Slaughter,Jake Slaughter,rating,83,73
Jake Slaughter,Jake Slaughter,speed,63,68
Jake Slaughter,Jake Slaughter,power,81,86
Jake Slaughter,Jake Slaughter,agility,69,64
Jake Slaughter,Jake Slaughter,burst,68,73
Jake Slaughter,Jake Slaughter,intelligence,92,87
Jake Slaughter,Jake Slaughter,tackle,0,5
Jake Slaughter,Jake Slaughter,manCover,0,5
Jake Slaughter,Jake Slaughter,zoneCover,0,5
Jake Slaughter,Jake Slaughter,catching,0,5
Jake Slaughter,Jake Slaughter,routeRun,0,5
Domonique Orange,Domonique Orange,teamID,Rookie,MIN
Domonique Orange,Domonique Orange,rating,83,73
Domonique Orange,Domonique Orange,speed,60,65
Domonique Orange,Domonique Orange,power,89,86
Domonique Orange,Domonique Orange,agility,79,74
Domonique Orange,Domonique Orange,burst,58,63
Domonique Orange,Domonique Orange,intelligence,77,74
Domonique Orange,Domonique Orange,tackle,90,85
Domonique Orange,Domonique Orange,manCover,0,5
Domonique Orange,Domonique Orange,zoneCover,0,5
Domonique Orange,Domonique Orange,catching,0,5
Domonique Orange,Domonique Orange,routeRun,0,5
Gracen Halton,Gracen Halton,teamID,Rookie,SF
Gracen Halton,Gracen Halton,rating,82,72
Gracen Halton,Gracen Halton,speed,68,73
Gracen Halton,Gracen Halton,power,92,87
Gracen Halton,Gracen Halton,agility,83,78
Gracen Halton,Gracen Halton,burst,49,54
Gracen Halton,Gracen Halton,intelligence,87,82
Gracen Halton,Gracen Halton,tackle,83,81
Gracen Halton,Gracen Halton,manCover,0,5
Gracen Halton,Gracen Halton,zoneCover,0,5
Gracen Halton,Gracen Halton,catching,0,5
Gracen Halton,Gracen Halton,routeRun,0,5
Kamari Ramsey,Kamari Ramsey,teamID,Rookie,HOU
Kamari Ramsey,Kamari Ramsey,rating,79,72
Kamari Ramsey,Kamari Ramsey,speed,65,70
Kamari Ramsey,Kamari Ramsey,power,54,59
Kamari Ramsey,Kamari Ramsey,agility,70,75
Kamari Ramsey,Kamari Ramsey,burst,83,88
Kamari Ramsey,Kamari Ramsey,intelligence,78,74
Kamari Ramsey,Kamari Ramsey,tackle,69,67
Kamari Ramsey,Kamari Ramsey,manCover,85,80
Kamari Ramsey,Kamari Ramsey,zoneCover,78,73
Kamari Ramsey,Kamari Ramsey,catching,0,5
Kamari Ramsey,Kamari Ramsey,routeRun,0,5
Trevis Gipson,Trevis Gipson,teamID,Free Agent,CAR
Trevis Gipson,Trevis Gipson,rating,61,71
Trevis Gipson,Trevis Gipson,speed,67,72
Trevis Gipson,Trevis Gipson,power,78,79
Trevis Gipson,Trevis Gipson,burst,71,76
Trevis Gipson,Trevis Gipson,tackle,72,77
Trevis Gipson,Trevis Gipson,manCover,0,5
Trevis Gipson,Trevis Gipson,zoneCover,0,5
Trevis Gipson,Trevis Gipson,catching,0,5
Trevis Gipson,Trevis Gipson,routeRun,0,5
Neville Gallimore,Neville Gallimore,teamID,Free Agent,CHI
Neville Gallimore,Neville Gallimore,rating,61,71
Neville Gallimore,Neville Gallimore,speed,72,77
Neville Gallimore,Neville Gallimore,power,73,78
Neville Gallimore,Neville Gallimore,agility,87,82
Neville Gallimore,Neville Gallimore,burst,66,71
Neville Gallimore,Neville Gallimore,intelligence,75,74
Neville Gallimore,Neville Gallimore,tackle,73,78
Neville Gallimore,Neville Gallimore,manCover,0,5
Neville Gallimore,Neville Gallimore,zoneCover,0,5
Neville Gallimore,Neville Gallimore,catching,0,5
Neville Gallimore,Neville Gallimore,routeRun,0,5
Ronnie Harrison,Ronnie Harrison Jr,position,MLB,OLB
Ronnie Harrison,Ronnie Harrison Jr,power,71,72
Ronnie Harrison,Ronnie Harrison Jr,agility,83,80
Ronnie Harrison,Ronnie Harrison Jr,intelligence,87,82
Ronnie Harrison,Ronnie Harrison Jr,manCover,77,72
Ronnie Harrison,Ronnie Harrison Jr,zoneCover,68,73
Ronnie Harrison,Ronnie Harrison Jr,catching,0,5
Ronnie Harrison,Ronnie Harrison Jr,routeRun,0,5
Chandler Rivers,Chandler Rivers,teamID,Rookie,BAL
Chandler Rivers,Chandler Rivers,rating,75,71
Chandler Rivers,Chandler Rivers,speed,65,70
Chandler Rivers,Chandler Rivers,power,70,65
Chandler Rivers,Chandler Rivers,agility,82,85
Chandler Rivers,Chandler Rivers,burst,84,89
Chandler Rivers,Chandler Rivers,intelligence,68,64
Chandler Rivers,Chandler Rivers,tackle,70,65
Chandler Rivers,Chandler Rivers,manCover,92,87
Chandler Rivers,Chandler Rivers,zoneCover,87,82
Chandler Rivers,Chandler Rivers,catching,0,5
Chandler Rivers,Chandler Rivers,routeRun,0,5
Kaleb Elarms-Orr,Kaleb Elarms-Orr,teamID,Rookie,BUF
Kaleb Elarms-Orr,Kaleb Elarms-Orr,rating,64,71
Kaleb Elarms-Orr,Kaleb Elarms-Orr,speed,89,90
Kaleb Elarms-Orr,Kaleb Elarms-Orr,power,74,71
Kaleb Elarms-Orr,Kaleb Elarms-Orr,agility,63,68
Kaleb Elarms-Orr,Kaleb Elarms-Orr,burst,92,91
Kaleb Elarms-Orr,Kaleb Elarms-Orr,intelligence,60,65
Kaleb Elarms-Orr,Kaleb Elarms-Orr,tackle,78,81
Kaleb Elarms-Orr,Kaleb Elarms-Orr,manCover,0,5
Kaleb Elarms-Orr,Kaleb Elarms-Orr,zoneCover,0,5
Kaleb Elarms-Orr,Kaleb Elarms-Orr,catching,0,5
Kaleb Elarms-Orr,Kaleb Elarms-Orr,routeRun,0,5
Jordan Hancock,Jordan Hancock,position,CB,S
Jordan Hancock,Jordan Hancock,speed,82,87
Jordan Hancock,Jordan Hancock,power,87,82
Jordan Hancock,Jordan Hancock,agility,87,82
Jordan Hancock,Jordan Hancock,burst,70,75
Jordan Hancock,Jordan Hancock,intelligence,71,73
Jordan Hancock,Jordan Hancock,tackle,78,73
Jordan Hancock,Jordan Hancock,manCover,76,71
Jordan Hancock,Jordan Hancock,zoneCover,80,75
Jordan Hancock,Jordan Hancock,catching,0,5
Jordan Hancock,Jordan Hancock,routeRun,0,5
Maason Smith,Maason Smith,teamID,JAX,ATL
Maason Smith,Maason Smith,rating,63,70
Maason Smith,Maason Smith,speed,69,72
Maason Smith,Maason Smith,power,82,83
Maason Smith,Maason Smith,agility,84,79
Maason Smith,Maason Smith,burst,70,75
Maason Smith,Maason Smith,intelligence,71,67
Maason Smith,Maason Smith,tackle,73,78
Maason Smith,Maason Smith,manCover,0,5
Maason Smith,Maason Smith,zoneCover,0,5
Maason Smith,Maason Smith,catching,0,5
Maason Smith,Maason Smith,routeRun,0,5
Billy Schrauth,Billy Schrauth,teamID,Rookie,TB
Billy Schrauth,Billy Schrauth,rating,79,69
Billy Schrauth,Billy Schrauth,speed,44,49
Billy Schrauth,Billy Schrauth,power,92,87
Billy Schrauth,Billy Schrauth,agility,71,66
Billy Schrauth,Billy Schrauth,burst,51,56
Billy Schrauth,Billy Schrauth,intelligence,86,81
Billy Schrauth,Billy Schrauth,tackle,0,5
Billy Schrauth,Billy Schrauth,manCover,0,5
Billy Schrauth,Billy Schrauth,zoneCover,0,5
Billy Schrauth,Billy Schrauth,catching,0,5
Billy Schrauth,Billy Schrauth,routeRun,0,5
Charles Demmings,Charles Demmings,teamID,Rookie,MIN
Charles Demmings,Charles Demmings,rating,73,69
Charles Demmings,Charles Demmings,speed,77,82
Charles Demmings,Charles Demmings,power,71,66
Charles Demmings,Charles Demmings,agility,52,57
Charles Demmings,Charles Demmings,burst,83,88
Charles Demmings,Charles Demmings,intelligence,74,69
Charles Demmings,Charles Demmings,tackle,82,77
Charles Demmings,Charles Demmings,manCover,85,80
Charles Demmings,Charles Demmings,zoneCover,83,78
Charles Demmings,Charles Demmings,catching,0,5
Charles Demmings,Charles Demmings,routeRun,0,5
Tremon Smith,Tremon Smith,teamID,Free Agent,HOU
Tremon Smith,Tremon Smith,rating,58,68
Tremon Smith,Tremon Smith,speed,68,73
Tremon Smith,Tremon Smith,power,62,58
Tremon Smith,Tremon Smith,agility,77,82
Tremon Smith,Tremon Smith,burst,78,83
Tremon Smith,Tremon Smith,intelligence,76,71
Tremon Smith,Tremon Smith,tackle,71,66
Tremon Smith,Tremon Smith,manCover,82,77
Tremon Smith,Tremon Smith,zoneCover,82,77
Tremon Smith,Tremon Smith,catching,0,5
Tremon Smith,Tremon Smith,routeRun,0,5
Tom Kennedy,Tom Kennedy,teamID,Free Agent,DET
Tom Kennedy,Tom Kennedy,rating,58,68
Tom Kennedy,Tom Kennedy,speed,81,86
Tom Kennedy,Tom Kennedy,power,71,66
Tom Kennedy,Tom Kennedy,agility,76,81
Tom Kennedy,Tom Kennedy,burst,75,80
Tom Kennedy,Tom Kennedy,intelligence,76,71
Tom Kennedy,Tom Kennedy,tackle,0,5
Tom Kennedy,Tom Kennedy,manCover,0,5
Tom Kennedy,Tom Kennedy,zoneCover,0,5
Tom Kennedy,Tom Kennedy,catching,69,74
Tom Kennedy,Tom Kennedy,routeRun,68,70
Matt Hennessy,Matt Hennessy,teamID,Free Agent,DAL
Matt Hennessy,Matt Hennessy,rating,57,67
Matt Hennessy,Matt Hennessy,speed,78,73
Matt Hennessy,Matt Hennessy,power,66,71
Matt Hennessy,Matt Hennessy,agility,81,76
Matt Hennessy,Matt Hennessy,burst,77,72
Matt Hennessy,Matt Hennessy,intelligence,81,76
Matt Hennessy,Matt Hennessy,tackle,0,5
Matt Hennessy,Matt Hennessy,manCover,0,5
Matt Hennessy,Matt Hennessy,zoneCover,0,5
Matt Hennessy,Matt Hennessy,catching,0,5
Matt Hennessy,Matt Hennessy,routeRun,0,5
Elijah Simmons,Elijah Simmons,position,DE,DT
Elijah Simmons,Elijah Simmons,speed,73,68
Elijah Simmons,Elijah Simmons,power,75,80
Elijah Simmons,Elijah Simmons,agility,74,69
Elijah Simmons,Elijah Simmons,burst,76,71
Elijah Simmons,Elijah Simmons,intelligence,87,82
Elijah Simmons,Elijah Simmons,tackle,84,80
Elijah Simmons,Elijah Simmons,manCover,0,5
Elijah Simmons,Elijah Simmons,zoneCover,0,5
Elijah Simmons,Elijah Simmons,catching,0,5
Elijah Simmons,Elijah Simmons,routeRun,0,5
Brenton Cox Jr.,Brenton Cox,teamID,Free Agent,GB
Brenton Cox Jr.,Brenton Cox,rating,56,66
Brenton Cox Jr.,Brenton Cox,speed,71,76
Brenton Cox Jr.,Brenton Cox,power,77,81
Brenton Cox Jr.,Brenton Cox,agility,69,65
Brenton Cox Jr.,Brenton Cox,burst,80,85
Brenton Cox Jr.,Brenton Cox,intelligence,65,64
Brenton Cox Jr.,Brenton Cox,tackle,70,73
Brenton Cox Jr.,Brenton Cox,manCover,0,5
Brenton Cox Jr.,Brenton Cox,zoneCover,0,5
Brenton Cox Jr.,Brenton Cox,catching,0,5
Brenton Cox Jr.,Brenton Cox,routeRun,0,5
Reese Taylor,Reese Taylor,teamID,Free Agent,MIA
Reese Taylor,Reese Taylor,rating,56,66
Reese Taylor,Reese Taylor,speed,74,79
Reese Taylor,Reese Taylor,power,72,67
Reese Taylor,Reese Taylor,agility,72,77
Reese Taylor,Reese Taylor,burst,70,75
Reese Taylor,Reese Taylor,intelligence,81,76
Reese Taylor,Reese Taylor,tackle,74,69
Reese Taylor,Reese Taylor,manCover,70,67
Reese Taylor,Reese Taylor,zoneCover,68,73
Reese Taylor,Reese Taylor,catching,0,5
Reese Taylor,Reese Taylor,routeRun,0,5
Devon Key,Devon Key,teamID,Free Agent,DEN
Devon Key,Devon Key,rating,72,65
Devon Key,Devon Key,speed,76,81
Devon Key,Devon Key,power,78,73
Devon Key,Devon Key,agility,72,77
Devon Key,Devon Key,intelligence,67,64
Devon Key,Devon Key,tackle,89,84
Devon Key,Devon Key,manCover,80,75
Devon Key,Devon Key,zoneCover,84,79
Devon Key,Devon Key,catching,0,5
Devon Key,Devon Key,routeRun,0,5
Zeek Biggers,Zeek Biggers,teamID,Free Agent,MIA
Zeek Biggers,Zeek Biggers,rating,58,65
Zeek Biggers,Zeek Biggers,speed,84,79
Zeek Biggers,Zeek Biggers,power,73,78
Zeek Biggers,Zeek Biggers,agility,87,82
Zeek Biggers,Zeek Biggers,burst,77,76
Zeek Biggers,Zeek Biggers,tackle,77,76
Zeek Biggers,Zeek Biggers,manCover,0,5
Zeek Biggers,Zeek Biggers,zoneCover,0,5
Zeek Biggers,Zeek Biggers,catching,0,5
Zeek Biggers,Zeek Biggers,routeRun,0,5
Asim Richards,Asim Richards,teamID,Free Agent,NO
Asim Richards,Asim Richards,rating,57,64
Asim Richards,Asim Richards,speed,71,67
Asim Richards,Asim Richards,power,67,72
Asim Richards,Asim Richards,agility,71,66
Asim Richards,Asim Richards,burst,76,73
Asim Richards,Asim Richards,intelligence,82,77
Asim Richards,Asim Richards,tackle,0,5
Asim Richards,Asim Richards,manCover,0,5
Asim Richards,Asim Richards,zoneCover,0,5
Asim Richards,Asim Richards,catching,0,5
Asim Richards,Asim Richards,routeRun,0,5
Sam Ehlinger,Sam Ehlinger,teamID,Free Agent,DEN
Sam Ehlinger,Sam Ehlinger,rating,64,57
Sam Ehlinger,Sam Ehlinger,speed,79,84
Sam Ehlinger,Sam Ehlinger,power,76,71
Sam Ehlinger,Sam Ehlinger,burst,83,79
Sam Ehlinger,Sam Ehlinger,intelligence,74,69
Sam Ehlinger,Sam Ehlinger,tackle,0,5
Sam Ehlinger,Sam Ehlinger,manCover,0,5
Sam Ehlinger,Sam Ehlinger,zoneCover,0,5
Sam Ehlinger,Sam Ehlinger,catching,0,5
Sam Ehlinger,Sam Ehlinger,routeRun,0,5
Jalen Pitre,Jalen Pitre,position,S,CB
Jalen Pitre,Jalen Pitre,rating,87,86
Jalen Pitre,Jalen Pitre,speed,87,90
Jalen Pitre,Jalen Pitre,power,86,81
Jalen Pitre,Jalen Pitre,agility,87,91
Jalen Pitre,Jalen Pitre,burst,96,93
Jalen Pitre,Jalen Pitre,intelligence,91,90
Jalen Pitre,Jalen Pitre,tackle,87,82
Jalen Pitre,Jalen Pitre,manCover,89,84
Jalen Pitre,Jalen Pitre,zoneCover,87,88
Jalen Pitre,Jalen Pitre,catching,0,5
Jalen Pitre,Jalen Pitre,routeRun,0,5
Quay Walker,Quay Walker,teamID,Free Agent,LV
Quay Walker,Quay Walker,rating,69,80
Quay Walker,Quay Walker,speed,75,80
Quay Walker,Quay Walker,power,82,77
Quay Walker,Quay Walker,agility,77,82
Quay Walker,Quay Walker,burst,88,90
Quay Walker,Quay Walker,intelligence,80,75
Quay Walker,Quay Walker,tackle,70,75
Quay Walker,Quay Walker,manCover,0,5
Quay Walker,Quay Walker,zoneCover,0,5
Quay Walker,Quay Walker,catching,0,5
Quay Walker,Quay Walker,routeRun,0,5
Rueben Bain Jr.,Rueben Bain Jr,teamID,Rookie,TB
Rueben Bain Jr.,Rueben Bain Jr,rating,91,80
Rueben Bain Jr.,Rueben Bain Jr,speed,88,84
Rueben Bain Jr.,Rueben Bain Jr,power,91,86
Rueben Bain Jr.,Rueben Bain Jr,agility,80,81
Rueben Bain Jr.,Rueben Bain Jr,burst,80,85
Rueben Bain Jr.,Rueben Bain Jr,intelligence,93,88
Rueben Bain Jr.,Rueben Bain Jr,tackle,85,81
Rueben Bain Jr.,Rueben Bain Jr,manCover,0,5
Rueben Bain Jr.,Rueben Bain Jr,zoneCover,0,5
Rueben Bain Jr.,Rueben Bain Jr,catching,0,5
Rueben Bain Jr.,Rueben Bain Jr,routeRun,0,5
Odafe Oweh,Odafe Oweh,position,OLB,DE
Odafe Oweh,Odafe Oweh,rating,79,80
Odafe Oweh,Odafe Oweh,speed,96,91
Odafe Oweh,Odafe Oweh,power,86,81
Odafe Oweh,Odafe Oweh,burst,96,91
Odafe Oweh,Odafe Oweh,tackle,80,85
Odafe Oweh,Odafe Oweh,manCover,0,5
Odafe Oweh,Odafe Oweh,zoneCover,0,5
Odafe Oweh,Odafe Oweh,catching,0,5
Odafe Oweh,Odafe Oweh,routeRun,0,5
Gervon Dexter Sr.,Gervon Dexter Sr,teamID,CHI,ATL
Gervon Dexter Sr.,Gervon Dexter Sr,rating,74,79
Gervon Dexter Sr.,Gervon Dexter Sr,speed,75,76
Gervon Dexter Sr.,Gervon Dexter Sr,power,91,86
Gervon Dexter Sr.,Gervon Dexter Sr,agility,69,67
Gervon Dexter Sr.,Gervon Dexter Sr,burst,79,80
Gervon Dexter Sr.,Gervon Dexter Sr,intelligence,81,85
Gervon Dexter Sr.,Gervon Dexter Sr,tackle,79,84
Gervon Dexter Sr.,Gervon Dexter Sr,manCover,0,5
Gervon Dexter Sr.,Gervon Dexter Sr,zoneCover,0,5
Gervon Dexter Sr.,Gervon Dexter Sr,catching,0,5
Gervon Dexter Sr.,Gervon Dexter Sr,routeRun,0,5
Trenton Simpson,Trenton Simpson,position,MLB,OLB
Trenton Simpson,Trenton Simpson,rating,79,78
Trenton Simpson,Trenton Simpson,speed,97,92
Trenton Simpson,Trenton Simpson,power,81,77
Trenton Simpson,Trenton Simpson,agility,78,81
Trenton Simpson,Trenton Simpson,burst,80,85
Trenton Simpson,Trenton Simpson,intelligence,93,88
Trenton Simpson,Trenton Simpson,tackle,93,88
Trenton Simpson,Trenton Simpson,manCover,82,77
Trenton Simpson,Trenton Simpson,zoneCover,88,83
Trenton Simpson,Trenton Simpson,catching,0,5
Trenton Simpson,Trenton Simpson,routeRun,0,5
Terrion Arnold,Terrion Arnold,teamID,DET,SEA
Terrion Arnold,Terrion Arnold,rating,65,76
Terrion Arnold,Terrion Arnold,speed,89,90
Terrion Arnold,Terrion Arnold,power,76,71
Terrion Arnold,Terrion Arnold,agility,65,70
Terrion Arnold,Terrion Arnold,burst,79,84
Terrion Arnold,Terrion Arnold,intelligence,70,69
Terrion Arnold,Terrion Arnold,tackle,85,80
Terrion Arnold,Terrion Arnold,manCover,72,73
Terrion Arnold,Terrion Arnold,zoneCover,74,75
Terrion Arnold,Terrion Arnold,catching,0,5
Terrion Arnold,Terrion Arnold,routeRun,0,5
Uchenna Nwosu,Uchenna Nwosu,position,OLB,DE
Uchenna Nwosu,Uchenna Nwosu,rating,77,76
Uchenna Nwosu,Uchenna Nwosu,power,83,78
Uchenna Nwosu,Uchenna Nwosu,agility,92,87
Uchenna Nwosu,Uchenna Nwosu,burst,73,78
Uchenna Nwosu,Uchenna Nwosu,intelligence,91,86
Uchenna Nwosu,Uchenna Nwosu,tackle,82,80
Uchenna Nwosu,Uchenna Nwosu,manCover,0,5
Uchenna Nwosu,Uchenna Nwosu,zoneCover,0,5
Uchenna Nwosu,Uchenna Nwosu,catching,0,5
Uchenna Nwosu,Uchenna Nwosu,routeRun,0,5
Nic Scourton,Nic Scourton,position,OLB,DE
Nic Scourton,Nic Scourton,rating,76,75
Nic Scourton,Nic Scourton,speed,80,82
Nic Scourton,Nic Scourton,power,84,83
Nic Scourton,Nic Scourton,agility,79,81
Nic Scourton,Nic Scourton,burst,79,84
Nic Scourton,Nic Scourton,intelligence,88,83
Nic Scourton,Nic Scourton,tackle,95,90
Nic Scourton,Nic Scourton,manCover,0,5
Nic Scourton,Nic Scourton,zoneCover,0,5
Nic Scourton,Nic Scourton,catching,0,5
Nic Scourton,Nic Scourton,routeRun,0,5
Omar Cooper Jr.,Omar Cooper Jr,teamID,Rookie,NYJ
Omar Cooper Jr.,Omar Cooper Jr,rating,83,75
Omar Cooper Jr.,Omar Cooper Jr,speed,79,84
Omar Cooper Jr.,Omar Cooper Jr,power,80,75
Omar Cooper Jr.,Omar Cooper Jr,agility,89,90
Omar Cooper Jr.,Omar Cooper Jr,burst,84,89
Omar Cooper Jr.,Omar Cooper Jr,intelligence,75,70
Omar Cooper Jr.,Omar Cooper Jr,tackle,0,5
Omar Cooper Jr.,Omar Cooper Jr,manCover,0,5
Omar Cooper Jr.,Omar Cooper Jr,zoneCover,0,5
Omar Cooper Jr.,Omar Cooper Jr,catching,84,82
Omar Cooper Jr.,Omar Cooper Jr,routeRun,93,88
Denzel Boston,Denzel Boston,teamID,Rookie,CLE
Denzel Boston,Denzel Boston,rating,86,75
Denzel Boston,Denzel Boston,speed,73,78
Denzel Boston,Denzel Boston,power,58,63
Denzel Boston,Denzel Boston,agility,83,87
Denzel Boston,Denzel Boston,burst,77,82
Denzel Boston,Denzel Boston,intelligence,61,66
Denzel Boston,Denzel Boston,tackle,0,5
Denzel Boston,Denzel Boston,manCover,0,5
Denzel Boston,Denzel Boston,zoneCover,0,5
Denzel Boston,Denzel Boston,catching,89,84
Denzel Boston,Denzel Boston,routeRun,85,80
Da'Shawn Hand,Da'Shawn Hand,position,DE,DT
Da'Shawn Hand,Da'Shawn Hand,rating,73,74
Da'Shawn Hand,Da'Shawn Hand,speed,80,76
Da'Shawn Hand,Da'Shawn Hand,power,77,82
Da'Shawn Hand,Da'Shawn Hand,agility,75,70
Da'Shawn Hand,Da'Shawn Hand,burst,81,76
Da'Shawn Hand,Da'Shawn Hand,intelligence,78,73
Da'Shawn Hand,Da'Shawn Hand,tackle,96,91
Da'Shawn Hand,Da'Shawn Hand,manCover,0,5
Da'Shawn Hand,Da'Shawn Hand,zoneCover,0,5
Da'Shawn Hand,Da'Shawn Hand,catching,0,5
Da'Shawn Hand,Da'Shawn Hand,routeRun,0,5
Landon Jackson,Landon Jackson,position,DE,DT
Landon Jackson,Landon Jackson,rating,73,74
Landon Jackson,Landon Jackson,speed,73,78
Landon Jackson,Landon Jackson,power,79,81
Landon Jackson,Landon Jackson,agility,70,75
Landon Jackson,Landon Jackson,burst,87,85
Landon Jackson,Landon Jackson,intelligence,82,77
Landon Jackson,Landon Jackson,tackle,77,81
Landon Jackson,Landon Jackson,manCover,0,5
Landon Jackson,Landon Jackson,zoneCover,0,5
Landon Jackson,Landon Jackson,catching,0,5
Landon Jackson,Landon Jackson,routeRun,0,5
Levi Onwuzurike,Levi Onwuzurike,position,DE,DT
Levi Onwuzurike,Levi Onwuzurike,rating,75,74
Levi Onwuzurike,Levi Onwuzurike,speed,86,81
Levi Onwuzurike,Levi Onwuzurike,power,85,87
Levi Onwuzurike,Levi Onwuzurike,agility,69,73
Levi Onwuzurike,Levi Onwuzurike,intelligence,76,74
Levi Onwuzurike,Levi Onwuzurike,tackle,75,80
Levi Onwuzurike,Levi Onwuzurike,manCover,0,5
Levi Onwuzurike,Levi Onwuzurike,zoneCover,0,5
Levi Onwuzurike,Levi Onwuzurike,catching,0,5
Levi Onwuzurike,Levi Onwuzurike,routeRun,0,5
Ashtyn Davis,Ashtyn Davis,teamID,Free Agent,SF
Ashtyn Davis,Ashtyn Davis,rating,65,73
Ashtyn Davis,Ashtyn Davis,speed,74,79
Ashtyn Davis,Ashtyn Davis,power,74,69
Ashtyn Davis,Ashtyn Davis,agility,72,77
Ashtyn Davis,Ashtyn Davis,burst,73,78
Ashtyn Davis,Ashtyn Davis,intelligence,87,82
Ashtyn Davis,Ashtyn Davis,tackle,87,82
Ashtyn Davis,Ashtyn Davis,manCover,72,68
Ashtyn Davis,Ashtyn Davis,zoneCover,72,73
Ashtyn Davis,Ashtyn Davis,catching,0,5
Ashtyn Davis,Ashtyn Davis,routeRun,0,5
Marquez Valdes-Scantling,Marquez Valdes-Scantling,teamID,Free Agent,LAC
Marquez Valdes-Scantling,Marquez Valdes-Scantling,rating,64,72
Marquez Valdes-Scantling,Marquez Valdes-Scantling,speed,72,77
Marquez Valdes-Scantling,Marquez Valdes-Scantling,power,70,65
Marquez Valdes-Scantling,Marquez Valdes-Scantling,agility,81,85
Marquez Valdes-Scantling,Marquez Valdes-Scantling,burst,81,86
Marquez Valdes-Scantling,Marquez Valdes-Scantling,intelligence,72,69
Marquez Valdes-Scantling,Marquez Valdes-Scantling,tackle,0,5
Marquez Valdes-Scantling,Marquez Valdes-Scantling,manCover,0,5
Marquez Valdes-Scantling,Marquez Valdes-Scantling,zoneCover,0,5
Marquez Valdes-Scantling,Marquez Valdes-Scantling,catching,79,81
Marquez Valdes-Scantling,Marquez Valdes-Scantling,routeRun,72,74
Akeem Davis-Gaither,Akeem Davis-Gaither,teamID,Free Agent,IND
Akeem Davis-Gaither,Akeem Davis-Gaither,rating,64,72
Akeem Davis-Gaither,Akeem Davis-Gaither,speed,80,85
Akeem Davis-Gaither,Akeem Davis-Gaither,power,81,76
Akeem Davis-Gaither,Akeem Davis-Gaither,agility,74,79
Akeem Davis-Gaither,Akeem Davis-Gaither,burst,79,84
Akeem Davis-Gaither,Akeem Davis-Gaither,intelligence,75,73
Akeem Davis-Gaither,Akeem Davis-Gaither,tackle,79,82
Akeem Davis-Gaither,Akeem Davis-Gaither,manCover,68,63
Akeem Davis-Gaither,Akeem Davis-Gaither,zoneCover,86,81
Akeem Davis-Gaither,Akeem Davis-Gaither,catching,0,5
Akeem Davis-Gaither,Akeem Davis-Gaither,routeRun,0,5
Ja'Marcus Ingram,Ja'Marcus Ingram,teamID,Free Agent,HOU
Ja'Marcus Ingram,Ja'Marcus Ingram,rating,64,72
Ja'Marcus Ingram,Ja'Marcus Ingram,speed,77,82
Ja'Marcus Ingram,Ja'Marcus Ingram,power,71,68
Ja'Marcus Ingram,Ja'Marcus Ingram,agility,72,77
Ja'Marcus Ingram,Ja'Marcus Ingram,burst,82,87
Ja'Marcus Ingram,Ja'Marcus Ingram,intelligence,76,75
Ja'Marcus Ingram,Ja'Marcus Ingram,tackle,75,70
Ja'Marcus Ingram,Ja'Marcus Ingram,manCover,76,71
Ja'Marcus Ingram,Ja'Marcus Ingram,zoneCover,82,77
Ja'Marcus Ingram,Ja'Marcus Ingram,catching,0,5
Ja'Marcus Ingram,Ja'Marcus Ingram,routeRun,0,5
Chris Moore,Chris Moore,teamID,Free Agent,BAL
Chris Moore,Chris Moore,rating,61,72
Chris Moore,Chris Moore,speed,70,75
Chris Moore,Chris Moore,power,72,67
Chris Moore,Chris Moore,agility,75,80
Chris Moore,Chris Moore,burst,78,83
Chris Moore,Chris Moore,intelligence,84,79
Chris Moore,Chris Moore,tackle,0,5
Chris Moore,Chris Moore,manCover,0,5
Chris Moore,Chris Moore,zoneCover,0,5
Chris Moore,Chris Moore,catching,78,83
Chris Moore,Chris Moore,routeRun,76,75
Mario Edwards,Mario Edwards Jr,teamID,Free Agent,HOU
Mario Edwards,Mario Edwards Jr,rating,61,72
Mario Edwards,Mario Edwards Jr,speed,84,79
Mario Edwards,Mario Edwards Jr,power,83,88
Mario Edwards,Mario Edwards Jr,agility,81,76
Mario Edwards,Mario Edwards Jr,burst,79,74
Mario Edwards,Mario Edwards Jr,intelligence,86,81
Mario Edwards,Mario Edwards Jr,tackle,79,81
Mario Edwards,Mario Edwards Jr,manCover,0,5
Mario Edwards,Mario Edwards Jr,zoneCover,0,5
Mario Edwards,Mario Edwards Jr,catching,0,5
Mario Edwards,Mario Edwards Jr,routeRun,0,5
Andy Dalton,Andy Dalton,teamID,CAR,PHI
Andy Dalton,Andy Dalton,rating,79,71
Andy Dalton,Andy Dalton,speed,89,84
Andy Dalton,Andy Dalton,power,84,79
Andy Dalton,Andy Dalton,agility,90,85
Andy Dalton,Andy Dalton,burst,89,84
Andy Dalton,Andy Dalton,intelligence,71,74
Andy Dalton,Andy Dalton,tackle,0,5
Andy Dalton,Andy Dalton,manCover,0,5
Andy Dalton,Andy Dalton,zoneCover,0,5
Andy Dalton,Andy Dalton,catching,0,5
Andy Dalton,Andy Dalton,routeRun,0,5
Damone Clark,Damone Clark,position,OLB,MLB
Damone Clark,Damone Clark,rating,70,71
Damone Clark,Damone Clark,speed,80,85
Damone Clark,Damone Clark,power,83,78
Damone Clark,Damone Clark,agility,88,83
Damone Clark,Damone Clark,burst,84,89
Damone Clark,Damone Clark,intelligence,90,85
Damone Clark,Damone Clark,tackle,78,83
Damone Clark,Damone Clark,manCover,0,5
Damone Clark,Damone Clark,zoneCover,0,5
Damone Clark,Damone Clark,catching,0,5
Damone Clark,Damone Clark,routeRun,0,5
Shy Tuttle,Shy Tuttle,teamID,Free Agent,WAS
Shy Tuttle,Shy Tuttle,rating,63,71
Shy Tuttle,Shy Tuttle,speed,77,74
Shy Tuttle,Shy Tuttle,power,72,77
Shy Tuttle,Shy Tuttle,agility,82,77
Shy Tuttle,Shy Tuttle,burst,72,73
Shy Tuttle,Shy Tuttle,intelligence,78,73
Shy Tuttle,Shy Tuttle,tackle,71,76
Shy Tuttle,Shy Tuttle,manCover,0,5
Shy Tuttle,Shy Tuttle,zoneCover,0,5
Shy Tuttle,Shy Tuttle,catching,0,5
Shy Tuttle,Shy Tuttle,routeRun,0,5
Cody Simon,Cody Simon,position,MLB,OLB
Cody Simon,Cody Simon,rating,71,70
Cody Simon,Cody Simon,speed,76,81
Cody Simon,Cody Simon,power,81,76
Cody Simon,Cody Simon,agility,76,77
Cody Simon,Cody Simon,burst,81,86
Cody Simon,Cody Simon,intelligence,84,79
Cody Simon,Cody Simon,tackle,83,80
Cody Simon,Cody Simon,manCover,65,60
Cody Simon,Cody Simon,zoneCover,69,64
Cody Simon,Cody Simon,catching,0,5
Cody Simon,Cody Simon,routeRun,0,5
Jared Wilson,Jared Wilson,position,OG,C
Jared Wilson,Jared Wilson,rating,69,70
Jared Wilson,Jared Wilson,speed,74,78
Jared Wilson,Jared Wilson,power,82,86
Jared Wilson,Jared Wilson,agility,68,70
Jared Wilson,Jared Wilson,burst,82,79
Jared Wilson,Jared Wilson,intelligence,81,76
Jared Wilson,Jared Wilson,tackle,0,5
Jared Wilson,Jared Wilson,manCover,0,5
Jared Wilson,Jared Wilson,zoneCover,0,5
Jared Wilson,Jared Wilson,catching,0,5
Jared Wilson,Jared Wilson,routeRun,0,5
Trey Pipkins,Trey Pipkins III,teamID,Free Agent,LAC
Trey Pipkins,Trey Pipkins III,rating,61,69
Trey Pipkins,Trey Pipkins III,speed,73,69
Trey Pipkins,Trey Pipkins III,power,76,81
Trey Pipkins,Trey Pipkins III,agility,76,71
Trey Pipkins,Trey Pipkins III,burst,69,73
Trey Pipkins,Trey Pipkins III,intelligence,71,76
Trey Pipkins,Trey Pipkins III,tackle,0,5
Trey Pipkins,Trey Pipkins III,manCover,0,5
Trey Pipkins,Trey Pipkins III,zoneCover,0,5
Trey Pipkins,Trey Pipkins III,catching,0,5
Trey Pipkins,Trey Pipkins III,routeRun,0,5
Mitchell Fraboni,Mitchell Fraboni,teamID,Free Agent,DEN
Mitchell Fraboni,Mitchell Fraboni,rating,60,68
Mitchell Fraboni,Mitchell Fraboni,speed,68,73
Mitchell Fraboni,Mitchell Fraboni,power,74,75
Mitchell Fraboni,Mitchell Fraboni,agility,65,66
Mitchell Fraboni,Mitchell Fraboni,burst,76,75
Mitchell Fraboni,Mitchell Fraboni,intelligence,71,66
Mitchell Fraboni,Mitchell Fraboni,tackle,0,5
Mitchell Fraboni,Mitchell Fraboni,manCover,0,5
Mitchell Fraboni,Mitchell Fraboni,zoneCover,0,5
Mitchell Fraboni,Mitchell Fraboni,catching,0,5
Mitchell Fraboni,Mitchell Fraboni,routeRun,0,5
Mike Morris,Mike Morris,position,DE,DT
Mike Morris,Mike Morris,rating,69,68
Mike Morris,Mike Morris,speed,78,74
Mike Morris,Mike Morris,power,85,82
Mike Morris,Mike Morris,agility,77,72
Mike Morris,Mike Morris,burst,86,84
Mike Morris,Mike Morris,intelligence,89,84
Mike Morris,Mike Morris,tackle,77,75
Mike Morris,Mike Morris,manCover,0,5
Mike Morris,Mike Morris,zoneCover,0,5
Mike Morris,Mike Morris,catching,0,5
Mike Morris,Mike Morris,routeRun,0,5
Simi Fehoko,Simi Fehoko,teamID,Free Agent,ARI
Simi Fehoko,Simi Fehoko,rating,59,67
Simi Fehoko,Simi Fehoko,speed,80,85
Simi Fehoko,Simi Fehoko,power,70,66
Simi Fehoko,Simi Fehoko,agility,77,82
Simi Fehoko,Simi Fehoko,burst,75,80
Simi Fehoko,Simi Fehoko,intelligence,81,76
Simi Fehoko,Simi Fehoko,tackle,0,5
Simi Fehoko,Simi Fehoko,manCover,0,5
Simi Fehoko,Simi Fehoko,zoneCover,0,5
Simi Fehoko,Simi Fehoko,catching,67,72
Simi Fehoko,Simi Fehoko,routeRun,75,70
Nate Boerkircher,Nate Boerkircher,teamID,Rookie,JAX
Nate Boerkircher,Nate Boerkircher,rating,72,67
Nate Boerkircher,Nate Boerkircher,speed,55,60
Nate Boerkircher,Nate Boerkircher,power,72,77
Nate Boerkircher,Nate Boerkircher,agility,61,66
Nate Boerkircher,Nate Boerkircher,burst,78,83
Nate Boerkircher,Nate Boerkircher,intelligence,91,86
Nate Boerkircher,Nate Boerkircher,tackle,0,5
Nate Boerkircher,Nate Boerkircher,manCover,0,5
Nate Boerkircher,Nate Boerkircher,zoneCover,0,5
Nate Boerkircher,Nate Boerkircher,catching,78,76
Nate Boerkircher,Nate Boerkircher,routeRun,67,62
Jack Endries,Jack Endries,teamID,Rookie,CIN
Jack Endries,Jack Endries,rating,74,66
Jack Endries,Jack Endries,speed,82,84
Jack Endries,Jack Endries,power,74,72
Jack Endries,Jack Endries,agility,74,75
Jack Endries,Jack Endries,burst,78,83
Jack Endries,Jack Endries,intelligence,73,68
Jack Endries,Jack Endries,tackle,0,5
Jack Endries,Jack Endries,manCover,0,5
Jack Endries,Jack Endries,zoneCover,0,5
Jack Endries,Jack Endries,catching,64,69
Jack Endries,Jack Endries,routeRun,92,87
James Williams,James Williams Sr,position,MLB,OLB
James Williams,James Williams Sr,rating,65,66
James Williams,James Williams Sr,speed,80,84
James Williams,James Williams Sr,power,72,71
James Williams,James Williams Sr,agility,68,73
James Williams,James Williams Sr,burst,70,75
James Williams,James Williams Sr,intelligence,84,79
James Williams,James Williams Sr,tackle,83,78
James Williams,James Williams Sr,manCover,83,78
James Williams,James Williams Sr,zoneCover,75,71
James Williams,James Williams Sr,catching,0,5
James Williams,James Williams Sr,routeRun,0,5
Bam Martin-Scott,Bam Martin-Scott,position,MLB,OLB
Bam Martin-Scott,Bam Martin-Scott,rating,64,63
Bam Martin-Scott,Bam Martin-Scott,speed,68,73
Bam Martin-Scott,Bam Martin-Scott,power,80,75
Bam Martin-Scott,Bam Martin-Scott,agility,73,75
Bam Martin-Scott,Bam Martin-Scott,burst,66,71
Bam Martin-Scott,Bam Martin-Scott,intelligence,82,77
Bam Martin-Scott,Bam Martin-Scott,tackle,74,77
Bam Martin-Scott,Bam Martin-Scott,manCover,84,79
Bam Martin-Scott,Bam Martin-Scott,zoneCover,77,72
Bam Martin-Scott,Bam Martin-Scott,catching,0,5
Bam Martin-Scott,Bam Martin-Scott,routeRun,0,5
Edgerrin Cooper,Edgerrin Cooper,position,MLB,OLB
Edgerrin Cooper,Edgerrin Cooper,rating,82,80
Edgerrin Cooper,Edgerrin Cooper,speed,85,89
Edgerrin Cooper,Edgerrin Cooper,power,88,83
Edgerrin Cooper,Edgerrin Cooper,agility,85,80
Edgerrin Cooper,Edgerrin Cooper,burst,79,84
Edgerrin Cooper,Edgerrin Cooper,intelligence,88,83
Edgerrin Cooper,Edgerrin Cooper,tackle,89,85
Edgerrin Cooper,Edgerrin Cooper,manCover,89,84
Edgerrin Cooper,Edgerrin Cooper,zoneCover,83,78
Edgerrin Cooper,Edgerrin Cooper,catching,0,5
Edgerrin Cooper,Edgerrin Cooper,routeRun,0,5
Zach Wood,Zach Wood,teamID,Free Agent,NO
Zach Wood,Zach Wood,rating,67,79
Zach Wood,Zach Wood,speed,68,71
Zach Wood,Zach Wood,power,80,75
Zach Wood,Zach Wood,agility,78,73
Zach Wood,Zach Wood,burst,73,68
Zach Wood,Zach Wood,intelligence,68,65
Zach Wood,Zach Wood,tackle,0,5
Zach Wood,Zach Wood,manCover,0,5
Zach Wood,Zach Wood,zoneCover,0,5
Zach Wood,Zach Wood,catching,0,5
Zach Wood,Zach Wood,routeRun,0,5
Omar Speights,Omar Speights,position,MLB,OLB
Omar Speights,Omar Speights,rating,76,78
Omar Speights,Omar Speights,speed,97,92
Omar Speights,Omar Speights,power,73,78
Omar Speights,Omar Speights,agility,82,81
Omar Speights,Omar Speights,burst,96,91
Omar Speights,Omar Speights,intelligence,77,76
Omar Speights,Omar Speights,manCover,80,75
Omar Speights,Omar Speights,zoneCover,86,81
Omar Speights,Omar Speights,catching,0,5
Omar Speights,Omar Speights,routeRun,0,5
Najee Harris,Najee Harris,teamID,Free Agent,NYG
Najee Harris,Najee Harris,rating,65,77
Najee Harris,Najee Harris,speed,72,77
Najee Harris,Najee Harris,power,77,82
Najee Harris,Najee Harris,agility,71,76
Najee Harris,Najee Harris,burst,75,80
Najee Harris,Najee Harris,intelligence,82,77
Najee Harris,Najee Harris,tackle,0,5
Najee Harris,Najee Harris,manCover,0,5
Najee Harris,Najee Harris,zoneCover,0,5
Najee Harris,Najee Harris,catching,76,71
Najee Harris,Najee Harris,routeRun,80,75
Jadarian Price,Jadarian Price,teamID,Rookie,SEA
Jadarian Price,Jadarian Price,rating,85,76
Jadarian Price,Jadarian Price,speed,92,89
Jadarian Price,Jadarian Price,power,73,72
Jadarian Price,Jadarian Price,agility,91,88
Jadarian Price,Jadarian Price,burst,92,90
Jadarian Price,Jadarian Price,intelligence,63,68
Jadarian Price,Jadarian Price,tackle,0,5
Jadarian Price,Jadarian Price,manCover,0,5
Jadarian Price,Jadarian Price,zoneCover,0,5
Jadarian Price,Jadarian Price,catching,67,66
Jadarian Price,Jadarian Price,routeRun,73,68
E.J. Speed,E.J. Speed,position,MLB,OLB
E.J. Speed,E.J. Speed,rating,77,75
E.J. Speed,E.J. Speed,speed,69,74
E.J. Speed,E.J. Speed,power,88,83
E.J. Speed,E.J. Speed,agility,89,84
E.J. Speed,E.J. Speed,burst,91,87
E.J. Speed,E.J. Speed,intelligence,80,75
E.J. Speed,E.J. Speed,tackle,73,78
E.J. Speed,E.J. Speed,manCover,87,82
E.J. Speed,E.J. Speed,zoneCover,81,76
E.J. Speed,E.J. Speed,catching,0,5
E.J. Speed,E.J. Speed,routeRun,0,5
Jawaan Taylor,Jawaan Taylor,teamID,KC,ATL
Jawaan Taylor,Jawaan Taylor,rating,63,75
Jawaan Taylor,Jawaan Taylor,speed,86,81
Jawaan Taylor,Jawaan Taylor,power,75,80
Jawaan Taylor,Jawaan Taylor,agility,88,83
Jawaan Taylor,Jawaan Taylor,burst,73,68
Jawaan Taylor,Jawaan Taylor,intelligence,79,82
Jawaan Taylor,Jawaan Taylor,tackle,0,5
Jawaan Taylor,Jawaan Taylor,manCover,0,5
Jawaan Taylor,Jawaan Taylor,zoneCover,0,5
Jawaan Taylor,Jawaan Taylor,catching,0,5
Jawaan Taylor,Jawaan Taylor,routeRun,0,5
Justin Strnad,Justin Strnad,position,MLB,OLB
Justin Strnad,Justin Strnad,rating,72,74
Justin Strnad,Justin Strnad,speed,75,80
Justin Strnad,Justin Strnad,power,82,77
Justin Strnad,Justin Strnad,agility,82,81
Justin Strnad,Justin Strnad,burst,67,72
Justin Strnad,Justin Strnad,intelligence,85,80
Justin Strnad,Justin Strnad,tackle,76,81
Justin Strnad,Justin Strnad,manCover,84,79
Justin Strnad,Justin Strnad,zoneCover,83,78
Justin Strnad,Justin Strnad,catching,0,5
Justin Strnad,Justin Strnad,routeRun,0,5
Darrell Baker Jr.,Darrell Baker Jr,teamID,Free Agent,MIA
Darrell Baker Jr.,Darrell Baker Jr,rating,62,74
Darrell Baker Jr.,Darrell Baker Jr,speed,85,90
Darrell Baker Jr.,Darrell Baker Jr,power,74,69
Darrell Baker Jr.,Darrell Baker Jr,agility,78,81
Darrell Baker Jr.,Darrell Baker Jr,burst,71,76
Darrell Baker Jr.,Darrell Baker Jr,intelligence,79,74
Darrell Baker Jr.,Darrell Baker Jr,tackle,75,70
Darrell Baker Jr.,Darrell Baker Jr,manCover,67,71
Darrell Baker Jr.,Darrell Baker Jr,zoneCover,73,74
Darrell Baker Jr.,Darrell Baker Jr,catching,0,5
Darrell Baker Jr.,Darrell Baker Jr,routeRun,0,5
Dani Dennis-Sutton,Dani Dennis-Sutton,teamID,Rookie,GB
Dani Dennis-Sutton,Dani Dennis-Sutton,rating,80,74
Dani Dennis-Sutton,Dani Dennis-Sutton,speed,86,84
Dani Dennis-Sutton,Dani Dennis-Sutton,power,78,83
Dani Dennis-Sutton,Dani Dennis-Sutton,agility,78,83
Dani Dennis-Sutton,Dani Dennis-Sutton,burst,80,85
Dani Dennis-Sutton,Dani Dennis-Sutton,intelligence,54,59
Dani Dennis-Sutton,Dani Dennis-Sutton,tackle,83,80
Dani Dennis-Sutton,Dani Dennis-Sutton,manCover,0,5
Dani Dennis-Sutton,Dani Dennis-Sutton,zoneCover,0,5
Dani Dennis-Sutton,Dani Dennis-Sutton,catching,0,5
Dani Dennis-Sutton,Dani Dennis-Sutton,routeRun,0,5
Jake Golday,Jake Golday,teamID,Rookie,MIN
Jake Golday,Jake Golday,rating,80,74
Jake Golday,Jake Golday,speed,80,85
Jake Golday,Jake Golday,power,80,76
Jake Golday,Jake Golday,agility,92,87
Jake Golday,Jake Golday,burst,87,90
Jake Golday,Jake Golday,intelligence,90,85
Jake Golday,Jake Golday,tackle,82,81
Jake Golday,Jake Golday,manCover,0,5
Jake Golday,Jake Golday,zoneCover,0,5
Jake Golday,Jake Golday,catching,0,5
Jake Golday,Jake Golday,routeRun,0,5
Payton Turner,Payton Turner,teamID,Free Agent,DET
Payton Turner,Payton Turner,rating,61,73
Payton Turner,Payton Turner,speed,76,79
Payton Turner,Payton Turner,power,73,78
Payton Turner,Payton Turner,agility,65,70
Payton Turner,Payton Turner,burst,79,83
Payton Turner,Payton Turner,intelligence,79,74
Payton Turner,Payton Turner,tackle,91,86
Payton Turner,Payton Turner,manCover,0,5
Payton Turner,Payton Turner,zoneCover,0,5
Payton Turner,Payton Turner,catching,0,5
Payton Turner,Payton Turner,routeRun,0,5
Blake Grupe,Blake Grupe,teamID,IND,NYJ
Blake Grupe,Blake Grupe,rating,82,73
Blake Grupe,Blake Grupe,speed,74,76
Blake Grupe,Blake Grupe,power,89,84
Blake Grupe,Blake Grupe,agility,80,75
Blake Grupe,Blake Grupe,burst,90,85
Blake Grupe,Blake Grupe,intelligence,76,71
Blake Grupe,Blake Grupe,tackle,0,5
Blake Grupe,Blake Grupe,manCover,0,5
Blake Grupe,Blake Grupe,zoneCover,0,5
Blake Grupe,Blake Grupe,catching,0,5
Blake Grupe,Blake Grupe,routeRun,0,5
Roy Robertson-Harris,Roy Robertson-Harris,teamID,Free Agent,NYG
Roy Robertson-Harris,Roy Robertson-Harris,rating,60,72
Roy Robertson-Harris,Roy Robertson-Harris,speed,79,76
Roy Robertson-Harris,Roy Robertson-Harris,power,72,77
Roy Robertson-Harris,Roy Robertson-Harris,agility,84,79
Roy Robertson-Harris,Roy Robertson-Harris,burst,83,78
Roy Robertson-Harris,Roy Robertson-Harris,intelligence,76,81
Roy Robertson-Harris,Roy Robertson-Harris,tackle,74,77
Roy Robertson-Harris,Roy Robertson-Harris,manCover,0,5
Roy Robertson-Harris,Roy Robertson-Harris,zoneCover,0,5
Roy Robertson-Harris,Roy Robertson-Harris,catching,0,5
Roy Robertson-Harris,Roy Robertson-Harris,routeRun,0,5
Jack Sawyer,Jack Sawyer,position,OLB,DE
Jack Sawyer,Jack Sawyer,rating,70,72
Jack Sawyer,Jack Sawyer,speed,69,74
Jack Sawyer,Jack Sawyer,power,68,73
Jack Sawyer,Jack Sawyer,agility,85,80
Jack Sawyer,Jack Sawyer,burst,77,82
Jack Sawyer,Jack Sawyer,intelligence,94,89
Jack Sawyer,Jack Sawyer,tackle,84,80
Jack Sawyer,Jack Sawyer,manCover,0,5
Jack Sawyer,Jack Sawyer,zoneCover,0,5
Jack Sawyer,Jack Sawyer,catching,0,5
Jack Sawyer,Jack Sawyer,routeRun,0,5
Jonathan Mingo,Jonathan Mingo,teamID,Free Agent,DAL
Jonathan Mingo,Jonathan Mingo,rating,59,71
Jonathan Mingo,Jonathan Mingo,speed,68,73
Jonathan Mingo,Jonathan Mingo,power,70,71
Jonathan Mingo,Jonathan Mingo,agility,88,83
Jonathan Mingo,Jonathan Mingo,burst,81,86
Jonathan Mingo,Jonathan Mingo,intelligence,77,72
Jonathan Mingo,Jonathan Mingo,tackle,0,5
Jonathan Mingo,Jonathan Mingo,manCover,0,5
Jonathan Mingo,Jonathan Mingo,zoneCover,0,5
Jonathan Mingo,Jonathan Mingo,catching,73,78
Jonathan Mingo,Jonathan Mingo,routeRun,67,72
Kaytron Allen,Kaytron Allen,teamID,Rookie,WAS
Kaytron Allen,Kaytron Allen,rating,80,71
Kaytron Allen,Kaytron Allen,speed,92,89
Kaytron Allen,Kaytron Allen,power,67,72
Kaytron Allen,Kaytron Allen,agility,69,74
Kaytron Allen,Kaytron Allen,burst,79,84
Kaytron Allen,Kaytron Allen,intelligence,89,84
Kaytron Allen,Kaytron Allen,tackle,0,5
Kaytron Allen,Kaytron Allen,manCover,0,5
Kaytron Allen,Kaytron Allen,zoneCover,0,5
Kaytron Allen,Kaytron Allen,catching,92,87
Kaytron Allen,Kaytron Allen,routeRun,83,78
Demond Claiborne,Demond Claiborne,teamID,Rookie,MIN
Demond Claiborne,Demond Claiborne,rating,76,70
Demond Claiborne,Demond Claiborne,speed,92,93
Demond Claiborne,Demond Claiborne,power,37,42
Demond Claiborne,Demond Claiborne,agility,66,71
Demond Claiborne,Demond Claiborne,burst,84,89
Demond Claiborne,Demond Claiborne,intelligence,76,71
Demond Claiborne,Demond Claiborne,tackle,0,5
Demond Claiborne,Demond Claiborne,manCover,0,5
Demond Claiborne,Demond Claiborne,zoneCover,0,5
Demond Claiborne,Demond Claiborne,catching,87,82
Demond Claiborne,Demond Claiborne,routeRun,92,87
James Lynch,James Lynch,position,DE,DT
James Lynch,James Lynch,rating,71,69
James Lynch,James Lynch,speed,76,71
James Lynch,James Lynch,power,73,78
James Lynch,James Lynch,agility,89,84
James Lynch,James Lynch,burst,80,75
James Lynch,James Lynch,intelligence,83,78
James Lynch,James Lynch,tackle,77,79
James Lynch,James Lynch,manCover,0,5
James Lynch,James Lynch,zoneCover,0,5
James Lynch,James Lynch,catching,0,5
James Lynch,James Lynch,routeRun,0,5
Marist Liufau,Marist Liufau,position,OLB,DE
Marist Liufau,Marist Liufau,rating,67,69
Marist Liufau,Marist Liufau,speed,88,84
Marist Liufau,Marist Liufau,power,79,74
Marist Liufau,Marist Liufau,agility,89,84
Marist Liufau,Marist Liufau,burst,79,84
Marist Liufau,Marist Liufau,intelligence,80,75
Marist Liufau,Marist Liufau,tackle,79,76
Marist Liufau,Marist Liufau,manCover,0,5
Marist Liufau,Marist Liufau,zoneCover,0,5
Marist Liufau,Marist Liufau,catching,0,5
Marist Liufau,Marist Liufau,routeRun,0,5
Decamerion Richardson,Decamerion Richardson,teamID,LV,NO
Decamerion Richardson,Decamerion Richardson,rating,57,69
Decamerion Richardson,Decamerion Richardson,speed,77,82
Decamerion Richardson,Decamerion Richardson,power,69,64
Decamerion Richardson,Decamerion Richardson,agility,73,78
Decamerion Richardson,Decamerion Richardson,burst,79,84
Decamerion Richardson,Decamerion Richardson,intelligence,69,64
Decamerion Richardson,Decamerion Richardson,tackle,67,72
Decamerion Richardson,Decamerion Richardson,manCover,73,68
Decamerion Richardson,Decamerion Richardson,zoneCover,78,73
Decamerion Richardson,Decamerion Richardson,catching,0,5
Decamerion Richardson,Decamerion Richardson,routeRun,0,5
Dawand Jones,Dawand Jones,teamID,Free Agent,CLE
Dawand Jones,Dawand Jones,rating,56,68
Dawand Jones,Dawand Jones,speed,76,71
Dawand Jones,Dawand Jones,power,72,77
Dawand Jones,Dawand Jones,agility,63,58
Dawand Jones,Dawand Jones,burst,84,79
Dawand Jones,Dawand Jones,intelligence,77,76
Dawand Jones,Dawand Jones,tackle,0,5
Dawand Jones,Dawand Jones,manCover,0,5
Dawand Jones,Dawand Jones,zoneCover,0,5
Dawand Jones,Dawand Jones,catching,0,5
Dawand Jones,Dawand Jones,routeRun,0,5
Jeremiah Trotter Jr.,Jeremiah Trotter Jr,position,MLB,OLB
Jeremiah Trotter Jr.,Jeremiah Trotter Jr,rating,66,68
Jeremiah Trotter Jr.,Jeremiah Trotter Jr,speed,74,78
Jeremiah Trotter Jr.,Jeremiah Trotter Jr,power,73,69
Jeremiah Trotter Jr.,Jeremiah Trotter Jr,agility,75,79
Jeremiah Trotter Jr.,Jeremiah Trotter Jr,burst,74,79
Jeremiah Trotter Jr.,Jeremiah Trotter Jr,intelligence,86,81
Jeremiah Trotter Jr.,Jeremiah Trotter Jr,tackle,85,80
Jeremiah Trotter Jr.,Jeremiah Trotter Jr,manCover,87,82
Jeremiah Trotter Jr.,Jeremiah Trotter Jr,zoneCover,78,73
Jeremiah Trotter Jr.,Jeremiah Trotter Jr,catching,0,5
Jeremiah Trotter Jr.,Jeremiah Trotter Jr,routeRun,0,5
Jared Wayne,Jared Wayne,teamID,Free Agent,HOU
Jared Wayne,Jared Wayne,rating,58,67
Jared Wayne,Jared Wayne,speed,71,76
Jared Wayne,Jared Wayne,power,74,69
Jared Wayne,Jared Wayne,agility,90,87
Jared Wayne,Jared Wayne,burst,74,79
Jared Wayne,Jared Wayne,intelligence,81,76
Jared Wayne,Jared Wayne,tackle,0,5
Jared Wayne,Jared Wayne,manCover,0,5
Jared Wayne,Jared Wayne,zoneCover,0,5
Jared Wayne,Jared Wayne,catching,70,75
Jared Wayne,Jared Wayne,routeRun,72,67
Trevor Keegan,Trevor Keegan,teamID,DAL,MIN
Trevor Keegan,Trevor Keegan,rating,78,66
Trevor Keegan,Trevor Keegan,speed,75,70
Trevor Keegan,Trevor Keegan,power,87,85
Trevor Keegan,Trevor Keegan,agility,85,80
Trevor Keegan,Trevor Keegan,burst,85,80
Trevor Keegan,Trevor Keegan,intelligence,82,77
Trevor Keegan,Trevor Keegan,tackle,0,5
Trevor Keegan,Trevor Keegan,manCover,0,5
Trevor Keegan,Trevor Keegan,zoneCover,0,5
Trevor Keegan,Trevor Keegan,catching,0,5
Trevor Keegan,Trevor Keegan,routeRun,0,5
Jamal Hill,Jamal Hill,position,MLB,OLB
Jamal Hill,Jamal Hill,rating,68,66
Jamal Hill,Jamal Hill,speed,84,89
Jamal Hill,Jamal Hill,power,81,76
Jamal Hill,Jamal Hill,agility,72,77
Jamal Hill,Jamal Hill,burst,79,84
Jamal Hill,Jamal Hill,intelligence,83,78
Jamal Hill,Jamal Hill,tackle,80,78
Jamal Hill,Jamal Hill,manCover,66,61
Jamal Hill,Jamal Hill,zoneCover,75,70
Jamal Hill,Jamal Hill,catching,0,5
Jamal Hill,Jamal Hill,routeRun,0,5
Hunter Long,Hunter Long,teamID,JAX,ARI
Hunter Long,Hunter Long,rating,77,65
Hunter Long,Hunter Long,speed,76,81
Hunter Long,Hunter Long,power,86,81
Hunter Long,Hunter Long,agility,80,75
Hunter Long,Hunter Long,burst,78,83
Hunter Long,Hunter Long,intelligence,80,75
Hunter Long,Hunter Long,tackle,0,5
Hunter Long,Hunter Long,manCover,0,5
Hunter Long,Hunter Long,zoneCover,0,5
Hunter Long,Hunter Long,catching,90,85
Hunter Long,Hunter Long,routeRun,88,83
Anthony Campbell,Anthony Campbell,teamID,Free Agent,GB
Anthony Campbell,Anthony Campbell,rating,73,64
Anthony Campbell,Anthony Campbell,speed,76,72
Anthony Campbell,Anthony Campbell,power,81,83
Anthony Campbell,Anthony Campbell,agility,88,83
Anthony Campbell,Anthony Campbell,burst,71,72
Anthony Campbell,Anthony Campbell,intelligence,85,80
Anthony Campbell,Anthony Campbell,tackle,68,73
Anthony Campbell,Anthony Campbell,manCover,0,5
Anthony Campbell,Anthony Campbell,zoneCover,0,5
Anthony Campbell,Anthony Campbell,catching,0,5
Anthony Campbell,Anthony Campbell,routeRun,0,5
E.J. Jenkins,E.J. Jenkins,teamID,Free Agent,PHI
E.J. Jenkins,E.J. Jenkins,rating,67,58
E.J. Jenkins,E.J. Jenkins,speed,74,79
E.J. Jenkins,E.J. Jenkins,power,82,77
E.J. Jenkins,E.J. Jenkins,agility,83,78
E.J. Jenkins,E.J. Jenkins,burst,81,86
E.J. Jenkins,E.J. Jenkins,intelligence,76,71
E.J. Jenkins,E.J. Jenkins,tackle,0,5
E.J. Jenkins,E.J. Jenkins,manCover,0,5
E.J. Jenkins,E.J. Jenkins,zoneCover,0,5
E.J. Jenkins,E.J. Jenkins,catching,66,71
E.J. Jenkins,E.J. Jenkins,routeRun,80,75
T.J. Watt,T.J. Watt,position,OLB,DE
T.J. Watt,T.J. Watt,speed,93,88
T.J. Watt,T.J. Watt,power,96,91
T.J. Watt,T.J. Watt,agility,95,90
T.J. Watt,T.J. Watt,burst,97,92
T.J. Watt,T.J. Watt,intelligence,89,94
T.J. Watt,T.J. Watt,tackle,90,93
T.J. Watt,T.J. Watt,manCover,0,5
T.J. Watt,T.J. Watt,zoneCover,0,5
T.J. Watt,T.J. Watt,catching,0,5
T.J. Watt,T.J. Watt,routeRun,0,5
Zack Baun,Zack Baun,position,MLB,OLB
Zack Baun,Zack Baun,rating,90,93
Zack Baun,Zack Baun,speed,88,89
Zack Baun,Zack Baun,power,87,82
Zack Baun,Zack Baun,agility,88,83
Zack Baun,Zack Baun,burst,91,87
Zack Baun,Zack Baun,intelligence,84,89
Zack Baun,Zack Baun,tackle,85,90
Zack Baun,Zack Baun,manCover,90,85
Zack Baun,Zack Baun,zoneCover,90,85
Zack Baun,Zack Baun,catching,0,5
Zack Baun,Zack Baun,routeRun,0,5
Budda Baker,Budda Baker,teamID,Free Agent,ARI
Budda Baker,Budda Baker,rating,77,90
Budda Baker,Budda Baker,speed,77,82
Budda Baker,Budda Baker,power,75,72
Budda Baker,Budda Baker,agility,96,91
Budda Baker,Budda Baker,burst,75,80
Budda Baker,Budda Baker,intelligence,89,91
Budda Baker,Budda Baker,tackle,88,83
Budda Baker,Budda Baker,manCover,73,76
Budda Baker,Budda Baker,zoneCover,82,79
Budda Baker,Budda Baker,catching,0,5
Budda Baker,Budda Baker,routeRun,0,5
Brian Burns,Brian Burns,position,OLB,DE
Brian Burns,Brian Burns,rating,92,89
Brian Burns,Brian Burns,speed,87,88
Brian Burns,Brian Burns,power,93,88
Brian Burns,Brian Burns,burst,88,90
Brian Burns,Brian Burns,intelligence,89,93
Brian Burns,Brian Burns,tackle,97,92
Brian Burns,Brian Burns,manCover,0,5
Brian Burns,Brian Burns,zoneCover,0,5
Brian Burns,Brian Burns,catching,0,5
Brian Burns,Brian Burns,routeRun,0,5
Jamel Dean,Jamel Dean,teamID,Free Agent,PIT
Jamel Dean,Jamel Dean,rating,76,86
Jamel Dean,Jamel Dean,speed,85,90
Jamel Dean,Jamel Dean,power,81,76
Jamel Dean,Jamel Dean,agility,89,84
Jamel Dean,Jamel Dean,burst,77,82
Jamel Dean,Jamel Dean,intelligence,86,89
Jamel Dean,Jamel Dean,tackle,79,76
Jamel Dean,Jamel Dean,manCover,90,87
Jamel Dean,Jamel Dean,zoneCover,89,86
Jamel Dean,Jamel Dean,catching,0,5
Jamel Dean,Jamel Dean,routeRun,0,5
Jonathon Cooper,Jonathon Cooper,position,OLB,DE
Jonathon Cooper,Jonathon Cooper,rating,87,84
Jonathon Cooper,Jonathon Cooper,speed,88,85
Jonathon Cooper,Jonathon Cooper,power,93,88
Jonathon Cooper,Jonathon Cooper,agility,89,84
Jonathon Cooper,Jonathon Cooper,burst,94,90
Jonathon Cooper,Jonathon Cooper,intelligence,83,88
Jonathon Cooper,Jonathon Cooper,tackle,88,85
Jonathon Cooper,Jonathon Cooper,manCover,0,5
Jonathon Cooper,Jonathon Cooper,zoneCover,0,5
Jonathon Cooper,Jonathon Cooper,catching,0,5
Jonathon Cooper,Jonathon Cooper,routeRun,0,5
Byron Young,Byron Young,position,OLB,DE
Byron Young,Byron Young,rating,87,84
Byron Young,Byron Young,speed,86,91
Byron Young,Byron Young,power,93,88
Byron Young,Byron Young,agility,87,82
Byron Young,Byron Young,burst,90,93
Byron Young,Byron Young,intelligence,83,86
Byron Young,Byron Young,tackle,91,87
Byron Young,Byron Young,manCover,0,5
Byron Young,Byron Young,zoneCover,0,5
Byron Young,Byron Young,catching,0,5
Byron Young,Byron Young,routeRun,0,5
Taron Johnson,Taron Johnson,teamID,BUF,LV
Taron Johnson,Taron Johnson,rating,70,83
Taron Johnson,Taron Johnson,speed,94,90
Taron Johnson,Taron Johnson,power,82,77
Taron Johnson,Taron Johnson,agility,72,77
Taron Johnson,Taron Johnson,burst,97,92
Taron Johnson,Taron Johnson,intelligence,78,83
Taron Johnson,Taron Johnson,tackle,72,68
Taron Johnson,Taron Johnson,manCover,78,79
Taron Johnson,Taron Johnson,zoneCover,70,75
Taron Johnson,Taron Johnson,catching,0,5
Taron Johnson,Taron Johnson,routeRun,0,5
Daiyan Henley,Daiyan Henley,position,MLB,OLB
Daiyan Henley,Daiyan Henley,rating,79,82
Daiyan Henley,Daiyan Henley,speed,75,80
Daiyan Henley,Daiyan Henley,power,84,79
Daiyan Henley,Daiyan Henley,agility,86,82
Daiyan Henley,Daiyan Henley,burst,84,89
Daiyan Henley,Daiyan Henley,intelligence,78,83
Daiyan Henley,Daiyan Henley,tackle,79,84
Daiyan Henley,Daiyan Henley,manCover,83,78
Daiyan Henley,Daiyan Henley,zoneCover,91,86
Daiyan Henley,Daiyan Henley,catching,0,5
Daiyan Henley,Daiyan Henley,routeRun,0,5
David Bailey,David Bailey,teamID,Rookie,NYJ
David Bailey,David Bailey,rating,88,81
David Bailey,David Bailey,speed,88,89
David Bailey,David Bailey,power,87,82
David Bailey,David Bailey,agility,83,86
David Bailey,David Bailey,burst,80,85
David Bailey,David Bailey,intelligence,76,77
David Bailey,David Bailey,tackle,86,81
David Bailey,David Bailey,manCover,0,5
David Bailey,David Bailey,zoneCover,0,5
David Bailey,David Bailey,catching,0,5
David Bailey,David Bailey,routeRun,0,5
Romeo Doubs,Romeo Doubs,teamID,Free Agent,NE
Romeo Doubs,Romeo Doubs,rating,66,79
Romeo Doubs,Romeo Doubs,speed,76,81
Romeo Doubs,Romeo Doubs,power,83,78
Romeo Doubs,Romeo Doubs,agility,76,81
Romeo Doubs,Romeo Doubs,burst,77,82
Romeo Doubs,Romeo Doubs,intelligence,86,82
Romeo Doubs,Romeo Doubs,tackle,0,5
Romeo Doubs,Romeo Doubs,manCover,0,5
Romeo Doubs,Romeo Doubs,zoneCover,0,5
Romeo Doubs,Romeo Doubs,catching,75,80
Romeo Doubs,Romeo Doubs,routeRun,73,78
Akheem Mesidor,Akheem Mesidor,teamID,Rookie,LAC
Akheem Mesidor,Akheem Mesidor,rating,78,79
Akheem Mesidor,Akheem Mesidor,speed,78,83
Akheem Mesidor,Akheem Mesidor,power,87,82
Akheem Mesidor,Akheem Mesidor,agility,77,82
Akheem Mesidor,Akheem Mesidor,burst,75,80
Akheem Mesidor,Akheem Mesidor,intelligence,79,74
Akheem Mesidor,Akheem Mesidor,tackle,92,87
Akheem Mesidor,Akheem Mesidor,manCover,0,5
Akheem Mesidor,Akheem Mesidor,zoneCover,0,5
Akheem Mesidor,Akheem Mesidor,catching,0,5
Akheem Mesidor,Akheem Mesidor,routeRun,0,5
Rayshawn Jenkins,Rayshawn Jenkins,teamID,Free Agent,PIT
Rayshawn Jenkins,Rayshawn Jenkins,rating,64,77
Rayshawn Jenkins,Rayshawn Jenkins,speed,66,71
Rayshawn Jenkins,Rayshawn Jenkins,power,76,72
Rayshawn Jenkins,Rayshawn Jenkins,agility,71,76
Rayshawn Jenkins,Rayshawn Jenkins,burst,78,83
Rayshawn Jenkins,Rayshawn Jenkins,intelligence,89,84
Rayshawn Jenkins,Rayshawn Jenkins,tackle,71,76
Rayshawn Jenkins,Rayshawn Jenkins,manCover,82,77
Rayshawn Jenkins,Rayshawn Jenkins,zoneCover,80,75
Rayshawn Jenkins,Rayshawn Jenkins,catching,0,5
Rayshawn Jenkins,Rayshawn Jenkins,routeRun,0,5
Derick Hall,Derick Hall,position,OLB,DE
Derick Hall,Derick Hall,rating,74,77
Derick Hall,Derick Hall,speed,78,83
Derick Hall,Derick Hall,power,77,76
Derick Hall,Derick Hall,agility,89,84
Derick Hall,Derick Hall,burst,87,92
Derick Hall,Derick Hall,intelligence,76,77
Derick Hall,Derick Hall,manCover,0,5
Derick Hall,Derick Hall,zoneCover,0,5
Derick Hall,Derick Hall,catching,0,5
Derick Hall,Derick Hall,routeRun,0,5
Zion Young,Zion Young,teamID,Rookie,BAL
Zion Young,Zion Young,rating,86,76
Zion Young,Zion Young,speed,76,81
Zion Young,Zion Young,power,91,88
Zion Young,Zion Young,agility,77,75
Zion Young,Zion Young,burst,70,75
Zion Young,Zion Young,intelligence,75,71
Zion Young,Zion Young,tackle,65,70
Zion Young,Zion Young,manCover,0,5
Zion Young,Zion Young,zoneCover,0,5
Zion Young,Zion Young,catching,0,5
Zion Young,Zion Young,routeRun,0,5
Christian Elliss,Christian Elliss,position,MLB,OLB
Christian Elliss,Christian Elliss,rating,78,75
Christian Elliss,Christian Elliss,speed,77,82
Christian Elliss,Christian Elliss,power,79,74
Christian Elliss,Christian Elliss,agility,70,75
Christian Elliss,Christian Elliss,burst,88,86
Christian Elliss,Christian Elliss,intelligence,94,89
Christian Elliss,Christian Elliss,tackle,84,83
Christian Elliss,Christian Elliss,manCover,76,71
Christian Elliss,Christian Elliss,zoneCover,79,74
Christian Elliss,Christian Elliss,catching,0,5
Christian Elliss,Christian Elliss,routeRun,0,5
Antonio Williams,Antonio Williams,teamID,Rookie,WAS
Antonio Williams,Antonio Williams,rating,88,75
Antonio Williams,Antonio Williams,speed,89,92
Antonio Williams,Antonio Williams,power,56,61
Antonio Williams,Antonio Williams,agility,84,89
Antonio Williams,Antonio Williams,burst,72,77
Antonio Williams,Antonio Williams,intelligence,68,63
Antonio Williams,Antonio Williams,tackle,0,5
Antonio Williams,Antonio Williams,manCover,0,5
Antonio Williams,Antonio Williams,zoneCover,0,5
Antonio Williams,Antonio Williams,catching,91,86
Antonio Williams,Antonio Williams,routeRun,82,77
D'Angelo Ponds,D'Angelo Ponds,teamID,Rookie,NYJ
D'Angelo Ponds,D'Angelo Ponds,rating,85,75
D'Angelo Ponds,D'Angelo Ponds,speed,92,94
D'Angelo Ponds,D'Angelo Ponds,power,72,67
D'Angelo Ponds,D'Angelo Ponds,agility,73,78
D'Angelo Ponds,D'Angelo Ponds,burst,92,94
D'Angelo Ponds,D'Angelo Ponds,intelligence,46,51
D'Angelo Ponds,D'Angelo Ponds,tackle,92,87
D'Angelo Ponds,D'Angelo Ponds,zoneCover,91,86
D'Angelo Ponds,D'Angelo Ponds,catching,0,5
D'Angelo Ponds,D'Angelo Ponds,routeRun,0,5
Blake Miller,Blake Miller,teamID,Rookie,DET
Blake Miller,Blake Miller,rating,85,75
Blake Miller,Blake Miller,speed,75,71
Blake Miller,Blake Miller,power,88,92
Blake Miller,Blake Miller,agility,92,87
Blake Miller,Blake Miller,burst,73,75
Blake Miller,Blake Miller,intelligence,76,80
Blake Miller,Blake Miller,tackle,0,5
Blake Miller,Blake Miller,manCover,0,5
Blake Miller,Blake Miller,zoneCover,0,5
Blake Miller,Blake Miller,catching,0,5
Blake Miller,Blake Miller,routeRun,0,5
Jermod McCoy,Jermod McCoy,teamID,Rookie,LV
Jermod McCoy,Jermod McCoy,rating,84,74
Jermod McCoy,Jermod McCoy,speed,84,89
Jermod McCoy,Jermod McCoy,power,72,67
Jermod McCoy,Jermod McCoy,agility,86,91
Jermod McCoy,Jermod McCoy,burst,90,94
Jermod McCoy,Jermod McCoy,intelligence,79,74
Jermod McCoy,Jermod McCoy,tackle,78,73
Jermod McCoy,Jermod McCoy,manCover,90,85
Jermod McCoy,Jermod McCoy,zoneCover,84,79
Jermod McCoy,Jermod McCoy,catching,0,5
Jermod McCoy,Jermod McCoy,routeRun,0,5
Anthony Nelson,Anthony Nelson,position,OLB,DE
Anthony Nelson,Anthony Nelson,rating,77,74
Anthony Nelson,Anthony Nelson,speed,71,76
Anthony Nelson,Anthony Nelson,power,96,91
Anthony Nelson,Anthony Nelson,intelligence,76,75
Anthony Nelson,Anthony Nelson,tackle,79,84
Anthony Nelson,Anthony Nelson,manCover,0,5
Anthony Nelson,Anthony Nelson,zoneCover,0,5
Anthony Nelson,Anthony Nelson,catching,0,5
Anthony Nelson,Anthony Nelson,routeRun,0,5
Tyler Ott,Tyler Ott,teamID,Free Agent,WAS
Tyler Ott,Tyler Ott,rating,60,73
Tyler Ott,Tyler Ott,speed,68,73
Tyler Ott,Tyler Ott,power,69,72
Tyler Ott,Tyler Ott,agility,75,70
Tyler Ott,Tyler Ott,burst,72,76
Tyler Ott,Tyler Ott,intelligence,85,80
Tyler Ott,Tyler Ott,tackle,0,5
Tyler Ott,Tyler Ott,manCover,0,5
Tyler Ott,Tyler Ott,zoneCover,0,5
Tyler Ott,Tyler Ott,catching,0,5
Tyler Ott,Tyler Ott,routeRun,0,5
Devin White,Devin White,teamID,Free Agent,DET
Devin White,Devin White,rating,60,73
Devin White,Devin White,speed,68,73
Devin White,Devin White,power,83,78
Devin White,Devin White,agility,64,69
Devin White,Devin White,burst,67,72
Devin White,Devin White,intelligence,77,72
Devin White,Devin White,manCover,0,5
Devin White,Devin White,zoneCover,0,5
Devin White,Devin White,catching,0,5
Devin White,Devin White,routeRun,0,5
Chris McClellan,Chris McClellan,teamID,Rookie,GB
Chris McClellan,Chris McClellan,rating,80,73
Chris McClellan,Chris McClellan,speed,61,66
Chris McClellan,Chris McClellan,power,65,70
Chris McClellan,Chris McClellan,agility,72,67
Chris McClellan,Chris McClellan,burst,66,70
Chris McClellan,Chris McClellan,intelligence,92,87
Chris McClellan,Chris McClellan,tackle,75,80
Chris McClellan,Chris McClellan,manCover,0,5
Chris McClellan,Chris McClellan,zoneCover,0,5
Chris McClellan,Chris McClellan,catching,0,5
Chris McClellan,Chris McClellan,routeRun,0,5
Zachariah Branch,Zachariah Branch,teamID,Rookie,ATL
Zachariah Branch,Zachariah Branch,rating,83,73
Zachariah Branch,Zachariah Branch,speed,83,88
Zachariah Branch,Zachariah Branch,power,62,64
Zachariah Branch,Zachariah Branch,agility,65,70
Zachariah Branch,Zachariah Branch,burst,77,82
Zachariah Branch,Zachariah Branch,intelligence,69,64
Zachariah Branch,Zachariah Branch,tackle,0,5
Zachariah Branch,Zachariah Branch,manCover,0,5
Zachariah Branch,Zachariah Branch,zoneCover,0,5
Zachariah Branch,Zachariah Branch,catching,92,87
Zachariah Branch,Zachariah Branch,routeRun,92,87
Princely Umanmielen,Princely Umanmielen,position,OLB,DE
Princely Umanmielen,Princely Umanmielen,rating,69,72
Princely Umanmielen,Princely Umanmielen,speed,78,82
Princely Umanmielen,Princely Umanmielen,power,78,79
Princely Umanmielen,Princely Umanmielen,agility,87,82
Princely Umanmielen,Princely Umanmielen,burst,72,77
Princely Umanmielen,Princely Umanmielen,intelligence,75,70
Princely Umanmielen,Princely Umanmielen,tackle,86,81
Princely Umanmielen,Princely Umanmielen,manCover,0,5
Princely Umanmielen,Princely Umanmielen,zoneCover,0,5
Princely Umanmielen,Princely Umanmielen,catching,0,5
Princely Umanmielen,Princely Umanmielen,routeRun,0,5
Ross Matiscik,Ross Matiscik,teamID,Free Agent,JAX
Ross Matiscik,Ross Matiscik,rating,62,72
Ross Matiscik,Ross Matiscik,speed,69,70
Ross Matiscik,Ross Matiscik,power,74,73
Ross Matiscik,Ross Matiscik,agility,80,75
Ross Matiscik,Ross Matiscik,burst,82,77
Ross Matiscik,Ross Matiscik,intelligence,74,69
Ross Matiscik,Ross Matiscik,tackle,0,5
Ross Matiscik,Ross Matiscik,manCover,0,5
Ross Matiscik,Ross Matiscik,zoneCover,0,5
Ross Matiscik,Ross Matiscik,catching,0,5
Ross Matiscik,Ross Matiscik,routeRun,0,5
Ja'Kobi Lane,Ja'Kobi Lane,teamID,Rookie,BAL
Ja'Kobi Lane,Ja'Kobi Lane,rating,82,72
Ja'Kobi Lane,Ja'Kobi Lane,speed,75,80
Ja'Kobi Lane,Ja'Kobi Lane,power,92,87
Ja'Kobi Lane,Ja'Kobi Lane,agility,71,76
Ja'Kobi Lane,Ja'Kobi Lane,burst,88,91
Ja'Kobi Lane,Ja'Kobi Lane,intelligence,55,60
Ja'Kobi Lane,Ja'Kobi Lane,tackle,0,5
Ja'Kobi Lane,Ja'Kobi Lane,manCover,0,5
Ja'Kobi Lane,Ja'Kobi Lane,zoneCover,0,5
Ja'Kobi Lane,Ja'Kobi Lane,catching,90,85
Trey Zuhn III,Trey Zuhn III,teamID,Rookie,LV
Trey Zuhn III,Trey Zuhn III,rating,65,72
Trey Zuhn III,Trey Zuhn III,speed,50,55
Trey Zuhn III,Trey Zuhn III,power,65,70
Trey Zuhn III,Trey Zuhn III,agility,63,65
Trey Zuhn III,Trey Zuhn III,burst,44,49
Trey Zuhn III,Trey Zuhn III,intelligence,79,76
Trey Zuhn III,Trey Zuhn III,tackle,0,5
Trey Zuhn III,Trey Zuhn III,manCover,0,5
Trey Zuhn III,Trey Zuhn III,zoneCover,0,5
Trey Zuhn III,Trey Zuhn III,catching,0,5
Trey Zuhn III,Trey Zuhn III,routeRun,0,5
Tacario Davis,Tacario Davis,teamID,Rookie,CIN
Tacario Davis,Tacario Davis,rating,81,71
Tacario Davis,Tacario Davis,speed,88,92
Tacario Davis,Tacario Davis,power,79,74
Tacario Davis,Tacario Davis,agility,65,70
Tacario Davis,Tacario Davis,burst,92,90
Tacario Davis,Tacario Davis,intelligence,86,81
Tacario Davis,Tacario Davis,tackle,62,61
Tacario Davis,Tacario Davis,manCover,70,69
Tacario Davis,Tacario Davis,zoneCover,73,68
Tacario Davis,Tacario Davis,catching,0,5
Tacario Davis,Tacario Davis,routeRun,0,5
Jeremiah Wright,Jeremiah Wright,teamID,Rookie,NO
Jeremiah Wright,Jeremiah Wright,rating,61,71
Jeremiah Wright,Jeremiah Wright,speed,35,40
Jeremiah Wright,Jeremiah Wright,power,69,74
Jeremiah Wright,Jeremiah Wright,agility,59,64
Jeremiah Wright,Jeremiah Wright,burst,48,53
Jeremiah Wright,Jeremiah Wright,intelligence,43,48
Jeremiah Wright,Jeremiah Wright,tackle,0,5
Jeremiah Wright,Jeremiah Wright,manCover,0,5
Jeremiah Wright,Jeremiah Wright,zoneCover,0,5
Jeremiah Wright,Jeremiah Wright,catching,0,5
Jeremiah Wright,Jeremiah Wright,routeRun,0,5
Colby Wooden,Colby Wooden,teamID,IND,NO
Colby Wooden,Colby Wooden,rating,56,69
Colby Wooden,Colby Wooden,speed,87,82
Colby Wooden,Colby Wooden,power,88,83
Colby Wooden,Colby Wooden,agility,74,69
Colby Wooden,Colby Wooden,burst,79,84
Colby Wooden,Colby Wooden,intelligence,75,72
Colby Wooden,Colby Wooden,tackle,88,83
Colby Wooden,Colby Wooden,manCover,0,5
Colby Wooden,Colby Wooden,zoneCover,0,5
Colby Wooden,Colby Wooden,catching,0,5
Colby Wooden,Colby Wooden,routeRun,0,5
David Walker,David Walker,position,OLB,DE
David Walker,David Walker,rating,72,69
David Walker,David Walker,speed,86,83
David Walker,David Walker,power,82,78
David Walker,David Walker,agility,77,79
David Walker,David Walker,intelligence,82,77
David Walker,David Walker,tackle,85,80
David Walker,David Walker,manCover,0,5
David Walker,David Walker,zoneCover,0,5
David Walker,David Walker,catching,0,5
David Walker,David Walker,routeRun,0,5
Ajani Cornelius,Ajani Cornelius,position,OT,OG
Ajani Cornelius,Ajani Cornelius,rating,71,68
Ajani Cornelius,Ajani Cornelius,speed,74,69
Ajani Cornelius,Ajani Cornelius,power,77,82
Ajani Cornelius,Ajani Cornelius,agility,78,73
Ajani Cornelius,Ajani Cornelius,burst,80,75
Ajani Cornelius,Ajani Cornelius,intelligence,79,74
Ajani Cornelius,Ajani Cornelius,tackle,0,5
Ajani Cornelius,Ajani Cornelius,manCover,0,5
Ajani Cornelius,Ajani Cornelius,zoneCover,0,5
Ajani Cornelius,Ajani Cornelius,catching,0,5
Ajani Cornelius,Ajani Cornelius,routeRun,0,5
John Ridgeway,John Ridgeway III,teamID,Free Agent,NO
John Ridgeway,John Ridgeway III,rating,53,66
John Ridgeway,John Ridgeway III,speed,73,68
John Ridgeway,John Ridgeway III,power,71,76
John Ridgeway,John Ridgeway III,agility,74,69
John Ridgeway,John Ridgeway III,burst,79,74
John Ridgeway,John Ridgeway III,intelligence,71,66
John Ridgeway,John Ridgeway III,tackle,79,81
John Ridgeway,John Ridgeway III,manCover,0,5
John Ridgeway,John Ridgeway III,zoneCover,0,5
John Ridgeway,John Ridgeway III,catching,0,5
John Ridgeway,John Ridgeway III,routeRun,0,5
Landon Robinson,Landon Robinson,teamID,Rookie,CIN
Landon Robinson,Landon Robinson,rating,73,66
Landon Robinson,Landon Robinson,speed,70,75
Landon Robinson,Landon Robinson,power,66,71
Landon Robinson,Landon Robinson,agility,92,87
Landon Robinson,Landon Robinson,burst,66,71
Landon Robinson,Landon Robinson,intelligence,51,56
Landon Robinson,Landon Robinson,tackle,92,87
Landon Robinson,Landon Robinson,manCover,0,5
Landon Robinson,Landon Robinson,zoneCover,0,5
Landon Robinson,Landon Robinson,catching,0,5
Landon Robinson,Landon Robinson,routeRun,0,5
Segun Olubi,Segun Olubi,position,OLB,MLB
Segun Olubi,Segun Olubi,speed,73,78
Segun Olubi,Segun Olubi,power,75,70
Segun Olubi,Segun Olubi,agility,86,82
Segun Olubi,Segun Olubi,burst,80,85
Segun Olubi,Segun Olubi,intelligence,89,84
Segun Olubi,Segun Olubi,tackle,78,75
Segun Olubi,Segun Olubi,manCover,0,5
Segun Olubi,Segun Olubi,zoneCover,0,5
Segun Olubi,Segun Olubi,catching,0,5
Segun Olubi,Segun Olubi,routeRun,0,5
Jordan Turner,Jordan Turner,position,MLB,OLB
Jordan Turner,Jordan Turner,rating,61,64
Jordan Turner,Jordan Turner,speed,82,81
Jordan Turner,Jordan Turner,power,71,75
Jordan Turner,Jordan Turner,burst,77,82
Jordan Turner,Jordan Turner,intelligence,63,61
Jordan Turner,Jordan Turner,tackle,71,76
Jordan Turner,Jordan Turner,manCover,75,70
Jordan Turner,Jordan Turner,zoneCover,67,62
Jordan Turner,Jordan Turner,catching,0,5
Jordan Turner,Jordan Turner,routeRun,0,5
Branson Combs,Branson Combs,position,MLB,OLB
Branson Combs,Branson Combs,rating,67,64
Branson Combs,Branson Combs,speed,78,83
Branson Combs,Branson Combs,power,83,78
Branson Combs,Branson Combs,agility,75,80
Branson Combs,Branson Combs,burst,75,80
Branson Combs,Branson Combs,intelligence,74,69
Branson Combs,Branson Combs,tackle,75,77
Branson Combs,Branson Combs,manCover,76,71
Branson Combs,Branson Combs,zoneCover,79,74
Branson Combs,Branson Combs,catching,0,5
Branson Combs,Branson Combs,routeRun,0,5
Josh Woods,Josh Woods,teamID,Free Agent,ATL
Josh Woods,Josh Woods,rating,48,61
Josh Woods,Josh Woods,speed,71,76
Josh Woods,Josh Woods,power,62,64
Josh Woods,Josh Woods,agility,68,73
Josh Woods,Josh Woods,burst,56,61
Josh Woods,Josh Woods,intelligence,80,75
Josh Woods,Josh Woods,tackle,73,74
Josh Woods,Josh Woods,manCover,62,57
Josh Woods,Josh Woods,zoneCover,73,68
Josh Woods,Josh Woods,catching,0,5
Josh Woods,Josh Woods,routeRun,0,5
Nik Bonitto,Nik Bonitto,position,OLB,DE
Nik Bonitto,Nik Bonitto,rating,90,91
Nik Bonitto,Nik Bonitto,speed,90,87
Nik Bonitto,Nik Bonitto,power,90,85
Nik Bonitto,Nik Bonitto,agility,85,84
Nik Bonitto,Nik Bonitto,burst,93,92
Nik Bonitto,Nik Bonitto,intelligence,88,93
Nik Bonitto,Nik Bonitto,tackle,77,82
Nik Bonitto,Nik Bonitto,manCover,0,5
Nik Bonitto,Nik Bonitto,zoneCover,0,5
Nik Bonitto,Nik Bonitto,catching,0,5
Nik Bonitto,Nik Bonitto,routeRun,0,5
Alex Highsmith,Alex Highsmith,position,OLB,DE
Alex Highsmith,Alex Highsmith,rating,83,87
Alex Highsmith,Alex Highsmith,speed,81,84
Alex Highsmith,Alex Highsmith,agility,79,81
Alex Highsmith,Alex Highsmith,burst,91,86
Alex Highsmith,Alex Highsmith,intelligence,95,90
Alex Highsmith,Alex Highsmith,tackle,94,89
Alex Highsmith,Alex Highsmith,manCover,0,5
Alex Highsmith,Alex Highsmith,zoneCover,0,5
Alex Highsmith,Alex Highsmith,catching,0,5
Alex Highsmith,Alex Highsmith,routeRun,0,5
Isaac Seumalo,Isaac Seumalo,teamID,Free Agent,ARI
Isaac Seumalo,Isaac Seumalo,rating,69,80
Isaac Seumalo,Isaac Seumalo,speed,85,80
Isaac Seumalo,Isaac Seumalo,power,74,79
Isaac Seumalo,Isaac Seumalo,agility,82,77
Isaac Seumalo,Isaac Seumalo,burst,70,71
Isaac Seumalo,Isaac Seumalo,intelligence,90,87
Isaac Seumalo,Isaac Seumalo,tackle,0,5
Isaac Seumalo,Isaac Seumalo,manCover,0,5
Isaac Seumalo,Isaac Seumalo,zoneCover,0,5
Isaac Seumalo,Isaac Seumalo,catching,0,5
Isaac Seumalo,Isaac Seumalo,routeRun,0,5
Patrick Queen,Patrick Queen,teamID,Free Agent,PIT
Patrick Queen,Patrick Queen,rating,66,80
Patrick Queen,Patrick Queen,speed,80,85
Patrick Queen,Patrick Queen,power,76,73
Patrick Queen,Patrick Queen,agility,79,84
Patrick Queen,Patrick Queen,burst,70,75
Patrick Queen,Patrick Queen,intelligence,76,81
Patrick Queen,Patrick Queen,tackle,86,85
Patrick Queen,Patrick Queen,manCover,74,69
Patrick Queen,Patrick Queen,zoneCover,79,74
Patrick Queen,Patrick Queen,catching,0,5
Patrick Queen,Patrick Queen,routeRun,0,5
David Njoku,David Njoku,teamID,Free Agent,LAC
David Njoku,David Njoku,rating,65,79
David Njoku,David Njoku,speed,72,77
David Njoku,David Njoku,power,74,72
David Njoku,David Njoku,agility,84,82
David Njoku,David Njoku,burst,66,71
David Njoku,David Njoku,intelligence,83,78
David Njoku,David Njoku,tackle,0,5
David Njoku,David Njoku,manCover,0,5
David Njoku,David Njoku,zoneCover,0,5
David Njoku,David Njoku,catching,90,86
David Njoku,David Njoku,routeRun,80,75
Dillon Thieneman,Dillon Thieneman,teamID,Rookie,CHI
Dillon Thieneman,Dillon Thieneman,rating,91,77
Dillon Thieneman,Dillon Thieneman,power,86,81
Dillon Thieneman,Dillon Thieneman,agility,92,88
Dillon Thieneman,Dillon Thieneman,burst,86,91
Dillon Thieneman,Dillon Thieneman,intelligence,85,80
Dillon Thieneman,Dillon Thieneman,tackle,73,72
Dillon Thieneman,Dillon Thieneman,zoneCover,82,77
Dillon Thieneman,Dillon Thieneman,catching,0,5
Dillon Thieneman,Dillon Thieneman,routeRun,0,5
Zaven Collins,Zaven Collins,position,OLB,DE
Zaven Collins,Zaven Collins,rating,80,76
Zaven Collins,Zaven Collins,speed,82,87
Zaven Collins,Zaven Collins,power,79,76
Zaven Collins,Zaven Collins,agility,78,81
Zaven Collins,Zaven Collins,burst,99,94
Zaven Collins,Zaven Collins,intelligence,90,85
Zaven Collins,Zaven Collins,tackle,97,92
Zaven Collins,Zaven Collins,manCover,0,5
Zaven Collins,Zaven Collins,zoneCover,0,5
Zaven Collins,Zaven Collins,catching,0,5
Zaven Collins,Zaven Collins,routeRun,0,5
Jalyx Hunt,Jalyx Hunt,position,OLB,DE
Jalyx Hunt,Jalyx Hunt,rating,80,76
Jalyx Hunt,Jalyx Hunt,speed,87,84
Jalyx Hunt,Jalyx Hunt,power,87,82
Jalyx Hunt,Jalyx Hunt,agility,82,79
Jalyx Hunt,Jalyx Hunt,burst,84,89
Jalyx Hunt,Jalyx Hunt,intelligence,82,79
Jalyx Hunt,Jalyx Hunt,tackle,88,83
Jalyx Hunt,Jalyx Hunt,manCover,0,5
Jalyx Hunt,Jalyx Hunt,zoneCover,0,5
Jalyx Hunt,Jalyx Hunt,catching,0,5
Jalyx Hunt,Jalyx Hunt,routeRun,0,5
Deatrich Wise,Deatrich Wise Jr,position,DE,DT
Deatrich Wise,Deatrich Wise Jr,rating,80,76
Deatrich Wise,Deatrich Wise Jr,speed,88,83
Deatrich Wise,Deatrich Wise Jr,power,89,85
Deatrich Wise,Deatrich Wise Jr,agility,79,74
Deatrich Wise,Deatrich Wise Jr,burst,80,76
Deatrich Wise,Deatrich Wise Jr,intelligence,73,78
Deatrich Wise,Deatrich Wise Jr,tackle,77,82
Deatrich Wise,Deatrich Wise Jr,manCover,0,5
Deatrich Wise,Deatrich Wise Jr,zoneCover,0,5
Deatrich Wise,Deatrich Wise Jr,catching,0,5
Deatrich Wise,Deatrich Wise Jr,routeRun,0,5
Michael Hoecht,Michael Hoecht,position,OLB,DE
Michael Hoecht,Michael Hoecht,rating,74,75
Michael Hoecht,Michael Hoecht,speed,74,79
Michael Hoecht,Michael Hoecht,power,86,83
Michael Hoecht,Michael Hoecht,agility,78,79
Michael Hoecht,Michael Hoecht,burst,83,85
Michael Hoecht,Michael Hoecht,tackle,75,79
Michael Hoecht,Michael Hoecht,manCover,0,5
Michael Hoecht,Michael Hoecht,zoneCover,0,5
Michael Hoecht,Michael Hoecht,catching,0,5
Michael Hoecht,Michael Hoecht,routeRun,0,5
Derrick Barnes,Derrick Barnes,position,MLB,OLB
Derrick Barnes,Derrick Barnes,rating,71,75
Derrick Barnes,Derrick Barnes,speed,90,85
Derrick Barnes,Derrick Barnes,power,85,80
Derrick Barnes,Derrick Barnes,agility,88,83
Derrick Barnes,Derrick Barnes,burst,84,82
Derrick Barnes,Derrick Barnes,intelligence,89,84
Derrick Barnes,Derrick Barnes,tackle,83,84
Derrick Barnes,Derrick Barnes,manCover,92,87
Derrick Barnes,Derrick Barnes,zoneCover,84,79
Derrick Barnes,Derrick Barnes,catching,0,5
Derrick Barnes,Derrick Barnes,routeRun,0,5
A.J. Epenesa,A.J. Epenesa,teamID,Free Agent,PHI
A.J. Epenesa,A.J. Epenesa,rating,64,75
A.J. Epenesa,A.J. Epenesa,speed,83,78
A.J. Epenesa,A.J. Epenesa,power,81,85
A.J. Epenesa,A.J. Epenesa,agility,66,71
A.J. Epenesa,A.J. Epenesa,burst,78,75
A.J. Epenesa,A.J. Epenesa,tackle,82,83
A.J. Epenesa,A.J. Epenesa,manCover,0,5
A.J. Epenesa,A.J. Epenesa,zoneCover,0,5
A.J. Epenesa,A.J. Epenesa,catching,0,5
A.J. Epenesa,A.J. Epenesa,routeRun,0,5
Nick Scott,Nick Scott,teamID,Free Agent,CAR
Nick Scott,Nick Scott,rating,61,75
Nick Scott,Nick Scott,speed,77,82
Nick Scott,Nick Scott,power,66,64
Nick Scott,Nick Scott,agility,79,81
Nick Scott,Nick Scott,burst,69,74
Nick Scott,Nick Scott,intelligence,76,77
Nick Scott,Nick Scott,tackle,73,69
Nick Scott,Nick Scott,manCover,86,81
Nick Scott,Nick Scott,zoneCover,72,74
Nick Scott,Nick Scott,catching,0,5
Nick Scott,Nick Scott,routeRun,0,5
Elijah Moore,Elijah Moore,teamID,Free Agent,PHI
Elijah Moore,Elijah Moore,rating,61,75
Elijah Moore,Elijah Moore,speed,78,83
Elijah Moore,Elijah Moore,power,83,78
Elijah Moore,Elijah Moore,agility,83,88
Elijah Moore,Elijah Moore,burst,70,75
Elijah Moore,Elijah Moore,intelligence,71,68
Elijah Moore,Elijah Moore,tackle,0,5
Elijah Moore,Elijah Moore,manCover,0,5
Elijah Moore,Elijah Moore,zoneCover,0,5
Elijah Moore,Elijah Moore,catching,68,73
Elijah Moore,Elijah Moore,routeRun,93,88
Cole Holcomb,Cole Holcomb,position,MLB,OLB
Cole Holcomb,Cole Holcomb,rating,79,75
Cole Holcomb,Cole Holcomb,speed,93,88
Cole Holcomb,Cole Holcomb,agility,83,86
Cole Holcomb,Cole Holcomb,burst,83,88
Cole Holcomb,Cole Holcomb,intelligence,99,94
Cole Holcomb,Cole Holcomb,tackle,84,88
Cole Holcomb,Cole Holcomb,manCover,90,85
Cole Holcomb,Cole Holcomb,zoneCover,84,79
Cole Holcomb,Cole Holcomb,catching,0,5
Cole Holcomb,Cole Holcomb,routeRun,0,5
Cam Lewis,Cam Lewis,position,CB,S
Cam Lewis,Cam Lewis,rating,70,74
Cam Lewis,Cam Lewis,speed,84,89
Cam Lewis,Cam Lewis,power,91,86
Cam Lewis,Cam Lewis,agility,82,87
Cam Lewis,Cam Lewis,burst,85,90
Cam Lewis,Cam Lewis,intelligence,78,80
Cam Lewis,Cam Lewis,tackle,73,68
Cam Lewis,Cam Lewis,manCover,76,72
Cam Lewis,Cam Lewis,zoneCover,71,75
Cam Lewis,Cam Lewis,catching,0,5
Cam Lewis,Cam Lewis,routeRun,0,5
Kenyon Sadiq,Kenyon Sadiq,teamID,Rookie,NYJ
Kenyon Sadiq,Kenyon Sadiq,rating,82,74
Kenyon Sadiq,Kenyon Sadiq,speed,90,91
Kenyon Sadiq,Kenyon Sadiq,power,78,76
Kenyon Sadiq,Kenyon Sadiq,agility,93,88
Kenyon Sadiq,Kenyon Sadiq,burst,90,93
Kenyon Sadiq,Kenyon Sadiq,intelligence,77,72
Kenyon Sadiq,Kenyon Sadiq,tackle,0,5
Kenyon Sadiq,Kenyon Sadiq,manCover,0,5
Kenyon Sadiq,Kenyon Sadiq,zoneCover,0,5
Kenyon Sadiq,Kenyon Sadiq,catching,70,75
Kenyon Sadiq,Kenyon Sadiq,routeRun,80,75
Jonathan Bullard,Jonathan Bullard,position,DE,DT
Jonathan Bullard,Jonathan Bullard,rating,72,73
Jonathan Bullard,Jonathan Bullard,speed,77,72
Jonathan Bullard,Jonathan Bullard,power,82,81
Jonathan Bullard,Jonathan Bullard,agility,77,72
Jonathan Bullard,Jonathan Bullard,burst,79,78
Jonathan Bullard,Jonathan Bullard,intelligence,88,83
Jonathan Bullard,Jonathan Bullard,tackle,73,78
Jonathan Bullard,Jonathan Bullard,manCover,0,5
Jonathan Bullard,Jonathan Bullard,zoneCover,0,5
Jonathan Bullard,Jonathan Bullard,catching,0,5
Jonathan Bullard,Jonathan Bullard,routeRun,0,5
Jakorian Bennett,Jakorian Bennett,teamID,Free Agent,PHI
Jakorian Bennett,Jakorian Bennett,rating,59,73
Jakorian Bennett,Jakorian Bennett,speed,74,79
Jakorian Bennett,Jakorian Bennett,power,70,65
Jakorian Bennett,Jakorian Bennett,agility,71,76
Jakorian Bennett,Jakorian Bennett,burst,68,73
Jakorian Bennett,Jakorian Bennett,intelligence,62,65
Jakorian Bennett,Jakorian Bennett,tackle,84,79
Jakorian Bennett,Jakorian Bennett,manCover,70,72
Jakorian Bennett,Jakorian Bennett,zoneCover,76,71
Jakorian Bennett,Jakorian Bennett,catching,0,5
Jakorian Bennett,Jakorian Bennett,routeRun,0,5
Chris Paul,Chris Paul,teamID,Free Agent,WAS
Chris Paul,Chris Paul,rating,59,73
Chris Paul,Chris Paul,speed,73,75
Chris Paul,Chris Paul,power,79,82
Chris Paul,Chris Paul,agility,62,59
Chris Paul,Chris Paul,burst,78,82
Chris Paul,Chris Paul,intelligence,65,70
Chris Paul,Chris Paul,tackle,0,5
Chris Paul,Chris Paul,manCover,0,5
Chris Paul,Chris Paul,zoneCover,0,5
Chris Paul,Chris Paul,catching,0,5
Chris Paul,Chris Paul,routeRun,0,5
Kingsley Enagbare,Kingsley Enagbare,position,OLB,DE
Kingsley Enagbare,Kingsley Enagbare,rating,69,73
Kingsley Enagbare,Kingsley Enagbare,speed,88,83
Kingsley Enagbare,Kingsley Enagbare,power,86,83
Kingsley Enagbare,Kingsley Enagbare,agility,78,73
Kingsley Enagbare,Kingsley Enagbare,burst,77,82
Kingsley Enagbare,Kingsley Enagbare,intelligence,79,74
Kingsley Enagbare,Kingsley Enagbare,tackle,89,84
Kingsley Enagbare,Kingsley Enagbare,manCover,0,5
Kingsley Enagbare,Kingsley Enagbare,zoneCover,0,5
Kingsley Enagbare,Kingsley Enagbare,catching,0,5
Kingsley Enagbare,Kingsley Enagbare,routeRun,0,5
Keionte Scott,Keionte Scott,teamID,Rookie,TB
Keionte Scott,Keionte Scott,rating,78,73
Keionte Scott,Keionte Scott,speed,84,89
Keionte Scott,Keionte Scott,power,64,59
Keionte Scott,Keionte Scott,agility,92,87
Keionte Scott,Keionte Scott,burst,72,77
Keionte Scott,Keionte Scott,intelligence,56,61
Keionte Scott,Keionte Scott,tackle,84,79
Keionte Scott,Keionte Scott,manCover,83,78
Keionte Scott,Keionte Scott,zoneCover,83,78
Keionte Scott,Keionte Scott,catching,0,5
Keionte Scott,Keionte Scott,routeRun,0,5
Oluwafemi Oladejo,Oluwafemi Oladejo,position,OLB,DE
Oluwafemi Oladejo,Oluwafemi Oladejo,rating,72,73
Oluwafemi Oladejo,Oluwafemi Oladejo,speed,88,85
Oluwafemi Oladejo,Oluwafemi Oladejo,power,79,81
Oluwafemi Oladejo,Oluwafemi Oladejo,agility,84,83
Oluwafemi Oladejo,Oluwafemi Oladejo,burst,91,87
Oluwafemi Oladejo,Oluwafemi Oladejo,intelligence,93,88
Oluwafemi Oladejo,Oluwafemi Oladejo,tackle,89,84
Oluwafemi Oladejo,Oluwafemi Oladejo,manCover,0,5
Oluwafemi Oladejo,Oluwafemi Oladejo,zoneCover,0,5
Oluwafemi Oladejo,Oluwafemi Oladejo,catching,0,5
Oluwafemi Oladejo,Oluwafemi Oladejo,routeRun,0,5
KhaDarel Hodge,KhaDarel Hodge,teamID,ATL,SF
KhaDarel Hodge,KhaDarel Hodge,rating,60,71
KhaDarel Hodge,KhaDarel Hodge,speed,76,81
KhaDarel Hodge,KhaDarel Hodge,power,86,81
KhaDarel Hodge,KhaDarel Hodge,agility,69,74
KhaDarel Hodge,KhaDarel Hodge,burst,77,82
KhaDarel Hodge,KhaDarel Hodge,intelligence,81,76
KhaDarel Hodge,KhaDarel Hodge,tackle,0,5
KhaDarel Hodge,KhaDarel Hodge,manCover,0,5
KhaDarel Hodge,KhaDarel Hodge,zoneCover,0,5
KhaDarel Hodge,KhaDarel Hodge,catching,70,75
KhaDarel Hodge,KhaDarel Hodge,routeRun,77,75
Reid Ferguson,Reid Ferguson,teamID,Free Agent,BUF
Reid Ferguson,Reid Ferguson,rating,57,71
Reid Ferguson,Reid Ferguson,power,68,65
Reid Ferguson,Reid Ferguson,agility,80,75
Reid Ferguson,Reid Ferguson,burst,64,69
Reid Ferguson,Reid Ferguson,intelligence,70,68
Reid Ferguson,Reid Ferguson,tackle,0,5
Reid Ferguson,Reid Ferguson,manCover,0,5
Reid Ferguson,Reid Ferguson,zoneCover,0,5
Reid Ferguson,Reid Ferguson,catching,0,5
Reid Ferguson,Reid Ferguson,routeRun,0,5
Beaux Limmer,Beaux Limmer,position,C,OG
Beaux Limmer,Beaux Limmer,rating,67,71
Beaux Limmer,Beaux Limmer,speed,88,83
Beaux Limmer,Beaux Limmer,power,79,84
Beaux Limmer,Beaux Limmer,agility,77,72
Beaux Limmer,Beaux Limmer,burst,72,75
Beaux Limmer,Beaux Limmer,intelligence,73,75
Beaux Limmer,Beaux Limmer,tackle,0,5
Beaux Limmer,Beaux Limmer,manCover,0,5
Beaux Limmer,Beaux Limmer,zoneCover,0,5
Beaux Limmer,Beaux Limmer,catching,0,5
Beaux Limmer,Beaux Limmer,routeRun,0,5
Sai'vion Jones,Sai'vion Jones,position,DE,DT
Sai'vion Jones,Sai'vion Jones,rating,66,70
Sai'vion Jones,Sai'vion Jones,speed,89,84
Sai'vion Jones,Sai'vion Jones,power,75,80
Sai'vion Jones,Sai'vion Jones,agility,80,79
Sai'vion Jones,Sai'vion Jones,burst,76,81
Sai'vion Jones,Sai'vion Jones,intelligence,96,91
Sai'vion Jones,Sai'vion Jones,tackle,84,79
Sai'vion Jones,Sai'vion Jones,manCover,0,5
Sai'vion Jones,Sai'vion Jones,zoneCover,0,5
Sai'vion Jones,Sai'vion Jones,catching,0,5
Sai'vion Jones,Sai'vion Jones,routeRun,0,5
Ventrell Miller,Ventrell Miller,position,MLB,OLB
Ventrell Miller,Ventrell Miller,rating,66,70
Ventrell Miller,Ventrell Miller,speed,64,69
Ventrell Miller,Ventrell Miller,power,84,79
Ventrell Miller,Ventrell Miller,agility,68,73
Ventrell Miller,Ventrell Miller,burst,70,75
Ventrell Miller,Ventrell Miller,intelligence,70,71
Ventrell Miller,Ventrell Miller,tackle,69,74
Ventrell Miller,Ventrell Miller,manCover,84,79
Ventrell Miller,Ventrell Miller,zoneCover,79,74
Ventrell Miller,Ventrell Miller,catching,0,5
Ventrell Miller,Ventrell Miller,routeRun,0,5
Max Klare,Max Klare,teamID,Rookie,LAR
Max Klare,Max Klare,rating,81,70
Max Klare,Max Klare,speed,65,70
Max Klare,Max Klare,power,71,74
Max Klare,Max Klare,agility,62,67
Max Klare,Max Klare,burst,73,78
Max Klare,Max Klare,intelligence,91,86
Max Klare,Max Klare,tackle,0,5
Max Klare,Max Klare,manCover,0,5
Max Klare,Max Klare,zoneCover,0,5
Max Klare,Max Klare,catching,79,78
Max Klare,Max Klare,routeRun,84,79
Zakee Wheatley,Zakee Wheatley,teamID,Rookie,CAR
Zakee Wheatley,Zakee Wheatley,rating,78,70
Zakee Wheatley,Zakee Wheatley,speed,67,72
Zakee Wheatley,Zakee Wheatley,power,67,64
Zakee Wheatley,Zakee Wheatley,agility,57,62
Zakee Wheatley,Zakee Wheatley,burst,81,86
Zakee Wheatley,Zakee Wheatley,intelligence,71,73
Zakee Wheatley,Zakee Wheatley,tackle,88,83
Zakee Wheatley,Zakee Wheatley,manCover,88,83
Zakee Wheatley,Zakee Wheatley,zoneCover,84,79
Zakee Wheatley,Zakee Wheatley,catching,0,5
Zakee Wheatley,Zakee Wheatley,routeRun,0,5
Jaylon Carlies,Jaylon Carlies,position,MLB,OLB
Jaylon Carlies,Jaylon Carlies,rating,68,69
Jaylon Carlies,Jaylon Carlies,speed,76,81
Jaylon Carlies,Jaylon Carlies,power,76,72
Jaylon Carlies,Jaylon Carlies,agility,81,83
Jaylon Carlies,Jaylon Carlies,burst,77,82
Jaylon Carlies,Jaylon Carlies,intelligence,67,72
Jaylon Carlies,Jaylon Carlies,tackle,87,82
Jaylon Carlies,Jaylon Carlies,manCover,79,74
Jaylon Carlies,Jaylon Carlies,zoneCover,76,71
Jaylon Carlies,Jaylon Carlies,catching,0,5
Jaylon Carlies,Jaylon Carlies,routeRun,0,5
Jordan Magee,Jordan Magee,position,MLB,OLB
Jordan Magee,Jordan Magee,rating,72,68
Jordan Magee,Jordan Magee,speed,78,83
Jordan Magee,Jordan Magee,power,75,70
Jordan Magee,Jordan Magee,agility,80,85
Jordan Magee,Jordan Magee,burst,93,91
Jordan Magee,Jordan Magee,intelligence,70,67
Jordan Magee,Jordan Magee,tackle,84,79
Jordan Magee,Jordan Magee,manCover,83,78
Jordan Magee,Jordan Magee,zoneCover,84,79
Jordan Magee,Jordan Magee,catching,0,5
Jordan Magee,Jordan Magee,routeRun,0,5
Kain Medrano,Kain Medrano,position,MLB,OLB
Kain Medrano,Kain Medrano,rating,62,66
Kain Medrano,Kain Medrano,speed,78,83
Kain Medrano,Kain Medrano,power,75,71
Kain Medrano,Kain Medrano,agility,82,85
Kain Medrano,Kain Medrano,burst,79,84
Kain Medrano,Kain Medrano,intelligence,76,71
Kain Medrano,Kain Medrano,tackle,74,77
Kain Medrano,Kain Medrano,manCover,75,70
Kain Medrano,Kain Medrano,zoneCover,67,62
Kain Medrano,Kain Medrano,catching,0,5
Kain Medrano,Kain Medrano,routeRun,0,5
Truman Jones,Truman Jones,position,OLB,DE
Truman Jones,Truman Jones,rating,69,65
Truman Jones,Truman Jones,speed,82,83
Truman Jones,Truman Jones,power,87,82
Truman Jones,Truman Jones,agility,77,82
Truman Jones,Truman Jones,burst,65,70
Truman Jones,Truman Jones,intelligence,71,66
Truman Jones,Truman Jones,tackle,84,79
Truman Jones,Truman Jones,manCover,0,5
Truman Jones,Truman Jones,zoneCover,0,5
Truman Jones,Truman Jones,catching,0,5
Truman Jones,Truman Jones,routeRun,0,5
Luke Haggard,Luke Haggard,position,OT,OG
Luke Haggard,Luke Haggard,rating,68,64
Luke Haggard,Luke Haggard,speed,75,70
Luke Haggard,Luke Haggard,power,82,84
Luke Haggard,Luke Haggard,agility,82,77
Luke Haggard,Luke Haggard,burst,80,75
Luke Haggard,Luke Haggard,intelligence,79,74
Luke Haggard,Luke Haggard,tackle,0,5
Luke Haggard,Luke Haggard,manCover,0,5
Luke Haggard,Luke Haggard,zoneCover,0,5
Luke Haggard,Luke Haggard,catching,0,5
Luke Haggard,Luke Haggard,routeRun,0,5
Jack Cochrane,Jack Cochrane,position,MLB,OLB
Jack Cochrane,Jack Cochrane,rating,66,62
Jack Cochrane,Jack Cochrane,speed,66,71
Jack Cochrane,Jack Cochrane,power,83,78
Jack Cochrane,Jack Cochrane,agility,78,74
Jack Cochrane,Jack Cochrane,burst,76,81
Jack Cochrane,Jack Cochrane,intelligence,77,72
Jack Cochrane,Jack Cochrane,tackle,62,67
Jack Cochrane,Jack Cochrane,manCover,75,70
Jack Cochrane,Jack Cochrane,zoneCover,69,64
Jack Cochrane,Jack Cochrane,catching,0,5
Jack Cochrane,Jack Cochrane,routeRun,0,5
Isaiah World,Isaiah World,teamID,Rookie,LAC
Isaiah World,Isaiah World,rating,72,61
Isaiah World,Isaiah World,speed,50,55
Isaiah World,Isaiah World,power,69,74
Isaiah World,Isaiah World,agility,71,66
Isaiah World,Isaiah World,burst,61,66
Isaiah World,Isaiah World,intelligence,60,62
Isaiah World,Isaiah World,tackle,0,5
Isaiah World,Isaiah World,manCover,0,5
Isaiah World,Isaiah World,zoneCover,0,5
Isaiah World,Isaiah World,catching,0,5
Isaiah World,Isaiah World,routeRun,0,5
Minkah Fitzpatrick,Minkah Fitzpatrick,teamID,MIA,NYJ
Minkah Fitzpatrick,Minkah Fitzpatrick,rating,74,89
Minkah Fitzpatrick,Minkah Fitzpatrick,speed,76,81
Minkah Fitzpatrick,Minkah Fitzpatrick,power,88,83
Minkah Fitzpatrick,Minkah Fitzpatrick,burst,78,83
Minkah Fitzpatrick,Minkah Fitzpatrick,intelligence,80,85
Minkah Fitzpatrick,Minkah Fitzpatrick,tackle,79,77
Minkah Fitzpatrick,Minkah Fitzpatrick,manCover,80,82
Minkah Fitzpatrick,Minkah Fitzpatrick,zoneCover,94,89
Minkah Fitzpatrick,Minkah Fitzpatrick,catching,0,5
Minkah Fitzpatrick,Minkah Fitzpatrick,routeRun,0,5
Devin Lloyd,Devin Lloyd,position,MLB,OLB
Devin Lloyd,Devin Lloyd,rating,86,88
Devin Lloyd,Devin Lloyd,power,82,78
Devin Lloyd,Devin Lloyd,agility,84,79
Devin Lloyd,Devin Lloyd,burst,94,90
Devin Lloyd,Devin Lloyd,intelligence,96,93
Devin Lloyd,Devin Lloyd,tackle,93,90
Devin Lloyd,Devin Lloyd,manCover,75,70
Devin Lloyd,Devin Lloyd,zoneCover,77,74
Devin Lloyd,Devin Lloyd,catching,0,5
Devin Lloyd,Devin Lloyd,routeRun,0,5
Zach Allen,Zach Allen,position,DE,DT
Zach Allen,Zach Allen,rating,92,87
Zach Allen,Zach Allen,speed,90,85
Zach Allen,Zach Allen,power,97,94
Zach Allen,Zach Allen,burst,86,81
Zach Allen,Zach Allen,intelligence,95,93
Zach Allen,Zach Allen,tackle,98,93
Zach Allen,Zach Allen,manCover,0,5
Zach Allen,Zach Allen,zoneCover,0,5
Zach Allen,Zach Allen,catching,0,5
Zach Allen,Zach Allen,routeRun,0,5
Kobie Turner,Kobie Turner,position,DE,DT
Kobie Turner,Kobie Turner,rating,90,85
Kobie Turner,Kobie Turner,speed,88,83
Kobie Turner,Kobie Turner,power,93,89
Kobie Turner,Kobie Turner,agility,92,87
Kobie Turner,Kobie Turner,burst,83,82
Kobie Turner,Kobie Turner,intelligence,93,90
Kobie Turner,Kobie Turner,tackle,96,91
Kobie Turner,Kobie Turner,manCover,0,5
Kobie Turner,Kobie Turner,zoneCover,0,5
Kobie Turner,Kobie Turner,catching,0,5
Kobie Turner,Kobie Turner,routeRun,0,5
Jaelan Phillips,Jaelan Phillips,position,OLB,DE
Jaelan Phillips,Jaelan Phillips,rating,87,82
Jaelan Phillips,Jaelan Phillips,speed,92,87
Jaelan Phillips,Jaelan Phillips,power,85,83
Jaelan Phillips,Jaelan Phillips,agility,94,89
Jaelan Phillips,Jaelan Phillips,burst,94,89
Jaelan Phillips,Jaelan Phillips,intelligence,89,84
Jaelan Phillips,Jaelan Phillips,tackle,92,87
Jaelan Phillips,Jaelan Phillips,manCover,0,5
Jaelan Phillips,Jaelan Phillips,zoneCover,0,5
Jaelan Phillips,Jaelan Phillips,catching,0,5
Jaelan Phillips,Jaelan Phillips,routeRun,0,5
Dallas Turner,Dallas Turner,position,OLB,DE
Dallas Turner,Dallas Turner,rating,75,80
Dallas Turner,Dallas Turner,speed,68,73
Dallas Turner,Dallas Turner,power,89,84
Dallas Turner,Dallas Turner,agility,90,85
Dallas Turner,Dallas Turner,burst,74,79
Dallas Turner,Dallas Turner,intelligence,86,81
Dallas Turner,Dallas Turner,tackle,88,83
Dallas Turner,Dallas Turner,manCover,0,5
Dallas Turner,Dallas Turner,zoneCover,0,5
Dallas Turner,Dallas Turner,catching,0,5
Dallas Turner,Dallas Turner,routeRun,0,5
Luke Rhodes,Luke Rhodes,teamID,Free Agent,IND
Luke Rhodes,Luke Rhodes,rating,62,77
Luke Rhodes,Luke Rhodes,speed,76,80
Luke Rhodes,Luke Rhodes,power,72,77
Luke Rhodes,Luke Rhodes,agility,78,75
Luke Rhodes,Luke Rhodes,burst,61,66
Luke Rhodes,Luke Rhodes,intelligence,80,75
Luke Rhodes,Luke Rhodes,tackle,0,5
Luke Rhodes,Luke Rhodes,manCover,0,5
Luke Rhodes,Luke Rhodes,zoneCover,0,5
Luke Rhodes,Luke Rhodes,catching,0,5
Luke Rhodes,Luke Rhodes,routeRun,0,5
Mike Green,Mike Green,position,OLB,DE
Mike Green,Mike Green,rating,70,75
Mike Green,Mike Green,speed,82,87
Mike Green,Mike Green,power,87,82
Mike Green,Mike Green,agility,85,88
Mike Green,Mike Green,burst,83,88
Mike Green,Mike Green,intelligence,79,74
Mike Green,Mike Green,tackle,74,79
Mike Green,Mike Green,manCover,0,5
Mike Green,Mike Green,zoneCover,0,5
Mike Green,Mike Green,catching,0,5
Mike Green,Mike Green,routeRun,0,5
KC Concepcion,KC Concepcion Jr,teamID,Rookie,CLE
KC Concepcion,KC Concepcion Jr,rating,90,75
KC Concepcion,KC Concepcion Jr,speed,79,84
KC Concepcion,KC Concepcion Jr,power,80,75
KC Concepcion,KC Concepcion Jr,agility,89,91
KC Concepcion,KC Concepcion Jr,burst,84,89
KC Concepcion,KC Concepcion Jr,intelligence,75,70
KC Concepcion,KC Concepcion Jr,tackle,0,5
KC Concepcion,KC Concepcion Jr,manCover,0,5
KC Concepcion,KC Concepcion Jr,zoneCover,0,5
KC Concepcion,KC Concepcion Jr,catching,84,79
KC Concepcion,KC Concepcion Jr,routeRun,93,88
Bud Clark,Bud Clark,teamID,Rookie,SEA
Bud Clark,Bud Clark,rating,78,75
Bud Clark,Bud Clark,speed,80,85
Bud Clark,Bud Clark,power,67,65
Bud Clark,Bud Clark,agility,57,62
Bud Clark,Bud Clark,burst,79,84
Bud Clark,Bud Clark,intelligence,83,78
Bud Clark,Bud Clark,tackle,81,76
Bud Clark,Bud Clark,manCover,79,74
Bud Clark,Bud Clark,zoneCover,73,72
Bud Clark,Bud Clark,catching,0,5
Bud Clark,Bud Clark,routeRun,0,5
Max Melton,Max Melton,teamID,Free Agent,ARI
Max Melton,Max Melton,rating,59,74
Max Melton,Max Melton,speed,71,76
Max Melton,Max Melton,power,82,77
Max Melton,Max Melton,agility,80,85
Max Melton,Max Melton,burst,75,80
Max Melton,Max Melton,intelligence,74,69
Max Melton,Max Melton,tackle,68,63
Max Melton,Max Melton,manCover,75,73
Max Melton,Max Melton,zoneCover,75,76
Max Melton,Max Melton,catching,0,5
Max Melton,Max Melton,routeRun,0,5
Michael Carter II,Michael Carter II,position,CB,S
Michael Carter II,Michael Carter II,rating,79,74
Michael Carter II,Michael Carter II,speed,85,90
Michael Carter II,Michael Carter II,power,79,74
Michael Carter II,Michael Carter II,burst,76,81
Michael Carter II,Michael Carter II,intelligence,80,77
Michael Carter II,Michael Carter II,tackle,77,72
Michael Carter II,Michael Carter II,manCover,74,77
Michael Carter II,Michael Carter II,zoneCover,99,94
Michael Carter II,Michael Carter II,catching,0,5
Michael Carter II,Michael Carter II,routeRun,0,5
Shemar Turner,Shemar Turner,position,DT,DE
Shemar Turner,Shemar Turner,rating,67,72
Shemar Turner,Shemar Turner,power,75,80
Shemar Turner,Shemar Turner,agility,85,80
Shemar Turner,Shemar Turner,burst,78,83
Shemar Turner,Shemar Turner,intelligence,86,81
Shemar Turner,Shemar Turner,tackle,79,76
Shemar Turner,Shemar Turner,manCover,0,5
Shemar Turner,Shemar Turner,zoneCover,0,5
Shemar Turner,Shemar Turner,catching,0,5
Shemar Turner,Shemar Turner,routeRun,0,5
Brandon Cisse,Brandon Cisse,teamID,Rookie,GB
Brandon Cisse,Brandon Cisse,rating,84,72
Brandon Cisse,Brandon Cisse,power,63,59
Brandon Cisse,Brandon Cisse,agility,73,78
Brandon Cisse,Brandon Cisse,burst,92,93
Brandon Cisse,Brandon Cisse,intelligence,70,72
Brandon Cisse,Brandon Cisse,tackle,92,87
Brandon Cisse,Brandon Cisse,manCover,92,87
Brandon Cisse,Brandon Cisse,zoneCover,55,60
Brandon Cisse,Brandon Cisse,catching,0,5
Brandon Cisse,Brandon Cisse,routeRun,0,5
Emmett Johnson,Emmett Johnson,teamID,Rookie,KC
Emmett Johnson,Emmett Johnson,rating,83,71
Emmett Johnson,Emmett Johnson,speed,87,89
Emmett Johnson,Emmett Johnson,power,92,87
Emmett Johnson,Emmett Johnson,agility,66,71
Emmett Johnson,Emmett Johnson,burst,77,82
Emmett Johnson,Emmett Johnson,intelligence,77,72
Emmett Johnson,Emmett Johnson,tackle,0,5
Emmett Johnson,Emmett Johnson,manCover,0,5
Emmett Johnson,Emmett Johnson,zoneCover,0,5
Emmett Johnson,Emmett Johnson,catching,73,72
Emmett Johnson,Emmett Johnson,routeRun,61,57
Ty Simpson,Ty Simpson,teamID,Rookie,LAR
Ty Simpson,Ty Simpson,rating,83,71
Ty Simpson,Ty Simpson,speed,63,68
Ty Simpson,Ty Simpson,power,72,67
Ty Simpson,Ty Simpson,agility,64,69
Ty Simpson,Ty Simpson,burst,68,73
Ty Simpson,Ty Simpson,intelligence,74,69
Ty Simpson,Ty Simpson,tackle,0,5
Ty Simpson,Ty Simpson,manCover,0,5
Ty Simpson,Ty Simpson,zoneCover,0,5
Ty Simpson,Ty Simpson,catching,0,5
Ty Simpson,Ty Simpson,routeRun,0,5
Alex Palczewski,Alex Palczewski,position,OT,OG
Alex Palczewski,Alex Palczewski,rating,65,70
Alex Palczewski,Alex Palczewski,speed,72,67
Alex Palczewski,Alex Palczewski,power,85,82
Alex Palczewski,Alex Palczewski,agility,85,80
Alex Palczewski,Alex Palczewski,burst,76,75
Alex Palczewski,Alex Palczewski,intelligence,83,78
Alex Palczewski,Alex Palczewski,tackle,0,5
Alex Palczewski,Alex Palczewski,manCover,0,5
Alex Palczewski,Alex Palczewski,zoneCover,0,5
Alex Palczewski,Alex Palczewski,catching,0,5
Alex Palczewski,Alex Palczewski,routeRun,0,5
C.J. Henderson,C.J. Henderson,teamID,Free Agent,ATL
C.J. Henderson,C.J. Henderson,rating,58,70
C.J. Henderson,C.J. Henderson,speed,61,66
C.J. Henderson,C.J. Henderson,power,70,65
C.J. Henderson,C.J. Henderson,agility,75,80
C.J. Henderson,C.J. Henderson,burst,76,81
C.J. Henderson,C.J. Henderson,intelligence,73,72
C.J. Henderson,C.J. Henderson,tackle,82,77
C.J. Henderson,C.J. Henderson,zoneCover,81,76
C.J. Henderson,C.J. Henderson,catching,0,5
C.J. Henderson,C.J. Henderson,routeRun,0,5
Cyrus Allen,Cyrus Allen,teamID,Rookie,KC
Cyrus Allen,Cyrus Allen,rating,55,70
Cyrus Allen,Cyrus Allen,speed,70,75
Cyrus Allen,Cyrus Allen,power,58,57
Cyrus Allen,Cyrus Allen,agility,70,75
Cyrus Allen,Cyrus Allen,burst,87,92
Cyrus Allen,Cyrus Allen,intelligence,65,68
Cyrus Allen,Cyrus Allen,tackle,0,5
Cyrus Allen,Cyrus Allen,manCover,0,5
Cyrus Allen,Cyrus Allen,zoneCover,0,5
Cyrus Allen,Cyrus Allen,catching,54,59
Cyrus Allen,Cyrus Allen,routeRun,58,63
JD Bertrand,JD Bertrand,position,MLB,OLB
JD Bertrand,JD Bertrand,rating,64,69
JD Bertrand,JD Bertrand,speed,66,71
JD Bertrand,JD Bertrand,power,76,71
JD Bertrand,JD Bertrand,agility,74,75
JD Bertrand,JD Bertrand,burst,78,83
JD Bertrand,JD Bertrand,intelligence,73,70
JD Bertrand,JD Bertrand,tackle,77,76
JD Bertrand,JD Bertrand,manCover,84,79
JD Bertrand,JD Bertrand,zoneCover,75,70
JD Bertrand,JD Bertrand,catching,0,5
JD Bertrand,JD Bertrand,routeRun,0,5
Shemar James,Shemar James,position,OLB,MLB
Shemar James,Shemar James,rating,64,69
Shemar James,Shemar James,speed,71,76
Shemar James,Shemar James,power,72,73
Shemar James,Shemar James,agility,84,81
Shemar James,Shemar James,burst,83,82
Shemar James,Shemar James,intelligence,88,83
Shemar James,Shemar James,tackle,77,82
Shemar James,Shemar James,manCover,0,5
Shemar James,Shemar James,zoneCover,0,5
Shemar James,Shemar James,catching,0,5
Shemar James,Shemar James,routeRun,0,5
Jonah Laulu,Jonah Laulu,teamID,Free Agent,LV
Jonah Laulu,Jonah Laulu,rating,54,69
Jonah Laulu,Jonah Laulu,speed,62,67
Jonah Laulu,Jonah Laulu,power,76,81
Jonah Laulu,Jonah Laulu,agility,68,65
Jonah Laulu,Jonah Laulu,burst,69,74
Jonah Laulu,Jonah Laulu,intelligence,69,68
Jonah Laulu,Jonah Laulu,tackle,70,75
Jonah Laulu,Jonah Laulu,manCover,0,5
Jonah Laulu,Jonah Laulu,zoneCover,0,5
Jonah Laulu,Jonah Laulu,catching,0,5
Jonah Laulu,Jonah Laulu,routeRun,0,5
Rylie Mills,Rylie Mills,position,DE,DT
Rylie Mills,Rylie Mills,rating,64,69
Rylie Mills,Rylie Mills,speed,84,79
Rylie Mills,Rylie Mills,power,67,72
Rylie Mills,Rylie Mills,agility,85,80
Rylie Mills,Rylie Mills,burst,83,78
Rylie Mills,Rylie Mills,intelligence,76,71
Rylie Mills,Rylie Mills,tackle,87,82
Rylie Mills,Rylie Mills,manCover,0,5
Rylie Mills,Rylie Mills,zoneCover,0,5
Rylie Mills,Rylie Mills,catching,0,5
Rylie Mills,Rylie Mills,routeRun,0,5
Noah Sewell,Noah Sewell,position,MLB,OLB
Noah Sewell,Noah Sewell,rating,63,68
Noah Sewell,Noah Sewell,speed,74,79
Noah Sewell,Noah Sewell,power,81,80
Noah Sewell,Noah Sewell,agility,68,73
Noah Sewell,Noah Sewell,burst,73,78
Noah Sewell,Noah Sewell,intelligence,81,76
Noah Sewell,Noah Sewell,tackle,73,78
Noah Sewell,Noah Sewell,manCover,77,72
Noah Sewell,Noah Sewell,zoneCover,82,77
Noah Sewell,Noah Sewell,catching,0,5
Noah Sewell,Noah Sewell,routeRun,0,5
Yahya Black,Yahya Black,position,DE,DT
Yahya Black,Yahya Black,rating,73,68
Yahya Black,Yahya Black,speed,80,75
Yahya Black,Yahya Black,power,89,87
Yahya Black,Yahya Black,agility,67,63
Yahya Black,Yahya Black,burst,87,82
Yahya Black,Yahya Black,intelligence,83,78
Yahya Black,Yahya Black,tackle,80,79
Yahya Black,Yahya Black,manCover,0,5
Yahya Black,Yahya Black,zoneCover,0,5
Yahya Black,Yahya Black,catching,0,5
Yahya Black,Yahya Black,routeRun,0,5
Kalia Davis,Kalia Davis,teamID,Free Agent,CLE
Kalia Davis,Kalia Davis,rating,55,67
Kalia Davis,Kalia Davis,speed,62,67
Kalia Davis,Kalia Davis,power,63,68
Kalia Davis,Kalia Davis,agility,74,69
Kalia Davis,Kalia Davis,burst,72,77
Kalia Davis,Kalia Davis,intelligence,74,69
Kalia Davis,Kalia Davis,tackle,82,78
Kalia Davis,Kalia Davis,manCover,0,5
Kalia Davis,Kalia Davis,zoneCover,0,5
Kalia Davis,Kalia Davis,catching,0,5
Kalia Davis,Kalia Davis,routeRun,0,5
Dorian Mausi,Dorian Mausi Jr,position,MLB,OLB
Dorian Mausi,Dorian Mausi Jr,rating,67,62
Dorian Mausi,Dorian Mausi Jr,speed,84,83
Dorian Mausi,Dorian Mausi Jr,power,76,71
Dorian Mausi,Dorian Mausi Jr,agility,71,76
Dorian Mausi,Dorian Mausi Jr,burst,86,83
Dorian Mausi,Dorian Mausi Jr,intelligence,87,82
Dorian Mausi,Dorian Mausi Jr,tackle,82,78
Dorian Mausi,Dorian Mausi Jr,manCover,71,66
Dorian Mausi,Dorian Mausi Jr,zoneCover,75,70
Dorian Mausi,Dorian Mausi Jr,catching,0,5
Dorian Mausi,Dorian Mausi Jr,routeRun,0,5
Arnold Ebiketie,Arnold Ebiketie,position,OLB,DE
Arnold Ebiketie,Arnold Ebiketie,rating,83,77
Arnold Ebiketie,Arnold Ebiketie,speed,96,91
Arnold Ebiketie,Arnold Ebiketie,power,83,78
Arnold Ebiketie,Arnold Ebiketie,agility,93,88
Arnold Ebiketie,Arnold Ebiketie,burst,79,84
Arnold Ebiketie,Arnold Ebiketie,intelligence,90,85
Arnold Ebiketie,Arnold Ebiketie,tackle,93,88
Arnold Ebiketie,Arnold Ebiketie,manCover,0,5
Arnold Ebiketie,Arnold Ebiketie,zoneCover,0,5
Arnold Ebiketie,Arnold Ebiketie,catching,0,5
Arnold Ebiketie,Arnold Ebiketie,routeRun,0,5
Derrick Moore,Derrick Moore,teamID,Rookie,DET
Derrick Moore,Derrick Moore,rating,90,77
Derrick Moore,Derrick Moore,speed,70,75
Derrick Moore,Derrick Moore,power,73,78
Derrick Moore,Derrick Moore,agility,69,74
Derrick Moore,Derrick Moore,burst,57,62
Derrick Moore,Derrick Moore,intelligence,72,73
Derrick Moore,Derrick Moore,tackle,67,72
Derrick Moore,Derrick Moore,manCover,0,5
Derrick Moore,Derrick Moore,zoneCover,0,5
Derrick Moore,Derrick Moore,catching,0,5
Derrick Moore,Derrick Moore,routeRun,0,5
James Winchester,James Winchester,teamID,Free Agent,KC
James Winchester,James Winchester,rating,59,75
James Winchester,James Winchester,power,72,67
James Winchester,James Winchester,agility,79,74
James Winchester,James Winchester,burst,71,76
James Winchester,James Winchester,intelligence,80,75
James Winchester,James Winchester,tackle,0,5
James Winchester,James Winchester,manCover,0,5
James Winchester,James Winchester,zoneCover,0,5
James Winchester,James Winchester,catching,0,5
James Winchester,James Winchester,routeRun,0,5
Joshua Uche,Joshua Uche,position,OLB,DE
Joshua Uche,Joshua Uche,rating,72,75
Joshua Uche,Joshua Uche,speed,88,86
Joshua Uche,Joshua Uche,power,71,73
Joshua Uche,Joshua Uche,agility,79,83
Joshua Uche,Joshua Uche,burst,81,86
Joshua Uche,Joshua Uche,intelligence,81,76
Joshua Uche,Joshua Uche,tackle,85,80
Joshua Uche,Joshua Uche,manCover,0,5
Joshua Uche,Joshua Uche,zoneCover,0,5
Joshua Uche,Joshua Uche,catching,0,5
Joshua Uche,Joshua Uche,routeRun,0,5
Colton Hood,Colton Hood,teamID,Rookie,NYG
Colton Hood,Colton Hood,rating,88,75
Colton Hood,Colton Hood,speed,73,78
Colton Hood,Colton Hood,power,80,75
Colton Hood,Colton Hood,agility,81,86
Colton Hood,Colton Hood,burst,84,89
Colton Hood,Colton Hood,intelligence,84,79
Colton Hood,Colton Hood,tackle,85,80
Colton Hood,Colton Hood,manCover,76,73
Colton Hood,Colton Hood,zoneCover,75,70
Colton Hood,Colton Hood,catching,0,5
Colton Hood,Colton Hood,routeRun,0,5
J.J. Jansen,J.J. Jansen,teamID,Free Agent,CAR
J.J. Jansen,J.J. Jansen,rating,58,74
J.J. Jansen,J.J. Jansen,speed,64,63
J.J. Jansen,J.J. Jansen,power,75,70
J.J. Jansen,J.J. Jansen,agility,69,66
J.J. Jansen,J.J. Jansen,burst,75,70
J.J. Jansen,J.J. Jansen,intelligence,69,71
J.J. Jansen,J.J. Jansen,tackle,0,5
J.J. Jansen,J.J. Jansen,manCover,0,5
J.J. Jansen,J.J. Jansen,zoneCover,0,5
J.J. Jansen,J.J. Jansen,catching,0,5
J.J. Jansen,J.J. Jansen,routeRun,0,5
Joseph Ossai,Joseph Ossai,position,OLB,DE
Joseph Ossai,Joseph Ossai,rating,80,74
Joseph Ossai,Joseph Ossai,speed,75,80
Joseph Ossai,Joseph Ossai,power,83,80
Joseph Ossai,Joseph Ossai,agility,86,81
Joseph Ossai,Joseph Ossai,burst,86,90
Joseph Ossai,Joseph Ossai,intelligence,79,74
Joseph Ossai,Joseph Ossai,tackle,78,79
Joseph Ossai,Joseph Ossai,manCover,0,5
Joseph Ossai,Joseph Ossai,zoneCover,0,5
Joseph Ossai,Joseph Ossai,catching,0,5
Joseph Ossai,Joseph Ossai,routeRun,0,5
Keylan Rutledge,Keylan Rutledge,teamID,Rookie,HOU
Keylan Rutledge,Keylan Rutledge,rating,87,74
Keylan Rutledge,Keylan Rutledge,speed,65,70
Keylan Rutledge,Keylan Rutledge,power,85,87
Keylan Rutledge,Keylan Rutledge,agility,68,66
Keylan Rutledge,Keylan Rutledge,burst,55,60
Keylan Rutledge,Keylan Rutledge,intelligence,64,69
Keylan Rutledge,Keylan Rutledge,tackle,0,5
Keylan Rutledge,Keylan Rutledge,manCover,0,5
Keylan Rutledge,Keylan Rutledge,zoneCover,0,5
Keylan Rutledge,Keylan Rutledge,catching,0,5
Keylan Rutledge,Keylan Rutledge,routeRun,0,5
Billy Bowman Jr.,Billy Bowman Jr,position,S,CB
Billy Bowman Jr.,Billy Bowman Jr,rating,67,73
Billy Bowman Jr.,Billy Bowman Jr,speed,83,88
Billy Bowman Jr.,Billy Bowman Jr,power,85,80
Billy Bowman Jr.,Billy Bowman Jr,agility,70,75
Billy Bowman Jr.,Billy Bowman Jr,burst,84,89
Billy Bowman Jr.,Billy Bowman Jr,intelligence,71,70
Billy Bowman Jr.,Billy Bowman Jr,tackle,79,74
Billy Bowman Jr.,Billy Bowman Jr,manCover,83,78
Billy Bowman Jr.,Billy Bowman Jr,zoneCover,78,76
Billy Bowman Jr.,Billy Bowman Jr,catching,0,5
Billy Bowman Jr.,Billy Bowman Jr,routeRun,0,5
Anthony Hill Jr.,Anthony Hill Jr.,teamID,Rookie,TEN
Anthony Hill Jr.,Anthony Hill Jr.,rating,89,73
Anthony Hill Jr.,Anthony Hill Jr.,speed,73,78
Anthony Hill Jr.,Anthony Hill Jr.,power,87,82
Anthony Hill Jr.,Anthony Hill Jr.,agility,72,77
Anthony Hill Jr.,Anthony Hill Jr.,burst,76,81
Anthony Hill Jr.,Anthony Hill Jr.,intelligence,70,73
Anthony Hill Jr.,Anthony Hill Jr.,tackle,80,83
Anthony Hill Jr.,Anthony Hill Jr.,manCover,69,64
Anthony Hill Jr.,Anthony Hill Jr.,zoneCover,72,67
Anthony Hill Jr.,Anthony Hill Jr.,catching,0,5
Anthony Hill Jr.,Anthony Hill Jr.,routeRun,0,5
Emmanuel Pregnon,Emmanuel Pregnon,teamID,Rookie,JAX
Emmanuel Pregnon,Emmanuel Pregnon,rating,83,73
Emmanuel Pregnon,Emmanuel Pregnon,speed,52,57
Emmanuel Pregnon,Emmanuel Pregnon,power,79,84
Emmanuel Pregnon,Emmanuel Pregnon,agility,45,50
Emmanuel Pregnon,Emmanuel Pregnon,burst,67,68
Emmanuel Pregnon,Emmanuel Pregnon,intelligence,90,85
Emmanuel Pregnon,Emmanuel Pregnon,tackle,0,5
Emmanuel Pregnon,Emmanuel Pregnon,manCover,0,5
Emmanuel Pregnon,Emmanuel Pregnon,zoneCover,0,5
Emmanuel Pregnon,Emmanuel Pregnon,catching,0,5
Emmanuel Pregnon,Emmanuel Pregnon,routeRun,0,5
Jonah Coleman,Jonah Coleman,teamID,Rookie,DEN
Jonah Coleman,Jonah Coleman,rating,86,73
Jonah Coleman,Jonah Coleman,speed,85,87
Jonah Coleman,Jonah Coleman,power,92,87
Jonah Coleman,Jonah Coleman,agility,81,78
Jonah Coleman,Jonah Coleman,burst,76,81
Jonah Coleman,Jonah Coleman,intelligence,81,76
Jonah Coleman,Jonah Coleman,tackle,0,5
Jonah Coleman,Jonah Coleman,manCover,0,5
Jonah Coleman,Jonah Coleman,zoneCover,0,5
Jonah Coleman,Jonah Coleman,catching,78,73
Jonah Coleman,Jonah Coleman,routeRun,64,59
Ted Hurst,Ted Hurst III,teamID,Rookie,TB
Ted Hurst,Ted Hurst III,rating,85,72
Ted Hurst,Ted Hurst III,speed,70,75
Ted Hurst,Ted Hurst III,power,71,66
Ted Hurst,Ted Hurst III,agility,72,77
Ted Hurst,Ted Hurst III,burst,84,89
Ted Hurst,Ted Hurst III,intelligence,92,87
Ted Hurst,Ted Hurst III,tackle,0,5
Ted Hurst,Ted Hurst III,manCover,0,5
Ted Hurst,Ted Hurst III,zoneCover,0,5
Ted Hurst,Ted Hurst III,catching,92,87
Ted Hurst,Ted Hurst III,routeRun,70,74
Mike Washington Jr.,Mike Washington Jr,teamID,Rookie,LV
Mike Washington Jr.,Mike Washington Jr,rating,85,72
Mike Washington Jr.,Mike Washington Jr,speed,92,94
Mike Washington Jr.,Mike Washington Jr,power,67,72
Mike Washington Jr.,Mike Washington Jr,agility,82,85
Mike Washington Jr.,Mike Washington Jr,burst,92,93
Mike Washington Jr.,Mike Washington Jr,intelligence,66,71
Mike Washington Jr.,Mike Washington Jr,tackle,0,5
Mike Washington Jr.,Mike Washington Jr,manCover,0,5
Mike Washington Jr.,Mike Washington Jr,zoneCover,0,5
Mike Washington Jr.,Mike Washington Jr,catching,77,72
Mike Washington Jr.,Mike Washington Jr,routeRun,77,72
Daylen Everette,Daylen Everette,teamID,Rookie,PIT
Daylen Everette,Daylen Everette,rating,85,72
Daylen Everette,Daylen Everette,speed,92,93
Daylen Everette,Daylen Everette,power,75,70
Daylen Everette,Daylen Everette,agility,67,72
Daylen Everette,Daylen Everette,burst,92,93
Daylen Everette,Daylen Everette,intelligence,58,63
Daylen Everette,Daylen Everette,tackle,88,83
Daylen Everette,Daylen Everette,manCover,76,71
Daylen Everette,Daylen Everette,zoneCover,73,72
Daylen Everette,Daylen Everette,catching,0,5
Daylen Everette,Daylen Everette,routeRun,0,5
Troy Dye,Troy Dye,position,MLB,OLB
Troy Dye,Troy Dye,rating,68,71
Troy Dye,Troy Dye,speed,84,86
Troy Dye,Troy Dye,power,78,73
Troy Dye,Troy Dye,agility,80,81
Troy Dye,Troy Dye,burst,75,80
Troy Dye,Troy Dye,intelligence,80,75
Troy Dye,Troy Dye,tackle,75,80
Troy Dye,Troy Dye,manCover,71,66
Troy Dye,Troy Dye,zoneCover,74,69
Troy Dye,Troy Dye,catching,0,5
Troy Dye,Troy Dye,routeRun,0,5
Kaleb Proctor,Kaleb Proctor,teamID,Rookie,ARI
Kaleb Proctor,Kaleb Proctor,rating,81,71
Kaleb Proctor,Kaleb Proctor,speed,58,63
Kaleb Proctor,Kaleb Proctor,power,80,83
Kaleb Proctor,Kaleb Proctor,agility,86,81
Kaleb Proctor,Kaleb Proctor,burst,61,66
Kaleb Proctor,Kaleb Proctor,intelligence,81,76
Kaleb Proctor,Kaleb Proctor,tackle,92,87
Kaleb Proctor,Kaleb Proctor,manCover,0,5
Kaleb Proctor,Kaleb Proctor,zoneCover,0,5
Kaleb Proctor,Kaleb Proctor,catching,0,5
Kaleb Proctor,Kaleb Proctor,routeRun,0,5
Jon Gaines II,Jon Gaines II,position,C,OG
Jon Gaines II,Jon Gaines II,rating,72,69
Jon Gaines II,Jon Gaines II,speed,69,72
Jon Gaines II,Jon Gaines II,power,87,82
Jon Gaines II,Jon Gaines II,agility,80,75
Jon Gaines II,Jon Gaines II,burst,74,79
Jon Gaines II,Jon Gaines II,intelligence,69,74
Jon Gaines II,Jon Gaines II,tackle,0,5
Jon Gaines II,Jon Gaines II,manCover,0,5
Jon Gaines II,Jon Gaines II,zoneCover,0,5
Jon Gaines II,Jon Gaines II,catching,0,5
Jon Gaines II,Jon Gaines II,routeRun,0,5
Harold Perkins Jr.,Harold Perkins Jr,teamID,Rookie,ATL
Harold Perkins Jr.,Harold Perkins Jr,rating,79,66
Harold Perkins Jr.,Harold Perkins Jr,speed,79,84
Harold Perkins Jr.,Harold Perkins Jr,power,74,69
Harold Perkins Jr.,Harold Perkins Jr,agility,75,80
Harold Perkins Jr.,Harold Perkins Jr,burst,80,85
Harold Perkins Jr.,Harold Perkins Jr,intelligence,82,77
Harold Perkins Jr.,Harold Perkins Jr,tackle,52,57
Harold Perkins Jr.,Harold Perkins Jr,manCover,0,5
Harold Perkins Jr.,Harold Perkins Jr,zoneCover,0,5
Harold Perkins Jr.,Harold Perkins Jr,catching,0,5
Harold Perkins Jr.,Harold Perkins Jr,routeRun,0,5
Khalil Mack,Khalil Mack,position,OLB,DE
Khalil Mack,Khalil Mack,rating,79,86
Khalil Mack,Khalil Mack,speed,75,80
Khalil Mack,Khalil Mack,power,88,87
Khalil Mack,Khalil Mack,agility,79,84
Khalil Mack,Khalil Mack,burst,80,85
Khalil Mack,Khalil Mack,intelligence,96,91
Khalil Mack,Khalil Mack,tackle,90,87
Khalil Mack,Khalil Mack,manCover,0,5
Khalil Mack,Khalil Mack,zoneCover,0,5
Khalil Mack,Khalil Mack,catching,0,5
Khalil Mack,Khalil Mack,routeRun,0,5
Leo Chenal,Leo Chenal,position,OLB,MLB
Leo Chenal,Leo Chenal,rating,86,82
Leo Chenal,Leo Chenal,speed,80,85
Leo Chenal,Leo Chenal,power,83,82
Leo Chenal,Leo Chenal,agility,87,82
Leo Chenal,Leo Chenal,burst,81,86
Leo Chenal,Leo Chenal,intelligence,78,81
Leo Chenal,Leo Chenal,tackle,88,87
Leo Chenal,Leo Chenal,manCover,0,5
Leo Chenal,Leo Chenal,zoneCover,0,5
Leo Chenal,Leo Chenal,catching,0,5
Leo Chenal,Leo Chenal,routeRun,0,5
Bradley Chubb,Bradley Chubb,position,OLB,DE
Bradley Chubb,Bradley Chubb,rating,85,78
Bradley Chubb,Bradley Chubb,power,87,89
Bradley Chubb,Bradley Chubb,agility,89,84
Bradley Chubb,Bradley Chubb,burst,82,85
Bradley Chubb,Bradley Chubb,intelligence,86,81
Bradley Chubb,Bradley Chubb,tackle,96,91
Bradley Chubb,Bradley Chubb,manCover,0,5
Bradley Chubb,Bradley Chubb,zoneCover,0,5
Bradley Chubb,Bradley Chubb,catching,0,5
Bradley Chubb,Bradley Chubb,routeRun,0,5
Josaiah Stewart,Josaiah Stewart,position,OLB,DE
Josaiah Stewart,Josaiah Stewart,rating,67,74
Josaiah Stewart,Josaiah Stewart,speed,90,85
Josaiah Stewart,Josaiah Stewart,power,80,79
Josaiah Stewart,Josaiah Stewart,burst,79,84
Josaiah Stewart,Josaiah Stewart,intelligence,81,76
Josaiah Stewart,Josaiah Stewart,tackle,72,77
Josaiah Stewart,Josaiah Stewart,manCover,0,5
Josaiah Stewart,Josaiah Stewart,zoneCover,0,5
Josaiah Stewart,Josaiah Stewart,catching,0,5
Josaiah Stewart,Josaiah Stewart,routeRun,0,5
Isaiah Simmons,Isaiah Simmons,position,MLB,S
Isaiah Simmons,Isaiah Simmons,rating,80,73
Isaiah Simmons,Isaiah Simmons,speed,87,91
Isaiah Simmons,Isaiah Simmons,power,88,83
Isaiah Simmons,Isaiah Simmons,burst,85,90
Isaiah Simmons,Isaiah Simmons,intelligence,70,73
Isaiah Simmons,Isaiah Simmons,tackle,91,86
Isaiah Simmons,Isaiah Simmons,manCover,77,72
Isaiah Simmons,Isaiah Simmons,zoneCover,89,84
Isaiah Simmons,Isaiah Simmons,catching,0,5
Isaiah Simmons,Isaiah Simmons,routeRun,0,5
Chau Smith-Wade,Chau Smith-Wade,teamID,Free Agent,CAR
Chau Smith-Wade,Chau Smith-Wade,rating,59,73
Chau Smith-Wade,Chau Smith-Wade,speed,79,84
Chau Smith-Wade,Chau Smith-Wade,power,76,71
Chau Smith-Wade,Chau Smith-Wade,agility,77,82
Chau Smith-Wade,Chau Smith-Wade,burst,64,69
Chau Smith-Wade,Chau Smith-Wade,intelligence,86,81
Chau Smith-Wade,Chau Smith-Wade,tackle,70,71
Chau Smith-Wade,Chau Smith-Wade,manCover,71,72
Chau Smith-Wade,Chau Smith-Wade,zoneCover,88,83
Chau Smith-Wade,Chau Smith-Wade,catching,0,5
Chau Smith-Wade,Chau Smith-Wade,routeRun,0,5
Malachi Fields,Malachi Fields,teamID,Rookie,NYG
Malachi Fields,Malachi Fields,rating,90,73
Malachi Fields,Malachi Fields,speed,74,79
Malachi Fields,Malachi Fields,power,75,73
Malachi Fields,Malachi Fields,agility,76,81
Malachi Fields,Malachi Fields,burst,76,81
Malachi Fields,Malachi Fields,intelligence,73,78
Malachi Fields,Malachi Fields,tackle,0,5
Malachi Fields,Malachi Fields,manCover,0,5
Malachi Fields,Malachi Fields,zoneCover,0,5
Malachi Fields,Malachi Fields,catching,89,84
Malachi Fields,Malachi Fields,routeRun,78,75
Dante Stills,Dante Stills,position,DE,DT
Dante Stills,Dante Stills,rating,64,71
Dante Stills,Dante Stills,speed,68,73
Dante Stills,Dante Stills,power,81,80
Dante Stills,Dante Stills,agility,83,78
Dante Stills,Dante Stills,burst,87,83
Dante Stills,Dante Stills,intelligence,83,78
Dante Stills,Dante Stills,tackle,61,66
Dante Stills,Dante Stills,manCover,0,5
Dante Stills,Dante Stills,zoneCover,0,5
Dante Stills,Dante Stills,catching,0,5
Dante Stills,Dante Stills,routeRun,0,5
Jordan Elliott,Jordan Elliott,teamID,Free Agent,TEN
Jordan Elliott,Jordan Elliott,rating,53,70
Jordan Elliott,Jordan Elliott,speed,74,71
Jordan Elliott,Jordan Elliott,power,74,79
Jordan Elliott,Jordan Elliott,agility,69,64
Jordan Elliott,Jordan Elliott,burst,74,77
Jordan Elliott,Jordan Elliott,intelligence,72,74
Jordan Elliott,Jordan Elliott,tackle,70,75
Jordan Elliott,Jordan Elliott,manCover,0,5
Jordan Elliott,Jordan Elliott,zoneCover,0,5
Jordan Elliott,Jordan Elliott,catching,0,5
Jordan Elliott,Jordan Elliott,routeRun,0,5
Elijah Ponder,Elijah Ponder,position,OLB,DE
Elijah Ponder,Elijah Ponder,rating,63,70
Elijah Ponder,Elijah Ponder,speed,76,81
Elijah Ponder,Elijah Ponder,power,73,76
Elijah Ponder,Elijah Ponder,burst,77,82
Elijah Ponder,Elijah Ponder,intelligence,82,77
Elijah Ponder,Elijah Ponder,tackle,65,70
Elijah Ponder,Elijah Ponder,manCover,0,5
Elijah Ponder,Elijah Ponder,zoneCover,0,5
Elijah Ponder,Elijah Ponder,catching,0,5
Elijah Ponder,Elijah Ponder,routeRun,0,5
Bryce Lance,Bryce Lance,teamID,Rookie,NO
Bryce Lance,Bryce Lance,rating,78,70
Bryce Lance,Bryce Lance,speed,82,87
Bryce Lance,Bryce Lance,power,70,69
Bryce Lance,Bryce Lance,agility,92,87
Bryce Lance,Bryce Lance,burst,69,74
Bryce Lance,Bryce Lance,intelligence,92,87
Bryce Lance,Bryce Lance,tackle,0,5
Bryce Lance,Bryce Lance,manCover,0,5
Bryce Lance,Bryce Lance,zoneCover,0,5
Bryce Lance,Bryce Lance,catching,84,80
Bryce Lance,Bryce Lance,routeRun,66,71
Bryce Boettcher,Bryce Boettcher,teamID,Rookie,IND
Bryce Boettcher,Bryce Boettcher,rating,75,70
Bryce Boettcher,Bryce Boettcher,speed,86,87
Bryce Boettcher,Bryce Boettcher,power,63,68
Bryce Boettcher,Bryce Boettcher,agility,83,78
Bryce Boettcher,Bryce Boettcher,burst,79,84
Bryce Boettcher,Bryce Boettcher,intelligence,72,71
Bryce Boettcher,Bryce Boettcher,tackle,81,79
Bryce Boettcher,Bryce Boettcher,manCover,0,5
Bryce Boettcher,Bryce Boettcher,zoneCover,0,5
Bryce Boettcher,Bryce Boettcher,catching,0,5
Bryce Boettcher,Bryce Boettcher,routeRun,0,5
Adetomiwa Adebawore,Adetomiwa Adebawore,teamID,Free Agent,IND
Adetomiwa Adebawore,Adetomiwa Adebawore,rating,52,69
Adetomiwa Adebawore,Adetomiwa Adebawore,speed,90,89
Adetomiwa Adebawore,Adetomiwa Adebawore,power,67,72
Adetomiwa Adebawore,Adetomiwa Adebawore,burst,72,77
Adetomiwa Adebawore,Adetomiwa Adebawore,intelligence,66,69
Adetomiwa Adebawore,Adetomiwa Adebawore,tackle,65,69
Adetomiwa Adebawore,Adetomiwa Adebawore,manCover,0,5
Adetomiwa Adebawore,Adetomiwa Adebawore,zoneCover,0,5
Adetomiwa Adebawore,Adetomiwa Adebawore,catching,0,5
Adetomiwa Adebawore,Adetomiwa Adebawore,routeRun,0,5
Brock Hoffman,Brock Hoffman,position,C,OG
Brock Hoffman,Brock Hoffman,rating,62,69
Brock Hoffman,Brock Hoffman,speed,80,75
Brock Hoffman,Brock Hoffman,agility,79,74
Brock Hoffman,Brock Hoffman,burst,76,71
Brock Hoffman,Brock Hoffman,intelligence,76,74
Brock Hoffman,Brock Hoffman,tackle,0,5
Brock Hoffman,Brock Hoffman,manCover,0,5
Brock Hoffman,Brock Hoffman,zoneCover,0,5
Brock Hoffman,Brock Hoffman,catching,0,5
Brock Hoffman,Brock Hoffman,routeRun,0,5
Deion Burks,Deion Burks,teamID,Rookie,IND
Deion Burks,Deion Burks,rating,80,69
Deion Burks,Deion Burks,speed,78,83
Deion Burks,Deion Burks,power,75,70
Deion Burks,Deion Burks,agility,52,57
Deion Burks,Deion Burks,burst,70,75
Deion Burks,Deion Burks,intelligence,71,66
Deion Burks,Deion Burks,tackle,0,5
Deion Burks,Deion Burks,manCover,0,5
Deion Burks,Deion Burks,zoneCover,0,5
Deion Burks,Deion Burks,catching,90,85
Deion Burks,Deion Burks,routeRun,84,79
Carson Beck,Carson Beck,teamID,Rookie,ARI
Carson Beck,Carson Beck,rating,82,68
Carson Beck,Carson Beck,speed,81,79
Carson Beck,Carson Beck,power,76,71
Carson Beck,Carson Beck,agility,63,68
Carson Beck,Carson Beck,burst,83,86
Carson Beck,Carson Beck,intelligence,83,78
Carson Beck,Carson Beck,tackle,0,5
Carson Beck,Carson Beck,manCover,0,5
Carson Beck,Carson Beck,zoneCover,0,5
Carson Beck,Carson Beck,catching,0,5
Carson Beck,Carson Beck,routeRun,0,5
VJ Payne,VJ Payne,teamID,Rookie,NYJ
VJ Payne,VJ Payne,rating,79,65
VJ Payne,VJ Payne,speed,75,80
VJ Payne,VJ Payne,power,89,84
VJ Payne,VJ Payne,agility,64,69
VJ Payne,VJ Payne,burst,77,82
VJ Payne,VJ Payne,intelligence,91,86
VJ Payne,VJ Payne,tackle,83,78
VJ Payne,VJ Payne,manCover,67,66
VJ Payne,VJ Payne,zoneCover,56,61
VJ Payne,VJ Payne,catching,0,5
VJ Payne,VJ Payne,routeRun,0,5
Ethan Burke,Ethan Burke,teamID,Rookie,BAL
Ethan Burke,Ethan Burke,rating,75,64
Ethan Burke,Ethan Burke,speed,53,58
Ethan Burke,Ethan Burke,power,92,87
Ethan Burke,Ethan Burke,agility,92,87
Ethan Burke,Ethan Burke,burst,62,67
Ethan Burke,Ethan Burke,intelligence,75,70
Ethan Burke,Ethan Burke,tackle,90,85
Ethan Burke,Ethan Burke,manCover,0,5
Ethan Burke,Ethan Burke,zoneCover,0,5
Ethan Burke,Ethan Burke,catching,0,5
Ethan Burke,Ethan Burke,routeRun,0,5
Jordyn Brooks,Jordyn Brooks,position,MLB,OLB
Jordyn Brooks,Jordyn Brooks,rating,89,84
Jordyn Brooks,Jordyn Brooks,speed,91,87
Jordyn Brooks,Jordyn Brooks,power,96,91
Jordyn Brooks,Jordyn Brooks,agility,84,85
Jordyn Brooks,Jordyn Brooks,burst,92,87
Jordyn Brooks,Jordyn Brooks,intelligence,88,87
Jordyn Brooks,Jordyn Brooks,tackle,88,92
Jordyn Brooks,Jordyn Brooks,manCover,84,79
Jordyn Brooks,Jordyn Brooks,zoneCover,79,74
Jordyn Brooks,Jordyn Brooks,catching,0,5
Jordyn Brooks,Jordyn Brooks,routeRun,0,5
Josh Harris,Josh Harris,teamID,Free Agent,LAC
Josh Harris,Josh Harris,rating,63,81
Josh Harris,Josh Harris,speed,78,76
Josh Harris,Josh Harris,power,64,68
Josh Harris,Josh Harris,agility,72,73
Josh Harris,Josh Harris,burst,77,74
Josh Harris,Josh Harris,intelligence,79,74
Josh Harris,Josh Harris,tackle,0,5
Josh Harris,Josh Harris,manCover,0,5
Josh Harris,Josh Harris,zoneCover,0,5
Josh Harris,Josh Harris,catching,0,5
Josh Harris,Josh Harris,routeRun,0,5
Yaya Diaby,Yaya Diaby,position,OLB,DE
Yaya Diaby,Yaya Diaby,rating,71,79
Yaya Diaby,Yaya Diaby,speed,92,89
Yaya Diaby,Yaya Diaby,power,84,79
Yaya Diaby,Yaya Diaby,agility,81,77
Yaya Diaby,Yaya Diaby,burst,71,76
Yaya Diaby,Yaya Diaby,intelligence,79,84
Yaya Diaby,Yaya Diaby,tackle,84,81
Yaya Diaby,Yaya Diaby,manCover,0,5
Yaya Diaby,Yaya Diaby,zoneCover,0,5
Yaya Diaby,Yaya Diaby,catching,0,5
Yaya Diaby,Yaya Diaby,routeRun,0,5
Cedric Gray,Cedric Gray,position,MLB,OLB
Cedric Gray,Cedric Gray,rating,83,78
Cedric Gray,Cedric Gray,speed,88,84
Cedric Gray,Cedric Gray,power,85,80
Cedric Gray,Cedric Gray,agility,82,77
Cedric Gray,Cedric Gray,burst,89,91
Cedric Gray,Cedric Gray,intelligence,79,77
Cedric Gray,Cedric Gray,tackle,92,88
Cedric Gray,Cedric Gray,manCover,81,76
Cedric Gray,Cedric Gray,zoneCover,88,83
Cedric Gray,Cedric Gray,catching,0,5
Cedric Gray,Cedric Gray,routeRun,0,5
Lukas Van Ness,Lukas Van Ness,position,OLB,DE
Lukas Van Ness,Lukas Van Ness,rating,69,77
Lukas Van Ness,Lukas Van Ness,speed,89,86
Lukas Van Ness,Lukas Van Ness,power,85,81
Lukas Van Ness,Lukas Van Ness,agility,84,83
Lukas Van Ness,Lukas Van Ness,burst,84,89
Lukas Van Ness,Lukas Van Ness,intelligence,83,78
Lukas Van Ness,Lukas Van Ness,tackle,75,80
Lukas Van Ness,Lukas Van Ness,manCover,0,5
Lukas Van Ness,Lukas Van Ness,zoneCover,0,5
Lukas Van Ness,Lukas Van Ness,catching,0,5
Lukas Van Ness,Lukas Van Ness,routeRun,0,5
Deonte Banks,Deonte Banks,teamID,Free Agent,NYG
Deonte Banks,Deonte Banks,rating,58,76
Deonte Banks,Deonte Banks,speed,79,84
Deonte Banks,Deonte Banks,power,73,68
Deonte Banks,Deonte Banks,agility,68,73
Deonte Banks,Deonte Banks,burst,83,88
Deonte Banks,Deonte Banks,manCover,73,69
Deonte Banks,Deonte Banks,zoneCover,82,77
Deonte Banks,Deonte Banks,catching,0,5
Deonte Banks,Deonte Banks,routeRun,0,5
Jamien Sherwood,Jamien Sherwood,position,MLB,OLB
Jamien Sherwood,Jamien Sherwood,rating,84,76
Jamien Sherwood,Jamien Sherwood,speed,75,80
Jamien Sherwood,Jamien Sherwood,power,81,76
Jamien Sherwood,Jamien Sherwood,agility,85,80
Jamien Sherwood,Jamien Sherwood,intelligence,88,83
Jamien Sherwood,Jamien Sherwood,tackle,93,88
Jamien Sherwood,Jamien Sherwood,manCover,85,80
Jamien Sherwood,Jamien Sherwood,zoneCover,87,82
Jamien Sherwood,Jamien Sherwood,catching,0,5
Jamien Sherwood,Jamien Sherwood,routeRun,0,5
Chris Johnson,Chris Johnson,teamID,Rookie,MIA
Chris Johnson,Chris Johnson,rating,91,76
Chris Johnson,Chris Johnson,speed,71,76
Chris Johnson,Chris Johnson,power,75,70
Chris Johnson,Chris Johnson,agility,78,83
Chris Johnson,Chris Johnson,burst,70,75
Chris Johnson,Chris Johnson,intelligence,65,70
Chris Johnson,Chris Johnson,tackle,90,85
Chris Johnson,Chris Johnson,manCover,92,87
Chris Johnson,Chris Johnson,zoneCover,87,82
Chris Johnson,Chris Johnson,catching,0,5
Chris Johnson,Chris Johnson,routeRun,0,5
Teddye Buchanan,Teddye Buchanan,position,MLB,OLB
Teddye Buchanan,Teddye Buchanan,rating,70,75
Teddye Buchanan,Teddye Buchanan,power,82,78
Teddye Buchanan,Teddye Buchanan,agility,75,80
Teddye Buchanan,Teddye Buchanan,burst,87,89
Teddye Buchanan,Teddye Buchanan,intelligence,75,73
Teddye Buchanan,Teddye Buchanan,tackle,75,80
Teddye Buchanan,Teddye Buchanan,manCover,83,78
Teddye Buchanan,Teddye Buchanan,zoneCover,77,72
Teddye Buchanan,Teddye Buchanan,catching,0,5
Teddye Buchanan,Teddye Buchanan,routeRun,0,5
DeMarvion Overshown,DeMarvion Overshown,position,OLB,MLB
DeMarvion Overshown,DeMarvion Overshown,rating,67,75
DeMarvion Overshown,DeMarvion Overshown,speed,82,87
DeMarvion Overshown,DeMarvion Overshown,power,82,77
DeMarvion Overshown,DeMarvion Overshown,agility,70,75
DeMarvion Overshown,DeMarvion Overshown,burst,85,90
DeMarvion Overshown,DeMarvion Overshown,intelligence,88,83
DeMarvion Overshown,DeMarvion Overshown,tackle,78,81
DeMarvion Overshown,DeMarvion Overshown,manCover,0,5
DeMarvion Overshown,DeMarvion Overshown,zoneCover,0,5
DeMarvion Overshown,DeMarvion Overshown,catching,0,5
DeMarvion Overshown,DeMarvion Overshown,routeRun,0,5
Jordan Burch,Jordan Burch,position,OLB,DE
Jordan Burch,Jordan Burch,rating,68,73
Jordan Burch,Jordan Burch,speed,76,81
Jordan Burch,Jordan Burch,power,68,73
Jordan Burch,Jordan Burch,agility,92,87
Jordan Burch,Jordan Burch,burst,90,85
Jordan Burch,Jordan Burch,intelligence,84,79
Jordan Burch,Jordan Burch,tackle,85,82
Jordan Burch,Jordan Burch,manCover,0,5
Jordan Burch,Jordan Burch,zoneCover,0,5
Jordan Burch,Jordan Burch,catching,0,5
Jordan Burch,Jordan Burch,routeRun,0,5
Ruke Orhorhoro,Ruke Orhorhoro,teamID,ATL,JAX
Ruke Orhorhoro,Ruke Orhorhoro,rating,58,73
Ruke Orhorhoro,Ruke Orhorhoro,speed,78,76
Ruke Orhorhoro,Ruke Orhorhoro,power,96,91
Ruke Orhorhoro,Ruke Orhorhoro,agility,79,74
Ruke Orhorhoro,Ruke Orhorhoro,burst,71,76
Ruke Orhorhoro,Ruke Orhorhoro,intelligence,78,73
Ruke Orhorhoro,Ruke Orhorhoro,tackle,73,78
Ruke Orhorhoro,Ruke Orhorhoro,manCover,0,5
Ruke Orhorhoro,Ruke Orhorhoro,zoneCover,0,5
Ruke Orhorhoro,Ruke Orhorhoro,catching,0,5
Ruke Orhorhoro,Ruke Orhorhoro,routeRun,0,5
Justin Eboigbe,Justin Eboigbe,position,DE,DT
Justin Eboigbe,Justin Eboigbe,rating,65,73
Justin Eboigbe,Justin Eboigbe,speed,77,72
Justin Eboigbe,Justin Eboigbe,power,85,83
Justin Eboigbe,Justin Eboigbe,agility,84,79
Justin Eboigbe,Justin Eboigbe,burst,79,74
Justin Eboigbe,Justin Eboigbe,intelligence,82,77
Justin Eboigbe,Justin Eboigbe,tackle,94,89
Justin Eboigbe,Justin Eboigbe,manCover,0,5
Justin Eboigbe,Justin Eboigbe,zoneCover,0,5
Justin Eboigbe,Justin Eboigbe,catching,0,5
Justin Eboigbe,Justin Eboigbe,routeRun,0,5
Willie Gay Jr.,Willie Gay Jr,position,MLB,OLB
Willie Gay Jr.,Willie Gay Jr,rating,80,72
Willie Gay Jr.,Willie Gay Jr,speed,75,80
Willie Gay Jr.,Willie Gay Jr,power,88,83
Willie Gay Jr.,Willie Gay Jr,agility,80,79
Willie Gay Jr.,Willie Gay Jr,burst,93,90
Willie Gay Jr.,Willie Gay Jr,intelligence,85,80
Willie Gay Jr.,Willie Gay Jr,tackle,72,77
Willie Gay Jr.,Willie Gay Jr,manCover,75,70
Willie Gay Jr.,Willie Gay Jr,zoneCover,70,65
Willie Gay Jr.,Willie Gay Jr,catching,0,5
Willie Gay Jr.,Willie Gay Jr,routeRun,0,5
Elijah Sarratt,Elijah Sarratt,teamID,Rookie,BAL
Elijah Sarratt,Elijah Sarratt,rating,83,71
Elijah Sarratt,Elijah Sarratt,speed,77,82
Elijah Sarratt,Elijah Sarratt,power,63,62
Elijah Sarratt,Elijah Sarratt,agility,74,79
Elijah Sarratt,Elijah Sarratt,burst,66,71
Elijah Sarratt,Elijah Sarratt,intelligence,68,69
Elijah Sarratt,Elijah Sarratt,tackle,0,5
Elijah Sarratt,Elijah Sarratt,manCover,0,5
Elijah Sarratt,Elijah Sarratt,zoneCover,0,5
Elijah Sarratt,Elijah Sarratt,catching,85,81
Elijah Sarratt,Elijah Sarratt,routeRun,92,87
Sean Rhyan,Sean Rhyan,position,OG,C
Sean Rhyan,Sean Rhyan,rating,75,70
Sean Rhyan,Sean Rhyan,speed,85,80
Sean Rhyan,Sean Rhyan,power,78,83
Sean Rhyan,Sean Rhyan,agility,70,65
Sean Rhyan,Sean Rhyan,burst,79,74
Sean Rhyan,Sean Rhyan,intelligence,87,82
Sean Rhyan,Sean Rhyan,tackle,0,5
Sean Rhyan,Sean Rhyan,manCover,0,5
Sean Rhyan,Sean Rhyan,zoneCover,0,5
Sean Rhyan,Sean Rhyan,catching,0,5
Sean Rhyan,Sean Rhyan,routeRun,0,5
Reggie Virgil,Reggie Virgil,teamID,Rookie,ARI
Reggie Virgil,Reggie Virgil,rating,52,70
Reggie Virgil,Reggie Virgil,speed,71,76
Reggie Virgil,Reggie Virgil,power,81,76
Reggie Virgil,Reggie Virgil,agility,82,87
Reggie Virgil,Reggie Virgil,burst,71,76
Reggie Virgil,Reggie Virgil,intelligence,60,58
Reggie Virgil,Reggie Virgil,tackle,0,5
Reggie Virgil,Reggie Virgil,manCover,0,5
Reggie Virgil,Reggie Virgil,zoneCover,0,5
Reggie Virgil,Reggie Virgil,catching,53,58
Reggie Virgil,Reggie Virgil,routeRun,60,65
Smael Mondon Jr.,Smael Mondon Jr,position,MLB,OLB
Smael Mondon Jr.,Smael Mondon Jr,rating,77,69
Smael Mondon Jr.,Smael Mondon Jr,speed,82,86
Smael Mondon Jr.,Smael Mondon Jr,power,75,70
Smael Mondon Jr.,Smael Mondon Jr,agility,68,73
Smael Mondon Jr.,Smael Mondon Jr,burst,87,92
Smael Mondon Jr.,Smael Mondon Jr,intelligence,83,78
Smael Mondon Jr.,Smael Mondon Jr,tackle,90,85
Smael Mondon Jr.,Smael Mondon Jr,manCover,81,76
Smael Mondon Jr.,Smael Mondon Jr,zoneCover,78,73
Smael Mondon Jr.,Smael Mondon Jr,catching,0,5
Smael Mondon Jr.,Smael Mondon Jr,routeRun,0,5
Zane Durant,Zane Durant,teamID,Rookie,BUF
Zane Durant,Zane Durant,rating,81,69
Zane Durant,Zane Durant,speed,64,69
Zane Durant,Zane Durant,power,75,80
Zane Durant,Zane Durant,agility,92,87
Zane Durant,Zane Durant,burst,58,63
Zane Durant,Zane Durant,intelligence,72,67
Zane Durant,Zane Durant,tackle,68,73
Zane Durant,Zane Durant,manCover,0,5
Zane Durant,Zane Durant,zoneCover,0,5
Zane Durant,Zane Durant,catching,0,5
Zane Durant,Zane Durant,routeRun,0,5
L.J. Collier,L.J. Collier,position,DE,DT
L.J. Collier,L.J. Collier,rating,63,68
L.J. Collier,L.J. Collier,speed,70,75
L.J. Collier,L.J. Collier,power,84,83
L.J. Collier,L.J. Collier,agility,80,75
L.J. Collier,L.J. Collier,burst,76,75
L.J. Collier,L.J. Collier,intelligence,73,71
L.J. Collier,L.J. Collier,tackle,79,80
L.J. Collier,L.J. Collier,manCover,0,5
L.J. Collier,L.J. Collier,zoneCover,0,5
L.J. Collier,L.J. Collier,catching,0,5
L.J. Collier,L.J. Collier,routeRun,0,5
Justin Joly,Justin Joly,teamID,Rookie,MIA
Justin Joly,Justin Joly,rating,80,68
Justin Joly,Justin Joly,speed,86,83
Justin Joly,Justin Joly,power,65,70
Justin Joly,Justin Joly,agility,65,70
Justin Joly,Justin Joly,burst,77,82
Justin Joly,Justin Joly,intelligence,87,82
Justin Joly,Justin Joly,tackle,0,5
Justin Joly,Justin Joly,manCover,0,5
Justin Joly,Justin Joly,zoneCover,0,5
Justin Joly,Justin Joly,catching,75,80
Justin Joly,Justin Joly,routeRun,92,87
Jacob Monk,Jacob Monk,position,C,OG
Jacob Monk,Jacob Monk,rating,74,66
Jacob Monk,Jacob Monk,speed,89,84
Jacob Monk,Jacob Monk,power,84,83
Jacob Monk,Jacob Monk,agility,74,69
Jacob Monk,Jacob Monk,burst,80,76
Jacob Monk,Jacob Monk,intelligence,69,72
Jacob Monk,Jacob Monk,tackle,0,5
Jacob Monk,Jacob Monk,manCover,0,5
Jacob Monk,Jacob Monk,zoneCover,0,5
Jacob Monk,Jacob Monk,catching,0,5
Jacob Monk,Jacob Monk,routeRun,0,5
Chaz Chambliss,Chaz Chambliss,position,OLB,DE
Chaz Chambliss,Chaz Chambliss,rating,70,65
Chaz Chambliss,Chaz Chambliss,speed,87,82
Chaz Chambliss,Chaz Chambliss,power,77,79
Chaz Chambliss,Chaz Chambliss,agility,86,82
Chaz Chambliss,Chaz Chambliss,burst,79,84
Chaz Chambliss,Chaz Chambliss,intelligence,77,72
Chaz Chambliss,Chaz Chambliss,tackle,82,77
Chaz Chambliss,Chaz Chambliss,manCover,0,5
Chaz Chambliss,Chaz Chambliss,zoneCover,0,5
Chaz Chambliss,Chaz Chambliss,catching,0,5
Chaz Chambliss,Chaz Chambliss,routeRun,0,5
Eli Raridon,Eli Raridon,teamID,Rookie,NE
Eli Raridon,Eli Raridon,rating,80,65
Eli Raridon,Eli Raridon,speed,81,85
Eli Raridon,Eli Raridon,power,87,82
Eli Raridon,Eli Raridon,agility,55,60
Eli Raridon,Eli Raridon,burst,68,73
Eli Raridon,Eli Raridon,intelligence,69,64
Eli Raridon,Eli Raridon,tackle,0,5
Eli Raridon,Eli Raridon,manCover,0,5
Eli Raridon,Eli Raridon,zoneCover,0,5
Eli Raridon,Eli Raridon,catching,87,82
Eli Raridon,Eli Raridon,routeRun,84,79
Cody Lindenberg,Cody Lindenberg,position,MLB,OLB
Cody Lindenberg,Cody Lindenberg,rating,71,63
Cody Lindenberg,Cody Lindenberg,speed,86,82
Cody Lindenberg,Cody Lindenberg,power,85,80
Cody Lindenberg,Cody Lindenberg,agility,76,79
Cody Lindenberg,Cody Lindenberg,burst,74,79
Cody Lindenberg,Cody Lindenberg,intelligence,74,69
Cody Lindenberg,Cody Lindenberg,tackle,79,77
Cody Lindenberg,Cody Lindenberg,manCover,74,69
Cody Lindenberg,Cody Lindenberg,zoneCover,78,73
Cody Lindenberg,Cody Lindenberg,catching,0,5
Cody Lindenberg,Cody Lindenberg,routeRun,0,5
Isaiah McDuffie,Isaiah McDuffie,position,MLB,OLB
Isaiah McDuffie,Isaiah McDuffie,rating,69,78
Isaiah McDuffie,Isaiah McDuffie,speed,79,84
Isaiah McDuffie,Isaiah McDuffie,power,81,76
Isaiah McDuffie,Isaiah McDuffie,agility,79,75
Isaiah McDuffie,Isaiah McDuffie,burst,83,88
Isaiah McDuffie,Isaiah McDuffie,intelligence,77,76
Isaiah McDuffie,Isaiah McDuffie,tackle,81,86
Isaiah McDuffie,Isaiah McDuffie,manCover,72,70
Isaiah McDuffie,Isaiah McDuffie,zoneCover,82,77
Isaiah McDuffie,Isaiah McDuffie,catching,0,5
Isaiah McDuffie,Isaiah McDuffie,routeRun,0,5
Arden Key,Arden Key,position,OLB,DE
Arden Key,Arden Key,rating,84,75
Arden Key,Arden Key,power,82,79
Arden Key,Arden Key,agility,90,85
Arden Key,Arden Key,burst,84,79
Arden Key,Arden Key,intelligence,91,86
Arden Key,Arden Key,tackle,91,86
Arden Key,Arden Key,manCover,0,5
Arden Key,Arden Key,zoneCover,0,5
Arden Key,Arden Key,catching,0,5
Arden Key,Arden Key,routeRun,0,5
Logan Hall,Logan Hall,position,DE,DT
Logan Hall,Logan Hall,rating,65,74
Logan Hall,Logan Hall,speed,71,76
Logan Hall,Logan Hall,power,68,73
Logan Hall,Logan Hall,agility,82,77
Logan Hall,Logan Hall,burst,74,79
Logan Hall,Logan Hall,intelligence,68,73
Logan Hall,Logan Hall,tackle,72,77
Logan Hall,Logan Hall,manCover,0,5
Logan Hall,Logan Hall,zoneCover,0,5
Logan Hall,Logan Hall,catching,0,5
Logan Hall,Logan Hall,routeRun,0,5
Brenen Thompson,Brenen Thompson,teamID,Rookie,LAC
Brenen Thompson,Brenen Thompson,rating,85,72
Brenen Thompson,Brenen Thompson,speed,89,94
Brenen Thompson,Brenen Thompson,power,88,83
Brenen Thompson,Brenen Thompson,agility,77,82
Brenen Thompson,Brenen Thompson,burst,81,86
Brenen Thompson,Brenen Thompson,intelligence,69,64
Brenen Thompson,Brenen Thompson,tackle,0,5
Brenen Thompson,Brenen Thompson,manCover,0,5
Brenen Thompson,Brenen Thompson,zoneCover,0,5
Brenen Thompson,Brenen Thompson,catching,87,82
Brenen Thompson,Brenen Thompson,routeRun,63,68
Michael Taaffe,Michael Taaffe,teamID,Rookie,MIA
Michael Taaffe,Michael Taaffe,rating,83,70
Michael Taaffe,Michael Taaffe,speed,81,86
Michael Taaffe,Michael Taaffe,power,91,86
Michael Taaffe,Michael Taaffe,agility,83,88
Michael Taaffe,Michael Taaffe,burst,92,91
Michael Taaffe,Michael Taaffe,intelligence,76,71
Michael Taaffe,Michael Taaffe,tackle,74,69
Michael Taaffe,Michael Taaffe,manCover,80,75
Michael Taaffe,Michael Taaffe,zoneCover,65,70
Michael Taaffe,Michael Taaffe,catching,0,5
Michael Taaffe,Michael Taaffe,routeRun,0,5
Elijah Roberts,Elijah Roberts,position,DE,DT
Elijah Roberts,Elijah Roberts,rating,61,70
Elijah Roberts,Elijah Roberts,speed,90,85
Elijah Roberts,Elijah Roberts,power,77,82
Elijah Roberts,Elijah Roberts,agility,84,79
Elijah Roberts,Elijah Roberts,burst,84,83
Elijah Roberts,Elijah Roberts,intelligence,74,69
Elijah Roberts,Elijah Roberts,tackle,77,79
Elijah Roberts,Elijah Roberts,manCover,0,5
Elijah Roberts,Elijah Roberts,zoneCover,0,5
Elijah Roberts,Elijah Roberts,catching,0,5
Elijah Roberts,Elijah Roberts,routeRun,0,5
Jack Kiser,Jack Kiser,position,OLB,MLB
Jack Kiser,Jack Kiser,rating,61,67
Jack Kiser,Jack Kiser,speed,73,78
Jack Kiser,Jack Kiser,power,68,70
Jack Kiser,Jack Kiser,agility,70,75
Jack Kiser,Jack Kiser,burst,75,80
Jack Kiser,Jack Kiser,intelligence,75,70
Jack Kiser,Jack Kiser,tackle,84,81
Jack Kiser,Jack Kiser,manCover,0,5
Jack Kiser,Jack Kiser,zoneCover,0,5
Jack Kiser,Jack Kiser,catching,0,5
Jack Kiser,Jack Kiser,routeRun,0,5
Drew Kendall,Drew Kendall,position,C,OG
Drew Kendall,Drew Kendall,rating,75,66
Drew Kendall,Drew Kendall,speed,81,76
Drew Kendall,Drew Kendall,power,90,85
Drew Kendall,Drew Kendall,agility,93,88
Drew Kendall,Drew Kendall,burst,88,83
Drew Kendall,Drew Kendall,intelligence,79,76
Drew Kendall,Drew Kendall,tackle,0,5
Drew Kendall,Drew Kendall,manCover,0,5
Drew Kendall,Drew Kendall,zoneCover,0,5
Drew Kendall,Drew Kendall,catching,0,5
Drew Kendall,Drew Kendall,routeRun,0,5
John Williams,John Williams,position,OG,OT
John Williams,John Williams,rating,71,62
John Williams,John Williams,speed,82,77
John Williams,John Williams,power,76,81
John Williams,John Williams,agility,76,71
John Williams,John Williams,burst,76,71
John Williams,John Williams,intelligence,71,66
John Williams,John Williams,tackle,0,5
John Williams,John Williams,manCover,0,5
John Williams,John Williams,zoneCover,0,5
John Williams,John Williams,catching,0,5
John Williams,John Williams,routeRun,0,5
Josh Sweat,Josh Sweat,position,OLB,DE
Josh Sweat,Josh Sweat,rating,75,85
Josh Sweat,Josh Sweat,speed,77,82
Josh Sweat,Josh Sweat,power,95,90
Josh Sweat,Josh Sweat,agility,79,82
Josh Sweat,Josh Sweat,burst,84,89
Josh Sweat,Josh Sweat,intelligence,78,83
Josh Sweat,Josh Sweat,tackle,79,84
Josh Sweat,Josh Sweat,manCover,0,5
Josh Sweat,Josh Sweat,zoneCover,0,5
Josh Sweat,Josh Sweat,catching,0,5
Josh Sweat,Josh Sweat,routeRun,0,5
Jalen Redmond,Jalen Redmond,position,DE,DT
Jalen Redmond,Jalen Redmond,rating,70,80
Jalen Redmond,Jalen Redmond,speed,84,79
Jalen Redmond,Jalen Redmond,power,76,81
Jalen Redmond,Jalen Redmond,burst,82,85
Jalen Redmond,Jalen Redmond,intelligence,82,80
Jalen Redmond,Jalen Redmond,tackle,81,86
Jalen Redmond,Jalen Redmond,manCover,0,5
Jalen Redmond,Jalen Redmond,zoneCover,0,5
Jalen Redmond,Jalen Redmond,catching,0,5
Jalen Redmond,Jalen Redmond,routeRun,0,5
Jonah Elliss,Jonah Elliss,position,OLB,DE
Jonah Elliss,Jonah Elliss,rating,63,73
Jonah Elliss,Jonah Elliss,speed,90,85
Jonah Elliss,Jonah Elliss,power,69,74
Jonah Elliss,Jonah Elliss,agility,83,82
Jonah Elliss,Jonah Elliss,burst,76,81
Jonah Elliss,Jonah Elliss,intelligence,78,76
Jonah Elliss,Jonah Elliss,tackle,72,77
Jonah Elliss,Jonah Elliss,manCover,0,5
Jonah Elliss,Jonah Elliss,zoneCover,0,5
Jonah Elliss,Jonah Elliss,catching,0,5
Jonah Elliss,Jonah Elliss,routeRun,0,5
Jordan Morgan,Jordan Morgan,position,OG,OT
Jordan Morgan,Jordan Morgan,rating,62,72
Jordan Morgan,Jordan Morgan,speed,82,77
Jordan Morgan,Jordan Morgan,power,73,78
Jordan Morgan,Jordan Morgan,agility,93,88
Jordan Morgan,Jordan Morgan,intelligence,71,76
Jordan Morgan,Jordan Morgan,tackle,0,5
Jordan Morgan,Jordan Morgan,manCover,0,5
Jordan Morgan,Jordan Morgan,zoneCover,0,5
Jordan Morgan,Jordan Morgan,catching,0,5
Jordan Morgan,Jordan Morgan,routeRun,0,5
Brennan Jackson,Brennan Jackson,position,OLB,DE
Brennan Jackson,Brennan Jackson,rating,63,70
Brennan Jackson,Brennan Jackson,speed,87,83
Brennan Jackson,Brennan Jackson,power,74,79
Brennan Jackson,Brennan Jackson,agility,71,70
Brennan Jackson,Brennan Jackson,burst,70,75
Brennan Jackson,Brennan Jackson,intelligence,83,78
Brennan Jackson,Brennan Jackson,tackle,81,78
Brennan Jackson,Brennan Jackson,manCover,0,5
Brennan Jackson,Brennan Jackson,zoneCover,0,5
Brennan Jackson,Brennan Jackson,catching,0,5
Brennan Jackson,Brennan Jackson,routeRun,0,5
Keith Abney II,Keith Abney II,teamID,Rookie,DET
Keith Abney II,Keith Abney II,rating,85,68
Keith Abney II,Keith Abney II,speed,90,91
Keith Abney II,Keith Abney II,power,63,58
Keith Abney II,Keith Abney II,agility,64,69
Keith Abney II,Keith Abney II,burst,89,91
Keith Abney II,Keith Abney II,intelligence,88,83
Keith Abney II,Keith Abney II,tackle,85,80
Keith Abney II,Keith Abney II,manCover,74,71
Keith Abney II,Keith Abney II,zoneCover,92,87
Keith Abney II,Keith Abney II,catching,0,5
Keith Abney II,Keith Abney II,routeRun,0,5
Milton Williams,Milton Williams,position,DE,DT
Milton Williams,Milton Williams,rating,75,86
Milton Williams,Milton Williams,speed,85,82
Milton Williams,Milton Williams,power,82,87
Milton Williams,Milton Williams,agility,75,80
Milton Williams,Milton Williams,burst,77,82
Milton Williams,Milton Williams,intelligence,82,87
Milton Williams,Milton Williams,tackle,78,83
Milton Williams,Milton Williams,manCover,0,5
Milton Williams,Milton Williams,zoneCover,0,5
Milton Williams,Milton Williams,catching,0,5
Milton Williams,Milton Williams,routeRun,0,5
Harold Landry III,Harold Landry III,position,OLB,DE
Harold Landry III,Harold Landry III,rating,71,82
Harold Landry III,Harold Landry III,speed,92,87
Harold Landry III,Harold Landry III,agility,78,83
Harold Landry III,Harold Landry III,burst,85,87
Harold Landry III,Harold Landry III,intelligence,84,87
Harold Landry III,Harold Landry III,tackle,84,87
Harold Landry III,Harold Landry III,manCover,0,5
Harold Landry III,Harold Landry III,zoneCover,0,5
Harold Landry III,Harold Landry III,catching,0,5
Harold Landry III,Harold Landry III,routeRun,0,5
Tuli Tuipulotu,Tuli Tuipulotu,position,OLB,DE
Tuli Tuipulotu,Tuli Tuipulotu,rating,86,78
Tuli Tuipulotu,Tuli Tuipulotu,speed,81,77
Tuli Tuipulotu,Tuli Tuipulotu,power,87,88
Tuli Tuipulotu,Tuli Tuipulotu,agility,90,85
Tuli Tuipulotu,Tuli Tuipulotu,burst,79,83
Tuli Tuipulotu,Tuli Tuipulotu,intelligence,95,90
Tuli Tuipulotu,Tuli Tuipulotu,tackle,83,78
Tuli Tuipulotu,Tuli Tuipulotu,manCover,0,5
Tuli Tuipulotu,Tuli Tuipulotu,zoneCover,0,5
Tuli Tuipulotu,Tuli Tuipulotu,catching,0,5
Tuli Tuipulotu,Tuli Tuipulotu,routeRun,0,5
Eric Wilson,Eric Wilson,position,MLB,OLB
Eric Wilson,Eric Wilson,rating,69,77
Eric Wilson,Eric Wilson,speed,73,78
Eric Wilson,Eric Wilson,power,76,77
Eric Wilson,Eric Wilson,agility,83,82
Eric Wilson,Eric Wilson,burst,74,79
Eric Wilson,Eric Wilson,intelligence,84,80
Eric Wilson,Eric Wilson,tackle,77,82
Eric Wilson,Eric Wilson,manCover,75,70
Eric Wilson,Eric Wilson,zoneCover,78,73
Eric Wilson,Eric Wilson,catching,0,5
Eric Wilson,Eric Wilson,routeRun,0,5
Payton Wilson,Payton Wilson,position,MLB,OLB
Payton Wilson,Payton Wilson,rating,64,75
Payton Wilson,Payton Wilson,power,74,69
Payton Wilson,Payton Wilson,agility,88,87
Payton Wilson,Payton Wilson,burst,85,90
Payton Wilson,Payton Wilson,intelligence,88,83
Payton Wilson,Payton Wilson,tackle,69,74
Payton Wilson,Payton Wilson,manCover,83,78
Payton Wilson,Payton Wilson,zoneCover,78,73
Payton Wilson,Payton Wilson,catching,0,5
Payton Wilson,Payton Wilson,routeRun,0,5
Christian Rozeboom,Christian Rozeboom,position,MLB,OLB
Christian Rozeboom,Christian Rozeboom,rating,62,73
Christian Rozeboom,Christian Rozeboom,speed,90,85
Christian Rozeboom,Christian Rozeboom,power,70,67
Christian Rozeboom,Christian Rozeboom,agility,79,77
Christian Rozeboom,Christian Rozeboom,burst,83,85
Christian Rozeboom,Christian Rozeboom,tackle,89,84
Christian Rozeboom,Christian Rozeboom,manCover,88,83
Christian Rozeboom,Christian Rozeboom,zoneCover,77,72
Christian Rozeboom,Christian Rozeboom,catching,0,5
Christian Rozeboom,Christian Rozeboom,routeRun,0,5
Reggie Gilliam,Reggie Gilliam,teamID,Free Agent,NE
Reggie Gilliam,Reggie Gilliam,rating,61,83
Reggie Gilliam,Reggie Gilliam,speed,77,82
Reggie Gilliam,Reggie Gilliam,power,75,80
Reggie Gilliam,Reggie Gilliam,agility,70,75
Reggie Gilliam,Reggie Gilliam,burst,76,81
Reggie Gilliam,Reggie Gilliam,intelligence,73,78
Reggie Gilliam,Reggie Gilliam,tackle,0,5
Reggie Gilliam,Reggie Gilliam,manCover,0,5
Reggie Gilliam,Reggie Gilliam,zoneCover,0,5
Reggie Gilliam,Reggie Gilliam,catching,77,74
Reggie Gilliam,Reggie Gilliam,routeRun,73,68
Elijah Molden,Elijah Molden,position,CB,S
Elijah Molden,Elijah Molden,rating,67,79
Elijah Molden,Elijah Molden,speed,74,79
Elijah Molden,Elijah Molden,power,78,73
Elijah Molden,Elijah Molden,agility,80,83
Elijah Molden,Elijah Molden,burst,85,90
Elijah Molden,Elijah Molden,intelligence,75,80
Elijah Molden,Elijah Molden,tackle,81,76
Elijah Molden,Elijah Molden,manCover,70,75
Elijah Molden,Elijah Molden,zoneCover,81,78
Elijah Molden,Elijah Molden,catching,0,5
Elijah Molden,Elijah Molden,routeRun,0,5
Fernando Mendoza,Fernando Mendoza,teamID,Rookie,LV
Fernando Mendoza,Fernando Mendoza,rating,89,73
Fernando Mendoza,Fernando Mendoza,speed,77,82
Fernando Mendoza,Fernando Mendoza,power,80,75
Fernando Mendoza,Fernando Mendoza,agility,81,84
Fernando Mendoza,Fernando Mendoza,intelligence,81,76
Fernando Mendoza,Fernando Mendoza,tackle,0,5
Fernando Mendoza,Fernando Mendoza,manCover,0,5
Fernando Mendoza,Fernando Mendoza,zoneCover,0,5
Fernando Mendoza,Fernando Mendoza,catching,0,5
Fernando Mendoza,Fernando Mendoza,routeRun,0,5
Kaelon Black,Kaelon Black,teamID,Rookie,SF
Kaelon Black,Kaelon Black,rating,89,73
Kaelon Black,Kaelon Black,speed,83,88
Kaelon Black,Kaelon Black,power,64,69
Kaelon Black,Kaelon Black,agility,81,83
Kaelon Black,Kaelon Black,burst,88,93
Kaelon Black,Kaelon Black,intelligence,77,74
Kaelon Black,Kaelon Black,tackle,0,5
Kaelon Black,Kaelon Black,manCover,0,5
Kaelon Black,Kaelon Black,zoneCover,0,5
Kaelon Black,Kaelon Black,catching,80,75
Kaelon Black,Kaelon Black,routeRun,92,87
Chris Brazzell II,Chris Brazzell II,teamID,Rookie,CAR
Chris Brazzell II,Chris Brazzell II,rating,91,72
Chris Brazzell II,Chris Brazzell II,speed,80,85
Chris Brazzell II,Chris Brazzell II,power,66,61
Chris Brazzell II,Chris Brazzell II,agility,61,66
Chris Brazzell II,Chris Brazzell II,burst,81,86
Chris Brazzell II,Chris Brazzell II,intelligence,71,66
Chris Brazzell II,Chris Brazzell II,tackle,0,5
Chris Brazzell II,Chris Brazzell II,manCover,0,5
Chris Brazzell II,Chris Brazzell II,zoneCover,0,5
Chris Brazzell II,Chris Brazzell II,catching,75,79
Chris Brazzell II,Chris Brazzell II,routeRun,83,78
Blake Brandel,Blake Brandel,position,OG,C
Blake Brandel,Blake Brandel,rating,59,71
Blake Brandel,Blake Brandel,speed,77,72
Blake Brandel,Blake Brandel,power,70,75
Blake Brandel,Blake Brandel,agility,80,75
Blake Brandel,Blake Brandel,burst,87,82
Blake Brandel,Blake Brandel,intelligence,86,81
Blake Brandel,Blake Brandel,tackle,0,5
Blake Brandel,Blake Brandel,manCover,0,5
Blake Brandel,Blake Brandel,zoneCover,0,5
Blake Brandel,Blake Brandel,catching,0,5
Blake Brandel,Blake Brandel,routeRun,0,5
Drew Allar,Drew Allar,teamID,Rookie,PIT
Drew Allar,Drew Allar,rating,88,69
Drew Allar,Drew Allar,speed,83,80
Drew Allar,Drew Allar,power,78,73
Drew Allar,Drew Allar,agility,82,77
Drew Allar,Drew Allar,burst,63,68
Drew Allar,Drew Allar,intelligence,60,65
Drew Allar,Drew Allar,tackle,0,5
Drew Allar,Drew Allar,manCover,0,5
Drew Allar,Drew Allar,zoneCover,0,5
Drew Allar,Drew Allar,catching,0,5
Drew Allar,Drew Allar,routeRun,0,5
Cade Klubnik,Cade Klubnik,teamID,Rookie,NYJ
Cade Klubnik,Cade Klubnik,rating,86,67
Cade Klubnik,Cade Klubnik,speed,68,73
Cade Klubnik,Cade Klubnik,power,58,63
Cade Klubnik,Cade Klubnik,agility,58,63
Cade Klubnik,Cade Klubnik,burst,74,79
Cade Klubnik,Cade Klubnik,intelligence,92,87
Cade Klubnik,Cade Klubnik,tackle,0,5
Cade Klubnik,Cade Klubnik,manCover,0,5
Cade Klubnik,Cade Klubnik,zoneCover,0,5
Cade Klubnik,Cade Klubnik,catching,0,5
Cade Klubnik,Cade Klubnik,routeRun,0,5
Lee Hunter,Lee Hunter,teamID,Rookie,CAR
Lee Hunter,Lee Hunter,rating,88,74
Lee Hunter,Lee Hunter,speed,44,49
Lee Hunter,Lee Hunter,power,80,85
Lee Hunter,Lee Hunter,agility,76,71
Lee Hunter,Lee Hunter,burst,56,61
Lee Hunter,Lee Hunter,intelligence,58,63
Lee Hunter,Lee Hunter,tackle,81,83
Lee Hunter,Lee Hunter,manCover,0,5
Lee Hunter,Lee Hunter,zoneCover,0,5
Lee Hunter,Lee Hunter,catching,0,5
Lee Hunter,Lee Hunter,routeRun,0,5
Caleb Tiernan,Caleb Tiernan,teamID,Rookie,MIN
Caleb Tiernan,Caleb Tiernan,rating,89,72
Caleb Tiernan,Caleb Tiernan,speed,44,49
Caleb Tiernan,Caleb Tiernan,power,83,87
Caleb Tiernan,Caleb Tiernan,agility,67,62
Caleb Tiernan,Caleb Tiernan,burst,54,59
Caleb Tiernan,Caleb Tiernan,intelligence,70,75
Caleb Tiernan,Caleb Tiernan,tackle,0,5
Caleb Tiernan,Caleb Tiernan,manCover,0,5
Caleb Tiernan,Caleb Tiernan,zoneCover,0,5
Caleb Tiernan,Caleb Tiernan,catching,0,5
Caleb Tiernan,Caleb Tiernan,routeRun,0,5
Skyler Bell,Skyler Bell,teamID,Rookie,BUF
Skyler Bell,Skyler Bell,rating,88,71
Skyler Bell,Skyler Bell,power,57,62
Skyler Bell,Skyler Bell,agility,79,84
Skyler Bell,Skyler Bell,burst,92,94
Skyler Bell,Skyler Bell,intelligence,90,85
Skyler Bell,Skyler Bell,tackle,0,5
Skyler Bell,Skyler Bell,manCover,0,5
Skyler Bell,Skyler Bell,zoneCover,0,5
Skyler Bell,Skyler Bell,catching,69,74
Skyler Bell,Skyler Bell,routeRun,84,79
Collin Oliver,Collin Oliver,position,OLB,DE
Collin Oliver,Collin Oliver,rating,80,70
Collin Oliver,Collin Oliver,speed,98,93
Collin Oliver,Collin Oliver,power,85,80
Collin Oliver,Collin Oliver,agility,88,83
Collin Oliver,Collin Oliver,burst,88,91
Collin Oliver,Collin Oliver,intelligence,90,85
Collin Oliver,Collin Oliver,tackle,76,73
Collin Oliver,Collin Oliver,manCover,0,5
Collin Oliver,Collin Oliver,zoneCover,0,5
Collin Oliver,Collin Oliver,catching,0,5
Collin Oliver,Collin Oliver,routeRun,0,5
Eyioma Uwazurike,Eyioma Uwazurike,position,DE,DT
Eyioma Uwazurike,Eyioma Uwazurike,rating,76,69
Eyioma Uwazurike,Eyioma Uwazurike,speed,70,65
Eyioma Uwazurike,Eyioma Uwazurike,power,81,83
Eyioma Uwazurike,Eyioma Uwazurike,agility,82,77
Eyioma Uwazurike,Eyioma Uwazurike,burst,90,85
Eyioma Uwazurike,Eyioma Uwazurike,intelligence,80,75
Eyioma Uwazurike,Eyioma Uwazurike,tackle,73,78
Eyioma Uwazurike,Eyioma Uwazurike,manCover,0,5
Eyioma Uwazurike,Eyioma Uwazurike,zoneCover,0,5
Eyioma Uwazurike,Eyioma Uwazurike,catching,0,5
Eyioma Uwazurike,Eyioma Uwazurike,routeRun,0,5
Josh Cameron,Josh Cameron,teamID,Rookie,JAX
Josh Cameron,Josh Cameron,rating,51,68
Josh Cameron,Josh Cameron,speed,65,70
Josh Cameron,Josh Cameron,power,69,74
Josh Cameron,Josh Cameron,agility,85,83
Josh Cameron,Josh Cameron,burst,70,75
Josh Cameron,Josh Cameron,intelligence,52,57
Josh Cameron,Josh Cameron,tackle,0,5
Josh Cameron,Josh Cameron,manCover,0,5
Josh Cameron,Josh Cameron,zoneCover,0,5
Josh Cameron,Josh Cameron,catching,61,66
Josh Cameron,Josh Cameron,routeRun,62,67
Joe Royer,Joe Royer,teamID,Rookie,CLE
Joe Royer,Joe Royer,rating,77,66
Joe Royer,Joe Royer,speed,65,70
Joe Royer,Joe Royer,power,53,58
Joe Royer,Joe Royer,agility,90,85
Joe Royer,Joe Royer,burst,72,77
Joe Royer,Joe Royer,intelligence,92,87
Joe Royer,Joe Royer,tackle,0,5
Joe Royer,Joe Royer,manCover,0,5
Joe Royer,Joe Royer,zoneCover,0,5
Joe Royer,Joe Royer,catching,92,87
Joe Royer,Joe Royer,routeRun,66,61
Derrick Brown,Derrick Brown,position,DE,DT
Derrick Brown,Derrick Brown,rating,82,96
Derrick Brown,Derrick Brown,speed,91,86
Derrick Brown,Derrick Brown,power,89,94
Derrick Brown,Derrick Brown,agility,93,88
Derrick Brown,Derrick Brown,burst,90,85
Derrick Brown,Derrick Brown,intelligence,94,97
Derrick Brown,Derrick Brown,tackle,79,84
Derrick Brown,Derrick Brown,manCover,0,5
Derrick Brown,Derrick Brown,zoneCover,0,5
Derrick Brown,Derrick Brown,catching,0,5
Derrick Brown,Derrick Brown,routeRun,0,5
Nolan Smith,Nolan Smith Jr,position,OLB,DE
Nolan Smith,Nolan Smith Jr,rating,69,83
Nolan Smith,Nolan Smith Jr,speed,79,84
Nolan Smith,Nolan Smith Jr,power,72,69
Nolan Smith,Nolan Smith Jr,agility,70,75
Nolan Smith,Nolan Smith Jr,burst,79,84
Nolan Smith,Nolan Smith Jr,intelligence,72,77
Nolan Smith,Nolan Smith Jr,tackle,80,85
Nolan Smith,Nolan Smith Jr,manCover,0,5
Nolan Smith,Nolan Smith Jr,zoneCover,0,5
Nolan Smith,Nolan Smith Jr,catching,0,5
Nolan Smith,Nolan Smith Jr,routeRun,0,5
Trent Sieg,Trent Sieg,teamID,Free Agent,DAL
Trent Sieg,Trent Sieg,rating,57,78
Trent Sieg,Trent Sieg,speed,69,74
Trent Sieg,Trent Sieg,power,68,72
Trent Sieg,Trent Sieg,agility,72,75
Trent Sieg,Trent Sieg,burst,83,78
Trent Sieg,Trent Sieg,intelligence,69,68
Trent Sieg,Trent Sieg,tackle,0,5
Trent Sieg,Trent Sieg,manCover,0,5
Trent Sieg,Trent Sieg,zoneCover,0,5
Trent Sieg,Trent Sieg,catching,0,5
Trent Sieg,Trent Sieg,routeRun,0,5
DeMonte Capehart,Demonte Capehart,teamID,Rookie,TB
DeMonte Capehart,Demonte Capehart,rating,85,70
DeMonte Capehart,Demonte Capehart,speed,59,64
DeMonte Capehart,Demonte Capehart,power,73,78
DeMonte Capehart,Demonte Capehart,agility,68,63
DeMonte Capehart,Demonte Capehart,burst,47,52
DeMonte Capehart,Demonte Capehart,intelligence,92,87
DeMonte Capehart,Demonte Capehart,tackle,67,72
DeMonte Capehart,Demonte Capehart,manCover,0,5
DeMonte Capehart,Demonte Capehart,zoneCover,0,5
DeMonte Capehart,Demonte Capehart,catching,0,5
DeMonte Capehart,Demonte Capehart,routeRun,0,5
Que Robinson,Que Robinson,position,OLB,DE
Que Robinson,Que Robinson,rating,83,69
Que Robinson,Que Robinson,speed,79,84
Que Robinson,Que Robinson,power,75,73
Que Robinson,Que Robinson,agility,85,80
Que Robinson,Que Robinson,burst,80,85
Que Robinson,Que Robinson,intelligence,77,72
Que Robinson,Que Robinson,tackle,81,79
Que Robinson,Que Robinson,manCover,0,5
Que Robinson,Que Robinson,zoneCover,0,5
Que Robinson,Que Robinson,catching,0,5
Que Robinson,Que Robinson,routeRun,0,5
Sam Roush,Sam Roush,teamID,Rookie,CHI
Sam Roush,Sam Roush,rating,86,65
Sam Roush,Sam Roush,speed,59,64
Sam Roush,Sam Roush,power,85,80
Sam Roush,Sam Roush,agility,40,45
Sam Roush,Sam Roush,burst,62,67
Sam Roush,Sam Roush,intelligence,89,84
Sam Roush,Sam Roush,tackle,0,5
Sam Roush,Sam Roush,manCover,0,5
Sam Roush,Sam Roush,zoneCover,0,5
Sam Roush,Sam Roush,catching,74,75
Sam Roush,Sam Roush,routeRun,92,87
Andrew Van Ginkel,Andrew Van Ginkel,position,OLB,DE
Andrew Van Ginkel,Andrew Van Ginkel,rating,68,83
Andrew Van Ginkel,Andrew Van Ginkel,speed,77,82
Andrew Van Ginkel,Andrew Van Ginkel,power,78,76
Andrew Van Ginkel,Andrew Van Ginkel,agility,84,81
Andrew Van Ginkel,Andrew Van Ginkel,burst,78,83
Andrew Van Ginkel,Andrew Van Ginkel,intelligence,88,93
Andrew Van Ginkel,Andrew Van Ginkel,tackle,81,82
Andrew Van Ginkel,Andrew Van Ginkel,manCover,0,5
Andrew Van Ginkel,Andrew Van Ginkel,zoneCover,0,5
Andrew Van Ginkel,Andrew Van Ginkel,catching,0,5
Andrew Van Ginkel,Andrew Van Ginkel,routeRun,0,5
Braden Fiske,Braden Fiske,position,DE,DT
Braden Fiske,Braden Fiske,rating,65,80
Braden Fiske,Braden Fiske,speed,84,80
Braden Fiske,Braden Fiske,agility,85,80
Braden Fiske,Braden Fiske,burst,85,82
Braden Fiske,Braden Fiske,intelligence,88,86
Braden Fiske,Braden Fiske,tackle,77,81
Braden Fiske,Braden Fiske,manCover,0,5
Braden Fiske,Braden Fiske,zoneCover,0,5
Braden Fiske,Braden Fiske,catching,0,5
Braden Fiske,Braden Fiske,routeRun,0,5
Austin Corbett,Austin Corbett,position,C,OG
Austin Corbett,Austin Corbett,rating,64,76
Austin Corbett,Austin Corbett,speed,86,81
Austin Corbett,Austin Corbett,power,74,79
Austin Corbett,Austin Corbett,agility,87,82
Austin Corbett,Austin Corbett,burst,77,72
Austin Corbett,Austin Corbett,intelligence,73,78
Austin Corbett,Austin Corbett,tackle,0,5
Austin Corbett,Austin Corbett,manCover,0,5
Austin Corbett,Austin Corbett,zoneCover,0,5
Austin Corbett,Austin Corbett,catching,0,5
Austin Corbett,Austin Corbett,routeRun,0,5
Avonte Maddox,Avonte Maddox,position,CB,S
Avonte Maddox,Avonte Maddox,rating,88,73
Avonte Maddox,Avonte Maddox,speed,85,90
Avonte Maddox,Avonte Maddox,power,80,75
Avonte Maddox,Avonte Maddox,agility,86,91
Avonte Maddox,Avonte Maddox,burst,90,91
Avonte Maddox,Avonte Maddox,intelligence,72,71
Avonte Maddox,Avonte Maddox,tackle,86,81
Avonte Maddox,Avonte Maddox,manCover,85,80
Avonte Maddox,Avonte Maddox,zoneCover,86,81
Avonte Maddox,Avonte Maddox,catching,0,5
Avonte Maddox,Avonte Maddox,routeRun,0,5
Chris Bell,Chris Bell,teamID,Rookie,MIA
Chris Bell,Chris Bell,rating,93,71
Chris Bell,Chris Bell,speed,86,90
Chris Bell,Chris Bell,power,59,64
Chris Bell,Chris Bell,agility,85,86
Chris Bell,Chris Bell,burst,89,92
Chris Bell,Chris Bell,intelligence,65,67
Chris Bell,Chris Bell,tackle,0,5
Chris Bell,Chris Bell,manCover,0,5
Chris Bell,Chris Bell,zoneCover,0,5
Chris Bell,Chris Bell,routeRun,79,74
Oscar Delp,Oscar Delp,teamID,Rookie,NO
Oscar Delp,Oscar Delp,rating,89,67
Oscar Delp,Oscar Delp,speed,73,78
Oscar Delp,Oscar Delp,power,80,75
Oscar Delp,Oscar Delp,agility,74,79
Oscar Delp,Oscar Delp,burst,79,84
Oscar Delp,Oscar Delp,intelligence,83,78
Oscar Delp,Oscar Delp,tackle,0,5
Oscar Delp,Oscar Delp,manCover,0,5
Oscar Delp,Oscar Delp,zoneCover,0,5
Oscar Delp,Oscar Delp,catching,79,81
Oscar Delp,Oscar Delp,routeRun,82,77
Dametrious Crownover,Dametrious Crownover,teamID,Rookie,NE
Dametrious Crownover,Dametrious Crownover,rating,80,67
Dametrious Crownover,Dametrious Crownover,speed,64,68
Dametrious Crownover,Dametrious Crownover,power,78,83
Dametrious Crownover,Dametrious Crownover,agility,60,55
Dametrious Crownover,Dametrious Crownover,burst,45,50
Dametrious Crownover,Dametrious Crownover,intelligence,84,79
Dametrious Crownover,Dametrious Crownover,tackle,0,5
Dametrious Crownover,Dametrious Crownover,manCover,0,5
Dametrious Crownover,Dametrious Crownover,zoneCover,0,5
Dametrious Crownover,Dametrious Crownover,catching,0,5
Dametrious Crownover,Dametrious Crownover,routeRun,0,5
Taylen Green,Taylen Green,teamID,Rookie,CLE
Taylen Green,Taylen Green,rating,84,65
Taylen Green,Taylen Green,speed,75,80
Taylen Green,Taylen Green,power,77,72
Taylen Green,Taylen Green,agility,76,81
Taylen Green,Taylen Green,burst,73,78
Taylen Green,Taylen Green,intelligence,68,63
Taylen Green,Taylen Green,tackle,0,5
Taylen Green,Taylen Green,manCover,0,5
Taylen Green,Taylen Green,zoneCover,0,5
Taylen Green,Taylen Green,catching,0,5
Taylen Green,Taylen Green,routeRun,0,5
D.J. Wonnum,D.J. Wonnum,position,OLB,DE
D.J. Wonnum,D.J. Wonnum,rating,63,76
D.J. Wonnum,D.J. Wonnum,speed,85,81
D.J. Wonnum,D.J. Wonnum,power,90,85
D.J. Wonnum,D.J. Wonnum,agility,80,75
D.J. Wonnum,D.J. Wonnum,burst,79,80
D.J. Wonnum,D.J. Wonnum,intelligence,83,81
D.J. Wonnum,D.J. Wonnum,tackle,76,81
D.J. Wonnum,D.J. Wonnum,manCover,0,5
D.J. Wonnum,D.J. Wonnum,zoneCover,0,5
D.J. Wonnum,D.J. Wonnum,catching,0,5
D.J. Wonnum,D.J. Wonnum,routeRun,0,5
Cole Payton,Cole Payton,teamID,Rookie,PHI
Cole Payton,Cole Payton,rating,88,67
Cole Payton,Cole Payton,speed,61,66
Cole Payton,Cole Payton,power,63,68
Cole Payton,Cole Payton,agility,83,80
Cole Payton,Cole Payton,burst,72,77
Cole Payton,Cole Payton,intelligence,69,64
Cole Payton,Cole Payton,tackle,0,5
Cole Payton,Cole Payton,manCover,0,5
Cole Payton,Cole Payton,zoneCover,0,5
Cole Payton,Cole Payton,catching,0,5
Cole Payton,Cole Payton,routeRun,0,5
Seth McGowan,Seth McGowan,teamID,Rookie,IND
Seth McGowan,Seth McGowan,rating,87,66
Seth McGowan,Seth McGowan,speed,92,89
Seth McGowan,Seth McGowan,power,70,75
Seth McGowan,Seth McGowan,agility,92,87
Seth McGowan,Seth McGowan,burst,91,90
Seth McGowan,Seth McGowan,intelligence,76,71
Seth McGowan,Seth McGowan,tackle,0,5
Seth McGowan,Seth McGowan,manCover,0,5
Seth McGowan,Seth McGowan,zoneCover,0,5
Seth McGowan,Seth McGowan,catching,77,72
Seth McGowan,Seth McGowan,routeRun,92,87
Romello Height,Romello Height,teamID,Rookie,SF
Romello Height,Romello Height,rating,94,75
Romello Height,Romello Height,speed,80,84
Romello Height,Romello Height,power,63,68
Romello Height,Romello Height,agility,55,60
Romello Height,Romello Height,burst,69,74
Romello Height,Romello Height,tackle,65,70
Romello Height,Romello Height,manCover,0,5
Romello Height,Romello Height,zoneCover,0,5
Romello Height,Romello Height,catching,0,5
Romello Height,Romello Height,routeRun,0,5
Marlin Klein,Marlin Klein,teamID,Rookie,HOU
Marlin Klein,Marlin Klein,rating,87,64
Marlin Klein,Marlin Klein,speed,83,85
Marlin Klein,Marlin Klein,power,80,75
Marlin Klein,Marlin Klein,agility,84,80
Marlin Klein,Marlin Klein,burst,87,86
Marlin Klein,Marlin Klein,intelligence,59,58
Marlin Klein,Marlin Klein,tackle,0,5
Marlin Klein,Marlin Klein,manCover,0,5
Marlin Klein,Marlin Klein,zoneCover,0,5
Marlin Klein,Marlin Klein,catching,76,73
Marlin Klein,Marlin Klein,routeRun,76,71
Dallen Bentley,Dallen Bentley,teamID,Rookie,DEN
Dallen Bentley,Dallen Bentley,rating,80,63
Dallen Bentley,Dallen Bentley,speed,65,70
Dallen Bentley,Dallen Bentley,power,88,83
Dallen Bentley,Dallen Bentley,agility,57,62
Dallen Bentley,Dallen Bentley,burst,73,78
Dallen Bentley,Dallen Bentley,intelligence,70,65
Dallen Bentley,Dallen Bentley,tackle,0,5
Dallen Bentley,Dallen Bentley,manCover,0,5
Dallen Bentley,Dallen Bentley,zoneCover,0,5
Dallen Bentley,Dallen Bentley,catching,92,87
Dallen Bentley,Dallen Bentley,routeRun,83,78
John Michael Gyllenborg,John Michael Gyllenborg,teamID,Rookie,KC
John Michael Gyllenborg,John Michael Gyllenborg,rating,82,62
John Michael Gyllenborg,John Michael Gyllenborg,speed,67,72
John Michael Gyllenborg,John Michael Gyllenborg,power,84,79
John Michael Gyllenborg,John Michael Gyllenborg,agility,84,79
John Michael Gyllenborg,John Michael Gyllenborg,burst,70,75
John Michael Gyllenborg,John Michael Gyllenborg,intelligence,56,55
John Michael Gyllenborg,John Michael Gyllenborg,tackle,0,5
John Michael Gyllenborg,John Michael Gyllenborg,manCover,0,5
John Michael Gyllenborg,John Michael Gyllenborg,zoneCover,0,5
John Michael Gyllenborg,John Michael Gyllenborg,catching,75,76
John Michael Gyllenborg,John Michael Gyllenborg,routeRun,67,62
Garrett Nussmeier,Garrett Nussmeier,teamID,Rookie,KC
Garrett Nussmeier,Garrett Nussmeier,rating,85,63
Garrett Nussmeier,Garrett Nussmeier,speed,53,58
Garrett Nussmeier,Garrett Nussmeier,power,69,64
Garrett Nussmeier,Garrett Nussmeier,agility,57,62
Garrett Nussmeier,Garrett Nussmeier,burst,58,63
Garrett Nussmeier,Garrett Nussmeier,intelligence,70,65
Garrett Nussmeier,Garrett Nussmeier,tackle,0,5
Garrett Nussmeier,Garrett Nussmeier,manCover,0,5
Garrett Nussmeier,Garrett Nussmeier,zoneCover,0,5
Garrett Nussmeier,Garrett Nussmeier,catching,0,5
Garrett Nussmeier,Garrett Nussmeier,routeRun,0,5
Connor McGovern,Connor McGovern,position,OG,C
Connor McGovern,Connor McGovern,rating,89,81
Connor McGovern,Connor McGovern,speed,82,77
Connor McGovern,Connor McGovern,power,97,92
Connor McGovern,Connor McGovern,agility,85,80
Connor McGovern,Connor McGovern,burst,87,82
Connor McGovern,Connor McGovern,intelligence,81,86
Connor McGovern,Connor McGovern,tackle,0,5
Connor McGovern,Connor McGovern,manCover,0,5
Connor McGovern,Connor McGovern,zoneCover,0,5
Connor McGovern,Connor McGovern,catching,0,5
Connor McGovern,Connor McGovern,routeRun,0,5
Calijah Kancey,Calijah Kancey,position,DE,DT
Calijah Kancey,Calijah Kancey,rating,54,77
Calijah Kancey,Calijah Kancey,speed,80,83
Calijah Kancey,Calijah Kancey,power,85,84
Calijah Kancey,Calijah Kancey,agility,81,82
Calijah Kancey,Calijah Kancey,burst,83,88
Calijah Kancey,Calijah Kancey,intelligence,77,76
Calijah Kancey,Calijah Kancey,tackle,76,81
Calijah Kancey,Calijah Kancey,manCover,0,5
Calijah Kancey,Calijah Kancey,zoneCover,0,5
Calijah Kancey,Calijah Kancey,catching,0,5
Calijah Kancey,Calijah Kancey,routeRun,0,5
John Franklin-Myers,John Franklin-Myers,position,DE,DT
John Franklin-Myers,John Franklin-Myers,rating,59,80
John Franklin-Myers,John Franklin-Myers,speed,84,79
John Franklin-Myers,John Franklin-Myers,power,93,90
John Franklin-Myers,John Franklin-Myers,agility,77,72
John Franklin-Myers,John Franklin-Myers,burst,84,79
John Franklin-Myers,John Franklin-Myers,tackle,85,82
John Franklin-Myers,John Franklin-Myers,manCover,0,5
John Franklin-Myers,John Franklin-Myers,zoneCover,0,5
John Franklin-Myers,John Franklin-Myers,catching,0,5
John Franklin-Myers,John Franklin-Myers,routeRun,0,5
Darius Robinson,Darius Robinson,position,DE,DT
Darius Robinson,Darius Robinson,rating,49,70
Darius Robinson,Darius Robinson,speed,77,74
Darius Robinson,Darius Robinson,power,91,87
Darius Robinson,Darius Robinson,burst,74,77
Darius Robinson,Darius Robinson,intelligence,85,80
Darius Robinson,Darius Robinson,tackle,76,78
Darius Robinson,Darius Robinson,manCover,0,5
Darius Robinson,Darius Robinson,zoneCover,0,5
Darius Robinson,Darius Robinson,catching,0,5
Darius Robinson,Darius Robinson,routeRun,0,5
Jalen Ramsey,Jalen Ramsey,position,CB,S
Jalen Ramsey,Jalen Ramsey,rating,68,90
Jalen Ramsey,Jalen Ramsey,speed,85,90
Jalen Ramsey,Jalen Ramsey,power,79,74
Jalen Ramsey,Jalen Ramsey,agility,90,89
Jalen Ramsey,Jalen Ramsey,tackle,82,78
Jalen Ramsey,Jalen Ramsey,manCover,80,85
Jalen Ramsey,Jalen Ramsey,zoneCover,92,87
Jalen Ramsey,Jalen Ramsey,catching,0,5
Jalen Ramsey,Jalen Ramsey,routeRun,0,5
Dondrea Tillman,Dondrea Tillman,teamID,Free Agent,DEN
Dondrea Tillman,Dondrea Tillman,position,OLB,DE
Dondrea Tillman,Dondrea Tillman,speed,67,72
Dondrea Tillman,Dondrea Tillman,power,74,77
Dondrea Tillman,Dondrea Tillman,agility,75,72
Dondrea Tillman,Dondrea Tillman,burst,77,79
Dondrea Tillman,Dondrea Tillman,tackle,90,85
Dondrea Tillman,Dondrea Tillman,manCover,0,5
Dondrea Tillman,Dondrea Tillman,zoneCover,0,5
Dondrea Tillman,Dondrea Tillman,catching,0,5
Dondrea Tillman,Dondrea Tillman,routeRun,0,5
Jordan Jackson,Jordan Jackson,teamID,Free Agent,DEN
Jordan Jackson,Jordan Jackson,position,DE,DT
Jordan Jackson,Jordan Jackson,speed,70,73
Jordan Jackson,Jordan Jackson,agility,76,75
Jordan Jackson,Jordan Jackson,burst,76,73
Jordan Jackson,Jordan Jackson,intelligence,72,67
Jordan Jackson,Jordan Jackson,tackle,71,76
Jordan Jackson,Jordan Jackson,manCover,0,5
Jordan Jackson,Jordan Jackson,zoneCover,0,5
Jordan Jackson,Jordan Jackson,catching,0,5
Jordan Jackson,Jordan Jackson,routeRun,0,5
Jacob Hummel,Jacob Hummel,teamID,Free Agent,HOU
Jacob Hummel,Jacob Hummel,position,MLB,OLB
Jacob Hummel,Jacob Hummel,speed,77,82
Jacob Hummel,Jacob Hummel,power,75,70
Jacob Hummel,Jacob Hummel,agility,76,81
Jacob Hummel,Jacob Hummel,burst,70,75
Jacob Hummel,Jacob Hummel,intelligence,79,74
Jacob Hummel,Jacob Hummel,tackle,83,78
Jacob Hummel,Jacob Hummel,manCover,74,69
Jacob Hummel,Jacob Hummel,zoneCover,82,77
Jacob Hummel,Jacob Hummel,catching,0,5
Jacob Hummel,Jacob Hummel,routeRun,0,5
Jarrett Kingston,Jarrett Kingston,teamID,HOU,MIA
Jarrett Kingston,Jarrett Kingston,position,OT,OG
Jarrett Kingston,Jarrett Kingston,rating,68,67
Jarrett Kingston,Jarrett Kingston,speed,81,76
Jarrett Kingston,Jarrett Kingston,power,79,84
Jarrett Kingston,Jarrett Kingston,agility,83,78
Jarrett Kingston,Jarrett Kingston,burst,73,77
Jarrett Kingston,Jarrett Kingston,intelligence,79,74
Jarrett Kingston,Jarrett Kingston,tackle,0,5
Jarrett Kingston,Jarrett Kingston,manCover,0,5
Jarrett Kingston,Jarrett Kingston,zoneCover,0,5
Jarrett Kingston,Jarrett Kingston,catching,0,5
Jarrett Kingston,Jarrett Kingston,routeRun,0,5
Isaiah Stalbird,Isaiah Stalbird,teamID,Free Agent,NO
Isaiah Stalbird,Isaiah Stalbird,position,MLB,OLB
Isaiah Stalbird,Isaiah Stalbird,rating,66,65
Isaiah Stalbird,Isaiah Stalbird,speed,76,81
Isaiah Stalbird,Isaiah Stalbird,power,72,67
Isaiah Stalbird,Isaiah Stalbird,agility,73,76
Isaiah Stalbird,Isaiah Stalbird,burst,67,72
Isaiah Stalbird,Isaiah Stalbird,intelligence,90,85
Isaiah Stalbird,Isaiah Stalbird,manCover,74,69
Isaiah Stalbird,Isaiah Stalbird,zoneCover,86,81
Isaiah Stalbird,Isaiah Stalbird,catching,0,5
Isaiah Stalbird,Isaiah Stalbird,routeRun,0,5
Connor O'Toole,Connor O'Toole,teamID,Free Agent,SEA
Connor O'Toole,Connor O'Toole,position,OLB,DE
Connor O'Toole,Connor O'Toole,rating,65,64
Connor O'Toole,Connor O'Toole,speed,81,84
Connor O'Toole,Connor O'Toole,power,82,81
Connor O'Toole,Connor O'Toole,agility,69,74
Connor O'Toole,Connor O'Toole,burst,78,83
Connor O'Toole,Connor O'Toole,intelligence,77,72
Connor O'Toole,Connor O'Toole,tackle,82,78
Connor O'Toole,Connor O'Toole,manCover,0,5
Connor O'Toole,Connor O'Toole,zoneCover,0,5
Connor O'Toole,Connor O'Toole,catching,0,5
Connor O'Toole,Connor O'Toole,routeRun,0,5
Keir Thomas,Keir Thomas II,teamID,Free Agent,LAR
Keir Thomas,Keir Thomas II,position,OLB,DE
Keir Thomas,Keir Thomas II,rating,63,62
Keir Thomas,Keir Thomas II,speed,88,83
Keir Thomas,Keir Thomas II,power,74,75
Keir Thomas,Keir Thomas II,agility,80,75
Keir Thomas,Keir Thomas II,burst,68,73
Keir Thomas,Keir Thomas II,intelligence,79,74
Keir Thomas,Keir Thomas II,tackle,69,74
Keir Thomas,Keir Thomas II,manCover,0,5
Keir Thomas,Keir Thomas II,zoneCover,0,5
Keir Thomas,Keir Thomas II,catching,0,5
Keir Thomas,Keir Thomas II,routeRun,0,5
Spencer Burford,Spencer Burford,teamID,Free Agent,LV
Spencer Burford,Spencer Burford,position,OT,OG
Spencer Burford,Spencer Burford,rating,67,69
Spencer Burford,Spencer Burford,speed,86,81
Spencer Burford,Spencer Burford,power,81,86
Spencer Burford,Spencer Burford,agility,78,73
Spencer Burford,Spencer Burford,burst,78,74
Spencer Burford,Spencer Burford,intelligence,73,76
Spencer Burford,Spencer Burford,tackle,0,5
Spencer Burford,Spencer Burford,manCover,0,5
Spencer Burford,Spencer Burford,zoneCover,0,5
Spencer Burford,Spencer Burford,catching,0,5
Spencer Burford,Spencer Burford,routeRun,0,5
Bo Richter,Bo Richter,teamID,Free Agent,MIN
Bo Richter,Bo Richter,position,OLB,DE
Bo Richter,Bo Richter,rating,67,69
Bo Richter,Bo Richter,speed,80,85
Bo Richter,Bo Richter,power,84,79
Bo Richter,Bo Richter,agility,72,77
Bo Richter,Bo Richter,burst,71,76
Bo Richter,Bo Richter,intelligence,90,85
Bo Richter,Bo Richter,tackle,75,78
Bo Richter,Bo Richter,manCover,0,5
Bo Richter,Bo Richter,zoneCover,0,5
Bo Richter,Bo Richter,catching,0,5
Bo Richter,Bo Richter,routeRun,0,5
Siran Neal,Siran Neal,teamID,Free Agent,SF
Siran Neal,Siran Neal,position,CB,S
Siran Neal,Siran Neal,rating,64,66
Siran Neal,Siran Neal,speed,73,78
Siran Neal,Siran Neal,power,85,80
Siran Neal,Siran Neal,agility,85,80
Siran Neal,Siran Neal,burst,69,74
Siran Neal,Siran Neal,intelligence,87,82
Siran Neal,Siran Neal,tackle,70,68
Siran Neal,Siran Neal,manCover,86,81
Siran Neal,Siran Neal,zoneCover,78,73
Siran Neal,Siran Neal,catching,0,5
Siran Neal,Siran Neal,routeRun,0,5
Trevor Nowaske,Trevor Nowaske,teamID,Free Agent,DET
Trevor Nowaske,Trevor Nowaske,position,MLB,OLB
Trevor Nowaske,Trevor Nowaske,rating,62,64
Trevor Nowaske,Trevor Nowaske,speed,77,82
Trevor Nowaske,Trevor Nowaske,agility,75,80
Trevor Nowaske,Trevor Nowaske,burst,75,80
Trevor Nowaske,Trevor Nowaske,intelligence,77,72
Trevor Nowaske,Trevor Nowaske,tackle,71,74
Trevor Nowaske,Trevor Nowaske,manCover,70,65
Trevor Nowaske,Trevor Nowaske,zoneCover,70,65
Trevor Nowaske,Trevor Nowaske,catching,0,5
Trevor Nowaske,Trevor Nowaske,routeRun,0,5
Eku Leota,Eku Leota,teamID,Free Agent,ARI
Eku Leota,Eku Leota,position,OLB,DE
Eku Leota,Eku Leota,rating,60,62
Eku Leota,Eku Leota,power,73,78
Eku Leota,Eku Leota,agility,75,74
Eku Leota,Eku Leota,burst,86,81
Eku Leota,Eku Leota,intelligence,81,76
Eku Leota,Eku Leota,tackle,79,78
Eku Leota,Eku Leota,manCover,0,5
Eku Leota,Eku Leota,zoneCover,0,5
Eku Leota,Eku Leota,catching,0,5
Eku Leota,Eku Leota,routeRun,0,5
Justin Shorter,Justin Shorter,teamID,Free Agent,LV
Justin Shorter,Justin Shorter,position,TE,WR
Justin Shorter,Justin Shorter,rating,62,60
Justin Shorter,Justin Shorter,speed,74,79
Justin Shorter,Justin Shorter,power,73,69
Justin Shorter,Justin Shorter,agility,79,77
Justin Shorter,Justin Shorter,burst,73,78
Justin Shorter,Justin Shorter,intelligence,78,73
Justin Shorter,Justin Shorter,tackle,0,5
Justin Shorter,Justin Shorter,manCover,0,5
Justin Shorter,Justin Shorter,zoneCover,0,5
Justin Shorter,Justin Shorter,catching,69,74
Justin Shorter,Justin Shorter,routeRun,79,74
Jaylen Harrell,Jaylen Harrell,teamID,Free Agent,TEN
Jaylen Harrell,Jaylen Harrell,position,OLB,DE
Jaylen Harrell,Jaylen Harrell,rating,63,66
Jaylen Harrell,Jaylen Harrell,speed,69,74
Jaylen Harrell,Jaylen Harrell,agility,77,72
Jaylen Harrell,Jaylen Harrell,burst,81,86
Jaylen Harrell,Jaylen Harrell,intelligence,76,71
Jaylen Harrell,Jaylen Harrell,tackle,89,84
Jaylen Harrell,Jaylen Harrell,manCover,0,5
Jaylen Harrell,Jaylen Harrell,zoneCover,0,5
Jaylen Harrell,Jaylen Harrell,catching,0,5
Jaylen Harrell,Jaylen Harrell,routeRun,0,5
Jake Hansen,Jake Hansen,teamID,Free Agent,HOU
Jake Hansen,Jake Hansen,position,OLB,MLB
Jake Hansen,Jake Hansen,rating,60,63
Jake Hansen,Jake Hansen,speed,88,83
Jake Hansen,Jake Hansen,power,68,71
Jake Hansen,Jake Hansen,agility,78,76
Jake Hansen,Jake Hansen,burst,78,83
Jake Hansen,Jake Hansen,intelligence,84,79
Jake Hansen,Jake Hansen,tackle,78,83
Jake Hansen,Jake Hansen,manCover,0,5
Jake Hansen,Jake Hansen,zoneCover,0,5
Jake Hansen,Jake Hansen,catching,0,5
Jake Hansen,Jake Hansen,routeRun,0,5
Jonathan Greenard,Jonathan Greenard,teamID,MIN,PHI
Jonathan Greenard,Jonathan Greenard,position,OLB,DE
Jonathan Greenard,Jonathan Greenard,rating,81,85
Jonathan Greenard,Jonathan Greenard,speed,95,90
Jonathan Greenard,Jonathan Greenard,power,89,84
Jonathan Greenard,Jonathan Greenard,agility,90,85
Jonathan Greenard,Jonathan Greenard,burst,83,87
Jonathan Greenard,Jonathan Greenard,intelligence,89,90
Jonathan Greenard,Jonathan Greenard,tackle,80,83
Jonathan Greenard,Jonathan Greenard,manCover,0,5
Jonathan Greenard,Jonathan Greenard,zoneCover,0,5
Jonathan Greenard,Jonathan Greenard,catching,0,5
Jonathan Greenard,Jonathan Greenard,routeRun,0,5
Anfernee Jennings,Anfernee Jennings,teamID,NE,NO
Anfernee Jennings,Anfernee Jennings,position,OLB,DE
Anfernee Jennings,Anfernee Jennings,rating,81,77
Anfernee Jennings,Anfernee Jennings,speed,91,86
Anfernee Jennings,Anfernee Jennings,power,85,81
Anfernee Jennings,Anfernee Jennings,agility,96,91
Anfernee Jennings,Anfernee Jennings,burst,81,85
Anfernee Jennings,Anfernee Jennings,intelligence,89,84
Anfernee Jennings,Anfernee Jennings,tackle,83,85
Anfernee Jennings,Anfernee Jennings,manCover,0,5
Anfernee Jennings,Anfernee Jennings,zoneCover,0,5
Anfernee Jennings,Anfernee Jennings,catching,0,5
Anfernee Jennings,Anfernee Jennings,routeRun,0,5
Owen Pappoe,Owen Pappoe,teamID,ARI,TEN
Owen Pappoe,Owen Pappoe,position,MLB,OLB
Owen Pappoe,Owen Pappoe,rating,67,68
Owen Pappoe,Owen Pappoe,speed,81,86
Owen Pappoe,Owen Pappoe,power,76,77
Owen Pappoe,Owen Pappoe,agility,74,77
Owen Pappoe,Owen Pappoe,burst,86,91
Owen Pappoe,Owen Pappoe,intelligence,66,65
Owen Pappoe,Owen Pappoe,tackle,78,76
Owen Pappoe,Owen Pappoe,manCover,86,81
Owen Pappoe,Owen Pappoe,zoneCover,79,74
Owen Pappoe,Owen Pappoe,catching,0,5
Owen Pappoe,Owen Pappoe,routeRun,0,5
Matt Henningsen,Matt Henningsen,teamID,Free Agent,DEN
Matt Henningsen,Matt Henningsen,position,DE,DT
Matt Henningsen,Matt Henningsen,rating,64,68
Matt Henningsen,Matt Henningsen,speed,80,75
Matt Henningsen,Matt Henningsen,power,80,82
Matt Henningsen,Matt Henningsen,burst,84,79
Matt Henningsen,Matt Henningsen,intelligence,84,79
Matt Henningsen,Matt Henningsen,tackle,80,79
Matt Henningsen,Matt Henningsen,manCover,0,5
Matt Henningsen,Matt Henningsen,zoneCover,0,5
Matt Henningsen,Matt Henningsen,catching,0,5
Matt Henningsen,Matt Henningsen,routeRun,0,5
Ali Gaye,Ali Gaye,teamID,Free Agent,HOU
Ali Gaye,Ali Gaye,position,OLB,DE
Ali Gaye,Ali Gaye,rating,65,66
Ali Gaye,Ali Gaye,speed,78,82
Ali Gaye,Ali Gaye,power,85,80
Ali Gaye,Ali Gaye,agility,80,78
Ali Gaye,Ali Gaye,burst,75,80
Ali Gaye,Ali Gaye,intelligence,82,77
Ali Gaye,Ali Gaye,tackle,77,75
Ali Gaye,Ali Gaye,manCover,0,5
Ali Gaye,Ali Gaye,zoneCover,0,5
Ali Gaye,Ali Gaye,catching,0,5
Ali Gaye,Ali Gaye,routeRun,0,5
Luke Gifford,Luke Gifford,teamID,Free Agent,SF
Luke Gifford,Luke Gifford,position,MLB,OLB
Luke Gifford,Luke Gifford,rating,62,66
Luke Gifford,Luke Gifford,speed,71,76
Luke Gifford,Luke Gifford,power,81,76
Luke Gifford,Luke Gifford,agility,67,72
Luke Gifford,Luke Gifford,burst,73,78
Luke Gifford,Luke Gifford,intelligence,76,71
Luke Gifford,Luke Gifford,tackle,77,79
Luke Gifford,Luke Gifford,manCover,90,85
Luke Gifford,Luke Gifford,zoneCover,67,62
Luke Gifford,Luke Gifford,catching,0,5
Luke Gifford,Luke Gifford,routeRun,0,5
Jackson Meeks,Jackson Meeks,teamID,Free Agent,DET
Jackson Meeks,Jackson Meeks,position,WR,TE
Jackson Meeks,Jackson Meeks,rating,69,65
Jackson Meeks,Jackson Meeks,speed,83,84
Jackson Meeks,Jackson Meeks,power,73,68
Jackson Meeks,Jackson Meeks,agility,81,82
Jackson Meeks,Jackson Meeks,burst,80,85
Jackson Meeks,Jackson Meeks,intelligence,84,79
Jackson Meeks,Jackson Meeks,tackle,0,5
Jackson Meeks,Jackson Meeks,manCover,0,5
Jackson Meeks,Jackson Meeks,zoneCover,0,5
Jackson Meeks,Jackson Meeks,routeRun,73,68
Von Miller,Von Miller,teamID,Free Agent,DAL
Von Miller,Von Miller,position,OLB,DE
Von Miller,Von Miller,rating,73,78
Von Miller,Von Miller,speed,79,83
Von Miller,Von Miller,power,82,84
Von Miller,Von Miller,agility,77,82
Von Miller,Von Miller,burst,80,83
Von Miller,Von Miller,intelligence,89,84
Von Miller,Von Miller,manCover,0,5
Von Miller,Von Miller,zoneCover,0,5
Von Miller,Von Miller,catching,0,5
Von Miller,Von Miller,routeRun,0,5
Caedan Wallace,Caedan Wallace,teamID,NE,MIA
Caedan Wallace,Caedan Wallace,position,OG,OT
Caedan Wallace,Caedan Wallace,rating,73,68
Caedan Wallace,Caedan Wallace,speed,81,76
Caedan Wallace,Caedan Wallace,power,76,81
Caedan Wallace,Caedan Wallace,agility,76,71
Caedan Wallace,Caedan Wallace,burst,80,76
Caedan Wallace,Caedan Wallace,intelligence,90,85
Caedan Wallace,Caedan Wallace,tackle,0,5
Caedan Wallace,Caedan Wallace,manCover,0,5
Caedan Wallace,Caedan Wallace,zoneCover,0,5
Caedan Wallace,Caedan Wallace,catching,0,5
Caedan Wallace,Caedan Wallace,routeRun,0,5
Winston Reid,Winston Reid,teamID,Free Agent,CLE
Winston Reid,Winston Reid,position,MLB,OLB
Winston Reid,Winston Reid,rating,62,67
Winston Reid,Winston Reid,speed,71,76
Winston Reid,Winston Reid,power,68,73
Winston Reid,Winston Reid,agility,81,76
Winston Reid,Winston Reid,burst,78,83
Winston Reid,Winston Reid,intelligence,83,78
Winston Reid,Winston Reid,tackle,76,79
Winston Reid,Winston Reid,manCover,71,66
Winston Reid,Winston Reid,zoneCover,66,61
Winston Reid,Winston Reid,catching,0,5
Winston Reid,Winston Reid,routeRun,0,5
Chazz Surratt,Chazz Surratt,teamID,Free Agent,SEA
Chazz Surratt,Chazz Surratt,position,MLB,OLB
Chazz Surratt,Chazz Surratt,rating,69,64
Chazz Surratt,Chazz Surratt,speed,78,83
Chazz Surratt,Chazz Surratt,power,85,80
Chazz Surratt,Chazz Surratt,agility,72,77
Chazz Surratt,Chazz Surratt,burst,80,85
Chazz Surratt,Chazz Surratt,intelligence,68,64
Chazz Surratt,Chazz Surratt,manCover,68,63
Chazz Surratt,Chazz Surratt,zoneCover,85,80
Chazz Surratt,Chazz Surratt,catching,0,5
Chazz Surratt,Chazz Surratt,routeRun,0,5
Garret Wallow,Garret Wallow,teamID,Free Agent,SF
Garret Wallow,Garret Wallow,position,MLB,OLB
Garret Wallow,Garret Wallow,rating,58,63
Garret Wallow,Garret Wallow,power,64,69
Garret Wallow,Garret Wallow,agility,76,79
Garret Wallow,Garret Wallow,burst,90,85
Garret Wallow,Garret Wallow,intelligence,64,68
Garret Wallow,Garret Wallow,tackle,71,76
Garret Wallow,Garret Wallow,manCover,82,77
Garret Wallow,Garret Wallow,zoneCover,77,72
Garret Wallow,Garret Wallow,catching,0,5
Garret Wallow,Garret Wallow,routeRun,0,5
Jared Ivey,Jared Ivey,teamID,SEA,ATL
Jared Ivey,Jared Ivey,position,OLB,DE
Jared Ivey,Jared Ivey,rating,54,59
Jared Ivey,Jared Ivey,speed,78,73
Jared Ivey,Jared Ivey,power,76,74
Jared Ivey,Jared Ivey,agility,68,66
Jared Ivey,Jared Ivey,burst,77,72
Jared Ivey,Jared Ivey,intelligence,71,66
Jared Ivey,Jared Ivey,manCover,0,5
Jared Ivey,Jared Ivey,zoneCover,0,5
Jared Ivey,Jared Ivey,catching,0,5
Jared Ivey,Jared Ivey,routeRun,0,5
Jared Verse,Jared Verse,teamID,LAR,CLE
Jared Verse,Jared Verse,position,OLB,DE
Jared Verse,Jared Verse,rating,85,88
Jared Verse,Jared Verse,speed,88,89
Jared Verse,Jared Verse,power,85,90
Jared Verse,Jared Verse,agility,88,83
Jared Verse,Jared Verse,burst,97,92
Jared Verse,Jared Verse,intelligence,84,88
Jared Verse,Jared Verse,tackle,98,93
Jared Verse,Jared Verse,manCover,0,5
Jared Verse,Jared Verse,zoneCover,0,5
Jared Verse,Jared Verse,catching,0,5
Jared Verse,Jared Verse,routeRun,0,5
Dre Greenlaw,Dre Greenlaw,teamID,DEN,SF
Dre Greenlaw,Dre Greenlaw,position,MLB,OLB
Dre Greenlaw,Dre Greenlaw,rating,79,85
Dre Greenlaw,Dre Greenlaw,speed,87,85
Dre Greenlaw,Dre Greenlaw,power,90,85
Dre Greenlaw,Dre Greenlaw,agility,79,80
Dre Greenlaw,Dre Greenlaw,burst,88,86
Dre Greenlaw,Dre Greenlaw,tackle,85,90
Dre Greenlaw,Dre Greenlaw,manCover,80,75
Dre Greenlaw,Dre Greenlaw,zoneCover,81,76
Dre Greenlaw,Dre Greenlaw,catching,0,5
Dre Greenlaw,Dre Greenlaw,routeRun,0,5
CJ Allen,CJ Allen,teamID,Rookie,IND
CJ Allen,CJ Allen,position,OLB,MLB
CJ Allen,CJ Allen,rating,77,74
CJ Allen,CJ Allen,speed,71,76
CJ Allen,CJ Allen,power,87,82
CJ Allen,CJ Allen,agility,85,83
CJ Allen,CJ Allen,burst,71,76
CJ Allen,CJ Allen,intelligence,54,59
CJ Allen,CJ Allen,tackle,75,80
CJ Allen,CJ Allen,manCover,0,5
CJ Allen,CJ Allen,zoneCover,0,5
CJ Allen,CJ Allen,catching,0,5
CJ Allen,CJ Allen,routeRun,0,5
Juice Scruggs,Juice Scruggs,teamID,HOU,DET
Juice Scruggs,Juice Scruggs,position,OG,C
Juice Scruggs,Juice Scruggs,rating,64,70
Juice Scruggs,Juice Scruggs,speed,86,81
Juice Scruggs,Juice Scruggs,power,78,83
Juice Scruggs,Juice Scruggs,agility,84,79
Juice Scruggs,Juice Scruggs,intelligence,83,78
Juice Scruggs,Juice Scruggs,tackle,0,5
Juice Scruggs,Juice Scruggs,manCover,0,5
Juice Scruggs,Juice Scruggs,zoneCover,0,5
Juice Scruggs,Juice Scruggs,catching,0,5
Juice Scruggs,Juice Scruggs,routeRun,0,5
Tony Fields II,Tony Fields II,teamID,Free Agent,CHI
Tony Fields II,Tony Fields II,position,OLB,MLB
Tony Fields II,Tony Fields II,rating,73,67
Tony Fields II,Tony Fields II,speed,75,80
Tony Fields II,Tony Fields II,power,84,79
Tony Fields II,Tony Fields II,agility,75,77
Tony Fields II,Tony Fields II,burst,82,87
Tony Fields II,Tony Fields II,intelligence,77,74
Tony Fields II,Tony Fields II,tackle,75,78
Tony Fields II,Tony Fields II,manCover,0,5
Tony Fields II,Tony Fields II,zoneCover,0,5
Tony Fields II,Tony Fields II,catching,0,5
Tony Fields II,Tony Fields II,routeRun,0,5
Thomas Incoom,Thomas Incoom,teamID,Free Agent,CAR
Thomas Incoom,Thomas Incoom,position,OLB,DE
Thomas Incoom,Thomas Incoom,rating,72,66
Thomas Incoom,Thomas Incoom,speed,74,79
Thomas Incoom,Thomas Incoom,power,83,78
Thomas Incoom,Thomas Incoom,agility,84,79
Thomas Incoom,Thomas Incoom,burst,81,86
Thomas Incoom,Thomas Incoom,intelligence,81,76
Thomas Incoom,Thomas Incoom,tackle,71,76
Thomas Incoom,Thomas Incoom,manCover,0,5
Thomas Incoom,Thomas Incoom,zoneCover,0,5
Thomas Incoom,Thomas Incoom,catching,0,5
Thomas Incoom,Thomas Incoom,routeRun,0,5
Zaire Barnes,Zaire Barnes,teamID,Free Agent,NYG
Zaire Barnes,Zaire Barnes,position,MLB,OLB
Zaire Barnes,Zaire Barnes,rating,68,65
Zaire Barnes,Zaire Barnes,speed,82,87
Zaire Barnes,Zaire Barnes,power,82,77
Zaire Barnes,Zaire Barnes,agility,79,83
Zaire Barnes,Zaire Barnes,burst,81,86
Zaire Barnes,Zaire Barnes,intelligence,85,80
Zaire Barnes,Zaire Barnes,manCover,73,68
Zaire Barnes,Zaire Barnes,zoneCover,82,77
Zaire Barnes,Zaire Barnes,catching,0,5
Zaire Barnes,Zaire Barnes,routeRun,0,5
Corey Bullock,Corey Bullock,teamID,Free Agent,CAR
Corey Bullock,Corey Bullock,position,C,OG
Corey Bullock,Corey Bullock,rating,69,63
Corey Bullock,Corey Bullock,speed,85,80
Corey Bullock,Corey Bullock,power,73,78
Corey Bullock,Corey Bullock,agility,91,86
Corey Bullock,Corey Bullock,burst,68,65
Corey Bullock,Corey Bullock,intelligence,83,78
Corey Bullock,Corey Bullock,tackle,0,5
Corey Bullock,Corey Bullock,manCover,0,5
Corey Bullock,Corey Bullock,zoneCover,0,5
Corey Bullock,Corey Bullock,catching,0,5
Corey Bullock,Corey Bullock,routeRun,0,5
Tyrel Dodson,Tyrel Dodson,teamID,MIA,CAR
Tyrel Dodson,Tyrel Dodson,position,MLB,OLB
Tyrel Dodson,Tyrel Dodson,rating,70,77
Tyrel Dodson,Tyrel Dodson,speed,84,88
Tyrel Dodson,Tyrel Dodson,power,80,75
Tyrel Dodson,Tyrel Dodson,agility,91,86
Tyrel Dodson,Tyrel Dodson,burst,67,72
Tyrel Dodson,Tyrel Dodson,intelligence,74,77
Tyrel Dodson,Tyrel Dodson,tackle,69,74
Tyrel Dodson,Tyrel Dodson,manCover,77,72
Tyrel Dodson,Tyrel Dodson,zoneCover,82,77
Tyrel Dodson,Tyrel Dodson,catching,0,5
Tyrel Dodson,Tyrel Dodson,routeRun,0,5
Kage Casey,Kage Casey,teamID,Rookie,DEN
Kage Casey,Kage Casey,position,OT,OG
Kage Casey,Kage Casey,rating,75,71
Kage Casey,Kage Casey,speed,60,65
Kage Casey,Kage Casey,power,60,65
Kage Casey,Kage Casey,agility,86,81
Kage Casey,Kage Casey,burst,54,59
Kage Casey,Kage Casey,intelligence,84,79
Kage Casey,Kage Casey,tackle,0,5
Kage Casey,Kage Casey,manCover,0,5
Kage Casey,Kage Casey,zoneCover,0,5
Kage Casey,Kage Casey,catching,0,5
Kage Casey,Kage Casey,routeRun,0,5
Claudin Cherelus,Claudin Cherelus,teamID,Free Agent,CAR
Claudin Cherelus,Claudin Cherelus,position,MLB,OLB
Claudin Cherelus,Claudin Cherelus,rating,62,69
Claudin Cherelus,Claudin Cherelus,power,69,70
Claudin Cherelus,Claudin Cherelus,burst,78,83
Claudin Cherelus,Claudin Cherelus,intelligence,71,73
Claudin Cherelus,Claudin Cherelus,tackle,84,81
Claudin Cherelus,Claudin Cherelus,manCover,68,63
Claudin Cherelus,Claudin Cherelus,zoneCover,83,78
Claudin Cherelus,Claudin Cherelus,catching,0,5
Claudin Cherelus,Claudin Cherelus,routeRun,0,5
Jonathan Garvin,Jonathan Garvin,teamID,Free Agent,CHI
Jonathan Garvin,Jonathan Garvin,position,OLB,DE
Jonathan Garvin,Jonathan Garvin,rating,59,66
Jonathan Garvin,Jonathan Garvin,speed,64,69
Jonathan Garvin,Jonathan Garvin,power,84,79
Jonathan Garvin,Jonathan Garvin,agility,75,76
Jonathan Garvin,Jonathan Garvin,burst,84,83
Jonathan Garvin,Jonathan Garvin,tackle,76,78
Jonathan Garvin,Jonathan Garvin,manCover,0,5
Jonathan Garvin,Jonathan Garvin,zoneCover,0,5
Jonathan Garvin,Jonathan Garvin,catching,0,5
Jonathan Garvin,Jonathan Garvin,routeRun,0,5
Nephi Sewell,Nephi Sewell,teamID,Free Agent,CHI
Nephi Sewell,Nephi Sewell,position,MLB,OLB
Nephi Sewell,Nephi Sewell,rating,72,65
Nephi Sewell,Nephi Sewell,speed,71,76
Nephi Sewell,Nephi Sewell,power,84,79
Nephi Sewell,Nephi Sewell,agility,85,83
Nephi Sewell,Nephi Sewell,burst,70,75
Nephi Sewell,Nephi Sewell,intelligence,86,81
Nephi Sewell,Nephi Sewell,tackle,83,80
Nephi Sewell,Nephi Sewell,manCover,75,70
Nephi Sewell,Nephi Sewell,zoneCover,80,75
Nephi Sewell,Nephi Sewell,catching,0,5
Nephi Sewell,Nephi Sewell,routeRun,0,5
Sonny Styles,Sonny Styles,teamID,Rookie,WAS
Sonny Styles,Sonny Styles,position,OLB,MLB
Sonny Styles,Sonny Styles,rating,86,78
Sonny Styles,Sonny Styles,speed,92,90
Sonny Styles,Sonny Styles,power,85,80
Sonny Styles,Sonny Styles,agility,95,90
Sonny Styles,Sonny Styles,burst,87,92
Sonny Styles,Sonny Styles,intelligence,74,78
Sonny Styles,Sonny Styles,tackle,77,82
Sonny Styles,Sonny Styles,manCover,0,5
Sonny Styles,Sonny Styles,zoneCover,0,5
Sonny Styles,Sonny Styles,catching,0,5
Sonny Styles,Sonny Styles,routeRun,0,5
Charles Omenihu,Charles Omenihu,teamID,Free Agent,WAS
Charles Omenihu,Charles Omenihu,position,DE,DT
Charles Omenihu,Charles Omenihu,rating,68,76
Charles Omenihu,Charles Omenihu,speed,76,73
Charles Omenihu,Charles Omenihu,power,72,77
Charles Omenihu,Charles Omenihu,agility,78,77
Charles Omenihu,Charles Omenihu,burst,76,77
Charles Omenihu,Charles Omenihu,intelligence,85,87
Charles Omenihu,Charles Omenihu,tackle,81,78
Charles Omenihu,Charles Omenihu,manCover,0,5
Charles Omenihu,Charles Omenihu,zoneCover,0,5
Charles Omenihu,Charles Omenihu,catching,0,5
Charles Omenihu,Charles Omenihu,routeRun,0,5
K'Lavon Chaisson,K'Lavon Chaisson,teamID,Free Agent,WAS
K'Lavon Chaisson,K'Lavon Chaisson,position,OLB,DE
K'Lavon Chaisson,K'Lavon Chaisson,rating,67,75
K'Lavon Chaisson,K'Lavon Chaisson,speed,84,86
K'Lavon Chaisson,K'Lavon Chaisson,power,79,78
K'Lavon Chaisson,K'Lavon Chaisson,agility,72,77
K'Lavon Chaisson,K'Lavon Chaisson,burst,81,86
K'Lavon Chaisson,K'Lavon Chaisson,intelligence,82,77
K'Lavon Chaisson,K'Lavon Chaisson,tackle,73,77
K'Lavon Chaisson,K'Lavon Chaisson,manCover,0,5
K'Lavon Chaisson,K'Lavon Chaisson,zoneCover,0,5
K'Lavon Chaisson,K'Lavon Chaisson,catching,0,5
K'Lavon Chaisson,K'Lavon Chaisson,routeRun,0,5
Evan Brown,Evan Brown,teamID,ARI,HOU
Evan Brown,Evan Brown,position,OG,C
Evan Brown,Evan Brown,rating,67,72
Evan Brown,Evan Brown,speed,70,68
Evan Brown,Evan Brown,power,79,84
Evan Brown,Evan Brown,agility,78,73
Evan Brown,Evan Brown,burst,79,74
Evan Brown,Evan Brown,intelligence,81,79
Evan Brown,Evan Brown,tackle,0,5
Evan Brown,Evan Brown,manCover,0,5
Evan Brown,Evan Brown,zoneCover,0,5
Evan Brown,Evan Brown,catching,0,5
Evan Brown,Evan Brown,routeRun,0,5
LT Overton,LT Overton,teamID,Rookie,DAL
LT Overton,LT Overton,position,DE,DT
LT Overton,LT Overton,rating,79,71
LT Overton,LT Overton,speed,90,85
LT Overton,LT Overton,power,74,79
LT Overton,LT Overton,agility,59,64
LT Overton,LT Overton,burst,92,87
LT Overton,LT Overton,intelligence,83,78
LT Overton,LT Overton,tackle,92,87
LT Overton,LT Overton,manCover,0,5
LT Overton,LT Overton,zoneCover,0,5
LT Overton,LT Overton,catching,0,5
LT Overton,LT Overton,routeRun,0,5
Jose Ramirez,Jose Ramirez,teamID,Free Agent,NE
Jose Ramirez,Jose Ramirez,position,OLB,DE
Jose Ramirez,Jose Ramirez,rating,59,67
Jose Ramirez,Jose Ramirez,speed,86,81
Jose Ramirez,Jose Ramirez,power,74,71
Jose Ramirez,Jose Ramirez,agility,81,84
Jose Ramirez,Jose Ramirez,burst,72,77
Jose Ramirez,Jose Ramirez,intelligence,73,68
Jose Ramirez,Jose Ramirez,tackle,69,74
Jose Ramirez,Jose Ramirez,manCover,0,5
Jose Ramirez,Jose Ramirez,zoneCover,0,5
Jose Ramirez,Jose Ramirez,catching,0,5
Jose Ramirez,Jose Ramirez,routeRun,0,5
Cooper McDonald,Cooper McDonald,teamID,Free Agent,KC
Cooper McDonald,Cooper McDonald,position,OLB,MLB
Cooper McDonald,Cooper McDonald,rating,72,64
Cooper McDonald,Cooper McDonald,speed,68,73
Cooper McDonald,Cooper McDonald,power,89,84
Cooper McDonald,Cooper McDonald,agility,85,80
Cooper McDonald,Cooper McDonald,burst,69,74
Cooper McDonald,Cooper McDonald,intelligence,87,82
Cooper McDonald,Cooper McDonald,tackle,75,80
Cooper McDonald,Cooper McDonald,manCover,0,5
Cooper McDonald,Cooper McDonald,zoneCover,0,5
Cooper McDonald,Cooper McDonald,catching,0,5
Cooper McDonald,Cooper McDonald,routeRun,0,5
Matt Gulbin,Matt Gulbin,teamID,Rookie,WAS
Matt Gulbin,Matt Gulbin,position,OG,C
Matt Gulbin,Matt Gulbin,rating,69,64
Matt Gulbin,Matt Gulbin,speed,58,63
Matt Gulbin,Matt Gulbin,power,67,72
Matt Gulbin,Matt Gulbin,agility,78,73
Matt Gulbin,Matt Gulbin,burst,63,68
Matt Gulbin,Matt Gulbin,intelligence,49,54
Matt Gulbin,Matt Gulbin,tackle,0,5
Matt Gulbin,Matt Gulbin,manCover,0,5
Matt Gulbin,Matt Gulbin,zoneCover,0,5
Matt Gulbin,Matt Gulbin,catching,0,5
Matt Gulbin,Matt Gulbin,routeRun,0,5
Jacob Bayer,Jacob Bayer,teamID,Free Agent,CIN
Jacob Bayer,Jacob Bayer,position,C,OG
Jacob Bayer,Jacob Bayer,rating,68,63
Jacob Bayer,Jacob Bayer,speed,67,66
Jacob Bayer,Jacob Bayer,agility,68,63
Jacob Bayer,Jacob Bayer,burst,81,76
Jacob Bayer,Jacob Bayer,intelligence,75,70
Jacob Bayer,Jacob Bayer,tackle,0,5
Jacob Bayer,Jacob Bayer,manCover,0,5
Jacob Bayer,Jacob Bayer,zoneCover,0,5
Jacob Bayer,Jacob Bayer,catching,0,5
Jacob Bayer,Jacob Bayer,routeRun,0,5
TeRah Edwards,TeRah Edwards,teamID,LAC,CAR
TeRah Edwards,TeRah Edwards,position,DE,DT
TeRah Edwards,TeRah Edwards,rating,70,62
TeRah Edwards,TeRah Edwards,speed,76,71
TeRah Edwards,TeRah Edwards,power,67,72
TeRah Edwards,TeRah Edwards,agility,86,81
TeRah Edwards,TeRah Edwards,burst,81,76
TeRah Edwards,TeRah Edwards,intelligence,89,84
TeRah Edwards,TeRah Edwards,tackle,64,69
TeRah Edwards,TeRah Edwards,manCover,0,5
TeRah Edwards,TeRah Edwards,zoneCover,0,5
TeRah Edwards,TeRah Edwards,catching,0,5
TeRah Edwards,TeRah Edwards,routeRun,0,5
Austin Barber,Austin Barber,teamID,Rookie,CLE
Austin Barber,Austin Barber,position,C,OG
Austin Barber,Austin Barber,rating,77,74
Austin Barber,Austin Barber,speed,39,44
Austin Barber,Austin Barber,power,68,73
Austin Barber,Austin Barber,agility,65,61
Austin Barber,Austin Barber,burst,47,52
Austin Barber,Austin Barber,intelligence,88,83
Austin Barber,Austin Barber,tackle,0,5
Austin Barber,Austin Barber,manCover,0,5
Austin Barber,Austin Barber,zoneCover,0,5
Austin Barber,Austin Barber,catching,0,5
Austin Barber,Austin Barber,routeRun,0,4
Broderick Washington,Broderick Washington,teamID,Free Agent,BAL
Broderick Washington,Broderick Washington,position,DE,DT
Broderick Washington,Broderick Washington,rating,62,71
Broderick Washington,Broderick Washington,speed,82,77
Broderick Washington,Broderick Washington,power,70,75
Broderick Washington,Broderick Washington,agility,76,71
Broderick Washington,Broderick Washington,burst,77,72
Broderick Washington,Broderick Washington,intelligence,74,76
Broderick Washington,Broderick Washington,tackle,66,71
Broderick Washington,Broderick Washington,manCover,0,5
Broderick Washington,Broderick Washington,zoneCover,0,5
Broderick Washington,Broderick Washington,catching,0,5
Broderick Washington,Broderick Washington,routeRun,0,5
Parker Brailsford,Parker Brailsford,teamID,Rookie,CLE
Parker Brailsford,Parker Brailsford,position,OG,C
Parker Brailsford,Parker Brailsford,rating,73,67
Parker Brailsford,Parker Brailsford,speed,45,50
Parker Brailsford,Parker Brailsford,power,73,78
Parker Brailsford,Parker Brailsford,agility,60,65
Parker Brailsford,Parker Brailsford,burst,49,54
Parker Brailsford,Parker Brailsford,intelligence,88,83
Parker Brailsford,Parker Brailsford,tackle,0,5
Parker Brailsford,Parker Brailsford,manCover,0,5
Parker Brailsford,Parker Brailsford,zoneCover,0,5
Parker Brailsford,Parker Brailsford,catching,0,5
Parker Brailsford,Parker Brailsford,routeRun,0,5
Walter Rouse,Walter Rouse,teamID,MIN,NE
Walter Rouse,Walter Rouse,position,OT,OG
Walter Rouse,Walter Rouse,rating,56,65
Walter Rouse,Walter Rouse,speed,75,70
Walter Rouse,Walter Rouse,power,67,72
Walter Rouse,Walter Rouse,agility,69,64
Walter Rouse,Walter Rouse,burst,73,68
Walter Rouse,Walter Rouse,intelligence,76,71
Walter Rouse,Walter Rouse,tackle,0,5
Walter Rouse,Walter Rouse,manCover,0,5
Walter Rouse,Walter Rouse,zoneCover,0,5
Walter Rouse,Walter Rouse,catching,0,5
Walter Rouse,Walter Rouse,routeRun,0,5
Will Sherman,Will Sherman,teamID,Free Agent,NO
Will Sherman,Will Sherman,position,OG,C
Will Sherman,Will Sherman,rating,66,57
Will Sherman,Will Sherman,speed,81,76
Will Sherman,Will Sherman,power,77,81
Will Sherman,Will Sherman,agility,71,66
Will Sherman,Will Sherman,burst,77,72
Will Sherman,Will Sherman,intelligence,62,66
Will Sherman,Will Sherman,tackle,0,5
Will Sherman,Will Sherman,manCover,0,5
Will Sherman,Will Sherman,zoneCover,0,5
Will Sherman,Will Sherman,catching,0,5
Will Sherman,Will Sherman,routeRun,0,5
Kadyn Proctor,Kadyn Proctor,teamID,Rookie,MIA
Kadyn Proctor,Kadyn Proctor,position,OT,OG
Kadyn Proctor,Kadyn Proctor,rating,88,78
Kadyn Proctor,Kadyn Proctor,speed,71,66
Kadyn Proctor,Kadyn Proctor,power,88,90
Kadyn Proctor,Kadyn Proctor,agility,74,69
Kadyn Proctor,Kadyn Proctor,burst,74,69
Kadyn Proctor,Kadyn Proctor,intelligence,60,65
Kadyn Proctor,Kadyn Proctor,tackle,0,5
Kadyn Proctor,Kadyn Proctor,manCover,0,5
Kadyn Proctor,Kadyn Proctor,zoneCover,0,5
Kadyn Proctor,Kadyn Proctor,catching,0,5
Kadyn Proctor,Kadyn Proctor,routeRun,0,5
Troy Reeder,Troy Reeder,teamID,Free Agent,NYJ
Troy Reeder,Troy Reeder,position,MLB,OLB
Troy Reeder,Troy Reeder,rating,62,69
Troy Reeder,Troy Reeder,speed,92,87
Troy Reeder,Troy Reeder,power,74,77
Troy Reeder,Troy Reeder,agility,87,82
Troy Reeder,Troy Reeder,burst,73,78
Troy Reeder,Troy Reeder,intelligence,70,71
Troy Reeder,Troy Reeder,tackle,76,78
Troy Reeder,Troy Reeder,manCover,84,79
Troy Reeder,Troy Reeder,zoneCover,82,77
Troy Reeder,Troy Reeder,catching,0,5
Troy Reeder,Troy Reeder,routeRun,0,5
Nick Leverett,Nick Leverett,teamID,Free Agent,DAL
Nick Leverett,Nick Leverett,position,OG,C
Nick Leverett,Nick Leverett,rating,60,67
Nick Leverett,Nick Leverett,speed,82,77
Nick Leverett,Nick Leverett,power,72,77
Nick Leverett,Nick Leverett,agility,77,72
Nick Leverett,Nick Leverett,burst,75,70
Nick Leverett,Nick Leverett,intelligence,66,71
Nick Leverett,Nick Leverett,tackle,0,5
Nick Leverett,Nick Leverett,manCover,0,5
Nick Leverett,Nick Leverett,zoneCover,0,5
Nick Leverett,Nick Leverett,catching,0,5
Nick Leverett,Nick Leverett,routeRun,0,5
Willie Lampkin,Willie Lampkin IV,teamID,Free Agent,PHI
Willie Lampkin,Willie Lampkin IV,position,C,OG
Willie Lampkin,Willie Lampkin IV,rating,53,63
Willie Lampkin,Willie Lampkin IV,speed,70,65
Willie Lampkin,Willie Lampkin IV,power,75,80
Willie Lampkin,Willie Lampkin IV,agility,78,73
Willie Lampkin,Willie Lampkin IV,burst,67,72
Willie Lampkin,Willie Lampkin IV,intelligence,79,74
Willie Lampkin,Willie Lampkin IV,tackle,0,5
Willie Lampkin,Willie Lampkin IV,manCover,0,5
Willie Lampkin,Willie Lampkin IV,zoneCover,0,5
Willie Lampkin,Willie Lampkin IV,catching,0,5
Willie Lampkin,Willie Lampkin IV,routeRun,0,5
Jordan Meredith,Jordan Meredith,teamID,Free Agent,NYJ
Jordan Meredith,Jordan Meredith,position,C,OG
Jordan Meredith,Jordan Meredith,rating,62,73
Jordan Meredith,Jordan Meredith,speed,85,80
Jordan Meredith,Jordan Meredith,power,69,74
Jordan Meredith,Jordan Meredith,agility,87,82
Jordan Meredith,Jordan Meredith,burst,83,78
Jordan Meredith,Jordan Meredith,intelligence,65,70
Jordan Meredith,Jordan Meredith,tackle,0,5
Jordan Meredith,Jordan Meredith,manCover,0,5
Jordan Meredith,Jordan Meredith,zoneCover,0,5
Jordan Meredith,Jordan Meredith,catching,0,5
Jordan Meredith,Jordan Meredith,routeRun,0,5
Baron Browning,Baron Browning,teamID,Free Agent,ARI
Baron Browning,Baron Browning,position,OLB,DE
Baron Browning,Baron Browning,rating,62,73
Baron Browning,Baron Browning,speed,70,75
Baron Browning,Baron Browning,power,77,75
Baron Browning,Baron Browning,agility,82,84
Baron Browning,Baron Browning,burst,70,75
Baron Browning,Baron Browning,intelligence,66,71
Baron Browning,Baron Browning,tackle,85,80
Baron Browning,Baron Browning,manCover,0,5
Baron Browning,Baron Browning,zoneCover,0,5
Baron Browning,Baron Browning,catching,0,5
Baron Browning,Baron Browning,routeRun,0,5
Kyle Louis,Kyle Louis,teamID,Rookie,MIA
Kyle Louis,Kyle Louis,position,OLB,S
Kyle Louis,Kyle Louis,rating,79,71
Kyle Louis,Kyle Louis,speed,65,70
Kyle Louis,Kyle Louis,power,85,80
Kyle Louis,Kyle Louis,agility,58,63
Kyle Louis,Kyle Louis,burst,75,80
Kyle Louis,Kyle Louis,intelligence,91,86
Kyle Louis,Kyle Louis,tackle,88,83
Kyle Louis,Kyle Louis,manCover,0,5
Kyle Louis,Kyle Louis,zoneCover,0,5
Kyle Louis,Kyle Louis,catching,0,5
Kyle Louis,Kyle Louis,routeRun,0,5
Del'Shawn Phillips,Del'Shawn Phillips,teamID,Free Agent,LAC
Del'Shawn Phillips,Del'Shawn Phillips,position,MLB,OLB
Del'Shawn Phillips,Del'Shawn Phillips,rating,59,67
Del'Shawn Phillips,Del'Shawn Phillips,speed,76,81
Del'Shawn Phillips,Del'Shawn Phillips,power,70,72
Del'Shawn Phillips,Del'Shawn Phillips,agility,77,75
Del'Shawn Phillips,Del'Shawn Phillips,burst,63,68
Del'Shawn Phillips,Del'Shawn Phillips,intelligence,81,76
Del'Shawn Phillips,Del'Shawn Phillips,tackle,78,77
Del'Shawn Phillips,Del'Shawn Phillips,manCover,68,63
Del'Shawn Phillips,Del'Shawn Phillips,zoneCover,72,67
Del'Shawn Phillips,Del'Shawn Phillips,catching,0,5
Del'Shawn Phillips,Del'Shawn Phillips,routeRun,0,5
Bud Dupree,Bud Dupree,teamID,Free Agent,LAC
Bud Dupree,Bud Dupree,position,OLB,DE
Bud Dupree,Bud Dupree,rating,60,72
Bud Dupree,Bud Dupree,speed,71,76
Bud Dupree,Bud Dupree,power,71,76
Bud Dupree,Bud Dupree,intelligence,86,81
Bud Dupree,Bud Dupree,tackle,78,79
Bud Dupree,Bud Dupree,manCover,0,5
Bud Dupree,Bud Dupree,zoneCover,0,5
Bud Dupree,Bud Dupree,catching,0,5
Bud Dupree,Bud Dupree,routeRun,0,5
Patrick Johnson,Patrick Johnson,teamID,Free Agent,LV
Patrick Johnson,Patrick Johnson,position,OLB,DE
Patrick Johnson,Patrick Johnson,rating,54,66
Patrick Johnson,Patrick Johnson,speed,69,74
Patrick Johnson,Patrick Johnson,power,70,75
Patrick Johnson,Patrick Johnson,agility,76,81
Patrick Johnson,Patrick Johnson,burst,77,82
Patrick Johnson,Patrick Johnson,intelligence,72,68
Patrick Johnson,Patrick Johnson,tackle,69,74
Patrick Johnson,Patrick Johnson,manCover,0,5
Patrick Johnson,Patrick Johnson,zoneCover,0,5
Patrick Johnson,Patrick Johnson,catching,0,5
Patrick Johnson,Patrick Johnson,routeRun,0,5
Easton Mascarenas-Arnold,Easton Mascarenas-Arnold,teamID,Free Agent,CLE
Easton Mascarenas-Arnold,Easton Mascarenas-Arnold,position,MLB,OLB
Easton Mascarenas-Arnold,Easton Mascarenas-Arnold,rating,73,64
Easton Mascarenas-Arnold,Easton Mascarenas-Arnold,speed,77,82
Easton Mascarenas-Arnold,Easton Mascarenas-Arnold,power,72,73
Easton Mascarenas-Arnold,Easton Mascarenas-Arnold,agility,93,88
Easton Mascarenas-Arnold,Easton Mascarenas-Arnold,burst,83,88
Easton Mascarenas-Arnold,Easton Mascarenas-Arnold,intelligence,83,78
Easton Mascarenas-Arnold,Easton Mascarenas-Arnold,tackle,73,78
Easton Mascarenas-Arnold,Easton Mascarenas-Arnold,manCover,90,85
Easton Mascarenas-Arnold,Easton Mascarenas-Arnold,zoneCover,95,90
Easton Mascarenas-Arnold,Easton Mascarenas-Arnold,catching,0,5
Easton Mascarenas-Arnold,Easton Mascarenas-Arnold,routeRun,0,5
Logan Jones,Logan Jones,teamID,Rookie,CHI
Logan Jones,Logan Jones,position,OG,C
Logan Jones,Logan Jones,rating,76,72
Logan Jones,Logan Jones,speed,45,50
Logan Jones,Logan Jones,power,81,83
Logan Jones,Logan Jones,agility,63,68
Logan Jones,Logan Jones,burst,52,57
Logan Jones,Logan Jones,intelligence,89,84
Logan Jones,Logan Jones,tackle,0,5
Logan Jones,Logan Jones,manCover,0,5
Logan Jones,Logan Jones,zoneCover,0,5
Logan Jones,Logan Jones,catching,0,5
Logan Jones,Logan Jones,routeRun,0,5
Kendrick Green,Kendrick Green,teamID,Free Agent,CLE
Kendrick Green,Kendrick Green,position,C,OG
Kendrick Green,Kendrick Green,rating,56,69
Kendrick Green,Kendrick Green,speed,77,75
Kendrick Green,Kendrick Green,power,72,77
Kendrick Green,Kendrick Green,agility,67,62
Kendrick Green,Kendrick Green,burst,76,79
Kendrick Green,Kendrick Green,intelligence,69,74
Kendrick Green,Kendrick Green,tackle,0,5
Kendrick Green,Kendrick Green,manCover,0,5
Kendrick Green,Kendrick Green,zoneCover,0,5
Kendrick Green,Kendrick Green,catching,0,5
Kendrick Green,Kendrick Green,routeRun,0,5
Sebastian Joseph-Day,Sebastian Joseph-Day,teamID,Free Agent,PIT
Sebastian Joseph-Day,Sebastian Joseph-Day,position,DE,DT
Sebastian Joseph-Day,Sebastian Joseph-Day,rating,64,78
Sebastian Joseph-Day,Sebastian Joseph-Day,speed,77,73
Sebastian Joseph-Day,Sebastian Joseph-Day,power,78,83
Sebastian Joseph-Day,Sebastian Joseph-Day,agility,85,80
Sebastian Joseph-Day,Sebastian Joseph-Day,intelligence,76,77
Sebastian Joseph-Day,Sebastian Joseph-Day,manCover,0,5
Sebastian Joseph-Day,Sebastian Joseph-Day,zoneCover,0,5
Sebastian Joseph-Day,Sebastian Joseph-Day,catching,0,5
Sebastian Joseph-Day,Sebastian Joseph-Day,routeRun,0,5
Brady Christensen,Brady Christensen,teamID,Free Agent,CAR
Brady Christensen,Brady Christensen,position,OT,OG
Brady Christensen,Brady Christensen,rating,65,76
Brady Christensen,Brady Christensen,speed,78,73
Brady Christensen,Brady Christensen,power,65,70
Brady Christensen,Brady Christensen,agility,91,86
Brady Christensen,Brady Christensen,burst,78,77
Brady Christensen,Brady Christensen,intelligence,79,75
Brady Christensen,Brady Christensen,tackle,0,5
Brady Christensen,Brady Christensen,manCover,0,5
Brady Christensen,Brady Christensen,zoneCover,0,5
Brady Christensen,Brady Christensen,catching,0,5
Brady Christensen,Brady Christensen,routeRun,0,5
Christian Harris,Christian Harris,teamID,Free Agent,ATL
Christian Harris,Christian Harris,position,OLB,MLB
Christian Harris,Christian Harris,rating,57,71
Christian Harris,Christian Harris,speed,70,75
Christian Harris,Christian Harris,power,76,71
Christian Harris,Christian Harris,agility,81,84
Christian Harris,Christian Harris,burst,74,79
Christian Harris,Christian Harris,intelligence,75,72
Christian Harris,Christian Harris,tackle,69,74
Christian Harris,Christian Harris,manCover,0,5
Christian Harris,Christian Harris,zoneCover,0,5
Christian Harris,Christian Harris,catching,0,5
Christian Harris,Christian Harris,routeRun,0,5
Jordon Riley,Jordon Riley,teamID,Free Agent,GB
Jordon Riley,Jordon Riley,position,DE,DT
Jordon Riley,Jordon Riley,rating,54,68
Jordon Riley,Jordon Riley,speed,71,66
Jordon Riley,Jordon Riley,power,71,76
Jordon Riley,Jordon Riley,agility,75,70
Jordon Riley,Jordon Riley,burst,80,75
Jordon Riley,Jordon Riley,intelligence,81,76
Jordon Riley,Jordon Riley,tackle,89,84
Jordon Riley,Jordon Riley,manCover,0,5
Jordon Riley,Jordon Riley,zoneCover,0,5
Jordon Riley,Jordon Riley,catching,0,5
Jordon Riley,Jordon Riley,routeRun,0,5
Patrick Jones II,Patrick Jones II,teamID,Free Agent,CAR
Patrick Jones II,Patrick Jones II,position,OLB,DE
Patrick Jones II,Patrick Jones II,rating,60,72
Patrick Jones II,Patrick Jones II,speed,89,84
Patrick Jones II,Patrick Jones II,power,80,78
Patrick Jones II,Patrick Jones II,agility,68,71
Patrick Jones II,Patrick Jones II,burst,75,80
Patrick Jones II,Patrick Jones II,intelligence,75,78
Patrick Jones II,Patrick Jones II,tackle,77,79
Patrick Jones II,Patrick Jones II,manCover,0,5
Patrick Jones II,Patrick Jones II,zoneCover,0,5
Patrick Jones II,Patrick Jones II,catching,0,5
Patrick Jones II,Patrick Jones II,routeRun,0,5
Gennings Dunker,Gennings Dunker,teamID,Rookie,PIT
Gennings Dunker,Gennings Dunker,position,OT,OG
Gennings Dunker,Gennings Dunker,rating,81,72
Gennings Dunker,Gennings Dunker,speed,41,46
Gennings Dunker,Gennings Dunker,power,92,89
Gennings Dunker,Gennings Dunker,agility,59,64
Gennings Dunker,Gennings Dunker,burst,40,45
Gennings Dunker,Gennings Dunker,intelligence,64,69
Gennings Dunker,Gennings Dunker,tackle,0,5
Gennings Dunker,Gennings Dunker,manCover,0,5
Gennings Dunker,Gennings Dunker,zoneCover,0,5
Gennings Dunker,Gennings Dunker,catching,0,5
Gennings Dunker,Gennings Dunker,routeRun,0,5
Francis Mauigoa,Francis Mauigoa,teamID,Rookie,NYG
Francis Mauigoa,Francis Mauigoa,position,OT,OG
Francis Mauigoa,Francis Mauigoa,rating,89,79
Francis Mauigoa,Francis Mauigoa,speed,72,68
Francis Mauigoa,Francis Mauigoa,power,82,87
Francis Mauigoa,Francis Mauigoa,agility,80,75
Francis Mauigoa,Francis Mauigoa,burst,80,75
Francis Mauigoa,Francis Mauigoa,intelligence,91,86
Francis Mauigoa,Francis Mauigoa,tackle,0,5
Francis Mauigoa,Francis Mauigoa,manCover,0,5
Francis Mauigoa,Francis Mauigoa,zoneCover,0,5
Francis Mauigoa,Francis Mauigoa,catching,0,5
Francis Mauigoa,Francis Mauigoa,routeRun,0,5
Treydan Stukes,Treydan Stukes,teamID,Rookie,LV
Treydan Stukes,Treydan Stukes,position,CB,S
Treydan Stukes,Treydan Stukes,rating,81,76
Treydan Stukes,Treydan Stukes,speed,74,79
Treydan Stukes,Treydan Stukes,power,72,67
Treydan Stukes,Treydan Stukes,agility,50,55
Treydan Stukes,Treydan Stukes,burst,88,93
Treydan Stukes,Treydan Stukes,intelligence,64,69
Treydan Stukes,Treydan Stukes,tackle,77,72
Treydan Stukes,Treydan Stukes,manCover,74,70
Treydan Stukes,Treydan Stukes,zoneCover,92,87
Treydan Stukes,Treydan Stukes,catching,0,5
Treydan Stukes,Treydan Stukes,routeRun,0,5
Jonathan Allen,Jonathan Allen,teamID,Free Agent,CIN
Jonathan Allen,Jonathan Allen,position,DE,DT
Jonathan Allen,Jonathan Allen,rating,70,88
Jonathan Allen,Jonathan Allen,speed,81,76
Jonathan Allen,Jonathan Allen,power,75,80
Jonathan Allen,Jonathan Allen,agility,77,72
Jonathan Allen,Jonathan Allen,burst,79,75
Jonathan Allen,Jonathan Allen,intelligence,88,89
Jonathan Allen,Jonathan Allen,tackle,77,82
Jonathan Allen,Jonathan Allen,manCover,0,5
Jonathan Allen,Jonathan Allen,zoneCover,0,5
Jonathan Allen,Jonathan Allen,catching,0,5
Jonathan Allen,Jonathan Allen,routeRun,0,5
Connor Lew,Connor Lew,teamID,Rookie,CIN
Connor Lew,Connor Lew,position,OG,C
Connor Lew,Connor Lew,rating,89,69
Connor Lew,Connor Lew,speed,75,70
Connor Lew,Connor Lew,power,83,87
Connor Lew,Connor Lew,agility,70,65
Connor Lew,Connor Lew,burst,72,75
Connor Lew,Connor Lew,intelligence,60,65
Connor Lew,Connor Lew,tackle,0,5
Connor Lew,Connor Lew,manCover,0,5
Connor Lew,Connor Lew,zoneCover,0,5
Connor Lew,Connor Lew,catching,0,5
Connor Lew,Connor Lew,routeRun,0,5
Sam Hecht,Sam Hecht,teamID,Rookie,CAR
Sam Hecht,Sam Hecht,position,OG,C
Sam Hecht,Sam Hecht,rating,86,68
Sam Hecht,Sam Hecht,speed,71,69
Sam Hecht,Sam Hecht,power,83,81
Sam Hecht,Sam Hecht,agility,77,72
Sam Hecht,Sam Hecht,burst,72,77
Sam Hecht,Sam Hecht,intelligence,60,65
Sam Hecht,Sam Hecht,tackle,0,5
Sam Hecht,Sam Hecht,manCover,0,5
Sam Hecht,Sam Hecht,zoneCover,0,5
Sam Hecht,Sam Hecht,catching,0,5
Sam Hecht,Sam Hecht,routeRun,0,5
